-- phpMyAdmin SQL Dump
-- version 4.0.10.6
-- http://www.phpmyadmin.net
--
-- Хост: 127.0.0.1:3306
-- Время создания: Авг 14 2015 г., 16:43
-- Версия сервера: 5.5.41-log
-- Версия PHP: 5.3.29

SET SQL_MODE = "NO_AUTO_VALUE_ON_ZERO";
SET time_zone = "+00:00";


/*!40101 SET @OLD_CHARACTER_SET_CLIENT=@@CHARACTER_SET_CLIENT */;
/*!40101 SET @OLD_CHARACTER_SET_RESULTS=@@CHARACTER_SET_RESULTS */;
/*!40101 SET @OLD_COLLATION_CONNECTION=@@COLLATION_CONNECTION */;
/*!40101 SET NAMES utf8 */;

--
-- База данных: `osclass`
--

-- --------------------------------------------------------

--
-- Структура таблицы `oc_t_admin`
--

CREATE TABLE IF NOT EXISTS `oc_t_admin` (
  `pk_i_id` int(10) unsigned NOT NULL AUTO_INCREMENT,
  `s_name` varchar(100) NOT NULL,
  `s_username` varchar(40) NOT NULL,
  `s_password` char(60) NOT NULL,
  `s_email` varchar(100) DEFAULT NULL,
  `s_secret` varchar(40) DEFAULT NULL,
  `b_moderator` tinyint(1) NOT NULL DEFAULT '0',
  PRIMARY KEY (`pk_i_id`),
  UNIQUE KEY `s_username` (`s_username`),
  UNIQUE KEY `s_email` (`s_email`)
) ENGINE=InnoDB  DEFAULT CHARSET=utf8 AUTO_INCREMENT=2 ;

--
-- Дамп данных таблицы `oc_t_admin`
--

INSERT INTO `oc_t_admin` (`pk_i_id`, `s_name`, `s_username`, `s_password`, `s_email`, `s_secret`, `b_moderator`) VALUES
(1, 'Administrator', 'admin', '$2y$15$y2OEJg6EQuEyog1iF39Jxuj5lQpoE5EldPK5K3bhAy38YmCdC4Siq', 'bomvendador@yandex.ru', NULL, 0);

-- --------------------------------------------------------

--
-- Структура таблицы `oc_t_alerts`
--

CREATE TABLE IF NOT EXISTS `oc_t_alerts` (
  `pk_i_id` int(10) unsigned NOT NULL AUTO_INCREMENT,
  `s_email` varchar(100) DEFAULT NULL,
  `fk_i_user_id` int(10) unsigned DEFAULT NULL,
  `s_search` longtext,
  `s_secret` varchar(40) DEFAULT NULL,
  `b_active` tinyint(1) NOT NULL DEFAULT '0',
  `e_type` enum('INSTANT','HOURLY','DAILY','WEEKLY','CUSTOM') NOT NULL,
  `dt_date` datetime DEFAULT NULL,
  `dt_unsub_date` datetime DEFAULT NULL,
  PRIMARY KEY (`pk_i_id`)
) ENGINE=InnoDB DEFAULT CHARSET=utf8 AUTO_INCREMENT=1 ;

-- --------------------------------------------------------

--
-- Структура таблицы `oc_t_alerts_sent`
--

CREATE TABLE IF NOT EXISTS `oc_t_alerts_sent` (
  `d_date` date NOT NULL,
  `i_num_alerts_sent` int(10) unsigned NOT NULL DEFAULT '0',
  PRIMARY KEY (`d_date`)
) ENGINE=InnoDB DEFAULT CHARSET=utf8;

-- --------------------------------------------------------

--
-- Структура таблицы `oc_t_ban_rule`
--

CREATE TABLE IF NOT EXISTS `oc_t_ban_rule` (
  `pk_i_id` int(10) unsigned NOT NULL AUTO_INCREMENT,
  `s_name` varchar(250) NOT NULL DEFAULT '',
  `s_ip` varchar(50) NOT NULL DEFAULT '',
  `s_email` varchar(250) NOT NULL DEFAULT '',
  PRIMARY KEY (`pk_i_id`)
) ENGINE=InnoDB DEFAULT CHARSET=utf8 AUTO_INCREMENT=1 ;

-- --------------------------------------------------------

--
-- Структура таблицы `oc_t_category`
--

CREATE TABLE IF NOT EXISTS `oc_t_category` (
  `pk_i_id` int(10) unsigned NOT NULL AUTO_INCREMENT,
  `fk_i_parent_id` int(10) unsigned DEFAULT NULL,
  `i_expiration_days` int(3) unsigned NOT NULL DEFAULT '0',
  `i_position` int(2) unsigned NOT NULL DEFAULT '0',
  `b_enabled` tinyint(1) NOT NULL DEFAULT '1',
  `b_price_enabled` tinyint(1) NOT NULL DEFAULT '1',
  `s_icon` varchar(250) DEFAULT NULL,
  PRIMARY KEY (`pk_i_id`),
  KEY `fk_i_parent_id` (`fk_i_parent_id`),
  KEY `i_position` (`i_position`)
) ENGINE=InnoDB  DEFAULT CHARSET=utf8 AUTO_INCREMENT=96 ;

--
-- Дамп данных таблицы `oc_t_category`
--

INSERT INTO `oc_t_category` (`pk_i_id`, `fk_i_parent_id`, `i_expiration_days`, `i_position`, `b_enabled`, `b_price_enabled`, `s_icon`) VALUES
(1, NULL, 0, 1, 1, 1, NULL),
(2, NULL, 0, 2, 1, 1, NULL),
(3, NULL, 0, 3, 1, 1, NULL),
(4, NULL, 0, 4, 1, 1, NULL),
(5, NULL, 0, 5, 1, 1, NULL),
(6, NULL, 0, 6, 1, 1, NULL),
(7, NULL, 0, 7, 1, 1, NULL),
(8, NULL, 0, 8, 1, 1, NULL),
(9, 1, 0, 1, 1, 1, NULL),
(10, 1, 0, 2, 1, 1, NULL),
(11, 1, 0, 3, 1, 1, NULL),
(12, 1, 0, 4, 1, 1, NULL),
(13, 1, 0, 5, 1, 1, NULL),
(14, 1, 0, 6, 1, 1, NULL),
(15, 1, 0, 7, 1, 1, NULL),
(16, 1, 0, 8, 1, 1, NULL),
(17, 1, 0, 9, 1, 1, NULL),
(18, 1, 0, 10, 1, 1, NULL),
(19, 1, 0, 11, 1, 1, NULL),
(20, 1, 0, 12, 1, 1, NULL),
(21, 1, 0, 13, 1, 1, NULL),
(22, 1, 0, 14, 1, 1, NULL),
(23, 1, 0, 15, 1, 1, NULL),
(24, 1, 0, 16, 1, 1, NULL),
(25, 1, 0, 17, 1, 1, NULL),
(26, 1, 0, 18, 1, 1, NULL),
(27, 1, 0, 19, 1, 1, NULL),
(28, 1, 0, 20, 1, 1, NULL),
(29, 1, 0, 21, 1, 1, NULL),
(30, 1, 0, 22, 1, 1, NULL),
(31, 2, 0, 1, 1, 1, NULL),
(32, 2, 0, 2, 1, 1, NULL),
(33, 2, 0, 3, 1, 1, NULL),
(34, 2, 0, 4, 1, 1, NULL),
(35, 2, 0, 5, 1, 1, NULL),
(36, 2, 0, 6, 1, 1, NULL),
(37, 2, 0, 7, 1, 1, NULL),
(38, 3, 0, 1, 1, 1, NULL),
(39, 3, 0, 2, 1, 1, NULL),
(40, 3, 0, 3, 1, 1, NULL),
(41, 3, 0, 4, 1, 1, NULL),
(42, 3, 0, 5, 1, 1, NULL),
(43, 4, 0, 1, 1, 1, NULL),
(44, 4, 0, 2, 1, 1, NULL),
(45, 4, 0, 3, 1, 1, NULL),
(46, 4, 0, 4, 1, 1, NULL),
(47, 4, 0, 5, 1, 1, NULL),
(48, 4, 0, 6, 1, 1, NULL),
(49, 4, 0, 7, 1, 1, NULL),
(50, 4, 0, 8, 1, 1, NULL),
(51, 4, 0, 9, 1, 1, NULL),
(52, 5, 0, 1, 1, 1, NULL),
(53, 5, 0, 2, 1, 1, NULL),
(54, 5, 0, 3, 1, 1, NULL),
(55, 5, 0, 4, 1, 1, NULL),
(56, 5, 0, 5, 1, 1, NULL),
(57, 5, 0, 6, 1, 1, NULL),
(58, 5, 0, 7, 1, 1, NULL),
(59, 5, 0, 8, 1, 1, NULL),
(60, 5, 0, 9, 1, 1, NULL),
(61, 5, 0, 10, 1, 1, NULL),
(62, 5, 0, 11, 1, 1, NULL),
(63, 6, 0, 1, 1, 1, NULL),
(64, 6, 0, 2, 1, 1, NULL),
(65, 6, 0, 3, 1, 1, NULL),
(66, 6, 0, 4, 1, 1, NULL),
(67, 6, 0, 5, 1, 1, NULL),
(68, 6, 0, 6, 1, 1, NULL),
(69, 7, 0, 1, 1, 1, NULL),
(70, 7, 0, 2, 1, 1, NULL),
(71, 7, 0, 3, 1, 1, NULL),
(72, 7, 0, 4, 1, 1, NULL),
(73, 7, 0, 5, 1, 1, NULL),
(74, 7, 0, 6, 1, 1, NULL),
(75, 8, 0, 1, 1, 1, NULL),
(76, 8, 0, 2, 1, 1, NULL),
(77, 8, 0, 3, 1, 1, NULL),
(78, 8, 0, 4, 1, 1, NULL),
(79, 8, 0, 5, 1, 1, NULL),
(80, 8, 0, 6, 1, 1, NULL),
(81, 8, 0, 7, 1, 1, NULL),
(82, 8, 0, 8, 1, 1, NULL),
(83, 8, 0, 9, 1, 1, NULL),
(84, 8, 0, 10, 1, 1, NULL),
(85, 8, 0, 11, 1, 1, NULL),
(86, 8, 0, 12, 1, 1, NULL),
(87, 8, 0, 13, 1, 1, NULL),
(88, 8, 0, 14, 1, 1, NULL),
(89, 8, 0, 15, 1, 1, NULL),
(90, 8, 0, 16, 1, 1, NULL),
(91, 8, 0, 17, 1, 1, NULL),
(92, 8, 0, 18, 1, 1, NULL),
(93, 8, 0, 19, 1, 1, NULL),
(94, 8, 0, 20, 1, 1, NULL),
(95, 8, 0, 21, 1, 1, NULL);

-- --------------------------------------------------------

--
-- Структура таблицы `oc_t_category_description`
--

CREATE TABLE IF NOT EXISTS `oc_t_category_description` (
  `fk_i_category_id` int(10) unsigned NOT NULL,
  `fk_c_locale_code` char(5) NOT NULL,
  `s_name` varchar(100) DEFAULT NULL,
  `s_description` text,
  `s_slug` varchar(100) NOT NULL,
  PRIMARY KEY (`fk_i_category_id`,`fk_c_locale_code`),
  KEY `idx_s_slug` (`s_slug`),
  KEY `fk_c_locale_code` (`fk_c_locale_code`)
) ENGINE=InnoDB DEFAULT CHARSET=utf8;

--
-- Дамп данных таблицы `oc_t_category_description`
--

INSERT INTO `oc_t_category_description` (`fk_i_category_id`, `fk_c_locale_code`, `s_name`, `s_description`, `s_slug`) VALUES
(1, 'ru_RU', 'Продаю', NULL, 'prodayu'),
(2, 'ru_RU', 'Транспорт', NULL, 'transport'),
(3, 'ru_RU', 'Занятия', NULL, 'zanyatiya'),
(4, 'ru_RU', 'Недвижимость', NULL, 'nedvijimost'),
(5, 'ru_RU', 'Услуги', NULL, 'uslugi'),
(6, 'ru_RU', 'Сообщества', NULL, 'soobschestva'),
(7, 'ru_RU', 'Знакомства', NULL, 'znakomstva'),
(8, 'ru_RU', 'Работа', NULL, 'rabota'),
(9, 'ru_RU', 'Животные', NULL, 'jivotnyie'),
(10, 'ru_RU', 'Искусство - Коллекционирование', NULL, 'iskusstvo___kollektsionirovanie'),
(11, 'ru_RU', 'Обмен', NULL, 'obmen'),
(12, 'ru_RU', 'Книги - Журналы', NULL, 'knigi___jurnalyi'),
(13, 'ru_RU', 'Видео камеры - Аксессуары', NULL, 'video_kameryi___aksessuaryi'),
(14, 'ru_RU', 'CD диски - Запись', NULL, 'cd_diski___zapis'),
(15, 'ru_RU', 'Мобильные телефону - Аксессуары', NULL, 'mobilnyie_telefonu___aksessuaryi'),
(16, 'ru_RU', 'Одежда', NULL, 'odejda'),
(17, 'ru_RU', 'Компьютеры и комплектующие', NULL, 'kompyuteryi_i_komplektuyuschie'),
(18, 'ru_RU', 'DVD', NULL, 'dvd'),
(19, 'ru_RU', 'Электроника', NULL, 'elektronika'),
(20, 'ru_RU', 'Детские товары', NULL, 'detskie_tovaryi'),
(21, 'ru_RU', 'Гаражная распродажа', NULL, 'garajnaya_rasprodaja'),
(22, 'ru_RU', 'Здоровье и красота', NULL, 'zdorove_i_krasota'),
(23, 'ru_RU', 'Дом - Сад - Огород', NULL, 'dom___sad___ogorod'),
(24, 'ru_RU', 'Ювелирные изделия - Часы', NULL, 'yuvelirnyie_izdeliya___chasyi'),
(25, 'ru_RU', 'Музыкальные инструменты', NULL, 'muzyikalnyie_instrumentyi'),
(26, 'ru_RU', 'Товары для спорта - велосипеды', NULL, 'tovaryi_dlya_sporta___velosipedyi'),
(27, 'ru_RU', 'Билеты', NULL, 'biletyi'),
(28, 'ru_RU', 'Игрушки - Игры - Хобби', NULL, 'igrushki___igryi___hobbi'),
(29, 'ru_RU', 'Видеоигры - Консоли', NULL, 'videoigryi___konsoli'),
(30, 'ru_RU', 'Все остальное', NULL, 'vse_ostalnoe'),
(31, 'ru_RU', 'Легковые автомобили', NULL, 'legkovyie_avtomobili'),
(32, 'ru_RU', 'Автозапчасти', NULL, 'avtozapchasti'),
(33, 'ru_RU', 'Мотоциклы', NULL, 'mototsiklyi'),
(34, 'ru_RU', 'Лодки - Яхты', NULL, 'lodki___yahtyi'),
(35, 'ru_RU', 'Фургоны - Дома на колесах - Трейлеры', NULL, 'furgonyi___doma_na_kolesah___treyleryi'),
(36, 'ru_RU', 'Грузовые автомобили - коммерческие автомобили', NULL, 'gruzovyie_avtomobili___kommercheskie_avtomobili'),
(37, 'ru_RU', 'Другие транспортные средства', NULL, 'drugie_transportnyie_sredstva'),
(38, 'ru_RU', 'Компьютерные занятия', NULL, 'kompyuternyie_zanyatiya'),
(39, 'ru_RU', 'Изучение языков', NULL, 'izuchenie_yazyikov'),
(40, 'ru_RU', 'Музыка - Театр - Уроки танцев', NULL, 'muzyika___teatr___uroki_tantsev'),
(41, 'ru_RU', 'Репетиторы - Частные уроки', NULL, 'repetitoryi___chastnyie_uroki'),
(42, 'ru_RU', 'Другие курсы и тренинги', NULL, 'drugie_kursyi_i_treningi'),
(43, 'ru_RU', 'Дома - Продажа квартир', NULL, 'doma___prodaja_kvartir'),
(44, 'ru_RU', 'Дома - Аренда квартир, домов', NULL, 'doma___arenda_kvartir_domov'),
(45, 'ru_RU', 'Аренда комнат - общежитие', NULL, 'arenda_komnat___obschejitie'),
(46, 'ru_RU', 'Обмен недвижимости', NULL, 'obmen_nedvijimosti'),
(47, 'ru_RU', 'Аренда недвижимости на курортах', NULL, 'arenda_nedvijimosti_na_kurortah'),
(48, 'ru_RU', 'Гаражи, стоянки', NULL, 'garaji_stoyanki'),
(49, 'ru_RU', 'Земля', NULL, 'zemlya'),
(50, 'ru_RU', 'Офисы - Коммерческие помещения', NULL, 'ofisyi___kommercheskie_pomescheniya'),
(51, 'ru_RU', 'Аренда и продажа магазинов - Прочие', NULL, 'arenda_i_prodaja_magazinov___prochie'),
(52, 'ru_RU', 'Няни - Домоработницы', NULL, 'nyani___domorabotnitsyi'),
(53, 'ru_RU', 'Кастинг - Прослушивание', NULL, 'kasting___proslushivanie'),
(54, 'ru_RU', 'Компьютер', NULL, 'kompyuter'),
(55, 'ru_RU', 'Прочие услуги', NULL, 'prochie_uslugi'),
(56, 'ru_RU', 'Здоровье - Красота - Фитнес', NULL, 'zdorove___krasota___fitnes'),
(57, 'ru_RU', 'Гороскопы - Таро', NULL, 'goroskopyi___taro'),
(58, 'ru_RU', 'Хозяйство - Помощь по дому', NULL, 'hozyaystvo___pomosch_po_domu'),
(59, 'ru_RU', 'Перемещение - Хранение', NULL, 'peremeschenie___hranenie'),
(60, 'ru_RU', 'Ремонт', NULL, 'remont'),
(61, 'ru_RU', 'Запись - Редактирование - Перевод', NULL, 'zapis___redaktirovanie___perevod'),
(62, 'ru_RU', 'Прочие услуги', NULL, 'prochie_uslugi_1'),
(63, 'ru_RU', 'Ищу попутчика', NULL, 'ischu_poputchika'),
(64, 'ru_RU', 'Общественная деятельность', NULL, 'obschestvennaya_deyatelnost'),
(65, 'ru_RU', 'События', NULL, 'sobyitiya'),
(66, 'ru_RU', 'Музыканты - Художники - Группы', NULL, 'muzyikantyi___hudojniki___gruppyi'),
(67, 'ru_RU', 'Волонтеры', NULL, 'volonteryi'),
(68, 'ru_RU', 'Бюро находок', NULL, 'byuro_nahodok'),
(69, 'ru_RU', 'Она ищет его', NULL, 'ona_ischet_ego'),
(70, 'ru_RU', 'Он ищет ее', NULL, 'on_ischet_ee'),
(71, 'ru_RU', 'Он ищет его', NULL, 'on_ischet_ego'),
(72, 'ru_RU', 'Она ищет ее', NULL, 'ona_ischet_ee'),
(73, 'ru_RU', 'Дружба - Деятельность - Партнеры', NULL, 'drujba___deyatelnost___partneryi'),
(74, 'ru_RU', 'Потерянные связи', NULL, 'poteryannyie_svyazi'),
(75, 'ru_RU', 'Бухгалтерский учет - Финансы', NULL, 'buhgalterskiy_uchet___finansyi'),
(76, 'ru_RU', 'Реклама - Связи с общественностью', NULL, 'reklama___svyazi_s_obschestvennostyu'),
(77, 'ru_RU', 'Искусство - Развлечения - Издания', NULL, 'iskusstvo___razvlecheniya___izdaniya'),
(78, 'ru_RU', 'Канцелярия - Администрация', NULL, 'kantselyariya___administratsiya'),
(79, 'ru_RU', 'Сервисные службы', NULL, 'servisnyie_slujbyi'),
(80, 'ru_RU', 'Образование - Обучение', NULL, 'obrazovanie___obuchenie'),
(81, 'ru_RU', 'Инженерия - Архитектура', NULL, 'injeneriya___arhitektura'),
(82, 'ru_RU', 'Здоровье', NULL, 'zdorove'),
(83, 'ru_RU', 'Человеческие ресурсы', NULL, 'chelovecheskie_resursyi'),
(84, 'ru_RU', 'Итернет', NULL, 'iternet'),
(85, 'ru_RU', 'Право', NULL, 'pravo'),
(86, 'ru_RU', 'Физический труд', NULL, 'fizicheskiy_trud'),
(87, 'ru_RU', 'Производство - Фабрики', NULL, 'proizvodstvo___fabriki'),
(88, 'ru_RU', 'Маркетинг', NULL, 'marketing'),
(89, 'ru_RU', 'Некоммерческие организации - Волонтеры', NULL, 'nekommercheskie_organizatsii___volonteryi'),
(90, 'ru_RU', 'Недвижимость', NULL, 'nedvijimost_1'),
(91, 'ru_RU', 'Рестораны - Быстрое питание', NULL, 'restoranyi___byistroe_pitanie'),
(92, 'ru_RU', 'Розничная торговля', NULL, 'roznichnaya_torgovlya'),
(93, 'ru_RU', 'Продажа', NULL, 'prodaja'),
(94, 'ru_RU', 'Технологии', NULL, 'tehnologii'),
(95, 'ru_RU', 'Прочие сферы деятельности', NULL, 'prochie_sferyi_deyatelnosti');

-- --------------------------------------------------------

--
-- Структура таблицы `oc_t_category_stats`
--

CREATE TABLE IF NOT EXISTS `oc_t_category_stats` (
  `fk_i_category_id` int(10) unsigned NOT NULL,
  `i_num_items` int(10) unsigned NOT NULL DEFAULT '0',
  PRIMARY KEY (`fk_i_category_id`)
) ENGINE=InnoDB DEFAULT CHARSET=utf8;

--
-- Дамп данных таблицы `oc_t_category_stats`
--

INSERT INTO `oc_t_category_stats` (`fk_i_category_id`, `i_num_items`) VALUES
(1, 2),
(2, 0),
(3, 0),
(4, 0),
(5, 0),
(6, 0),
(7, 0),
(8, 0),
(9, 1),
(10, 0),
(11, 0),
(12, 0),
(13, 0),
(14, 2),
(15, 0),
(16, 1),
(17, 0),
(18, 0),
(19, 0),
(20, 0),
(21, 0),
(22, 0),
(23, 0),
(24, 0),
(25, 0),
(26, 0),
(27, 0),
(28, 0),
(29, 0),
(30, 0),
(31, 0),
(32, 0),
(33, 0),
(34, 0),
(35, 0),
(36, 0),
(37, 0),
(38, 0),
(39, 0),
(40, 0),
(41, 0),
(42, 0),
(43, 0),
(44, 0),
(45, 0),
(46, 0),
(47, 0),
(48, 0),
(49, 0),
(50, 0),
(51, 0),
(52, 0),
(53, 0),
(54, 0),
(55, 0),
(56, 0),
(57, 0),
(58, 0),
(59, 0),
(60, 0),
(61, 0),
(62, 0),
(63, 0),
(64, 0),
(65, 0),
(66, 0),
(67, 0),
(68, 0),
(69, 0),
(70, 0),
(71, 0),
(72, 0),
(73, 0),
(74, 0),
(75, 0),
(76, 0),
(77, 0),
(78, 0),
(79, 0),
(80, 0),
(81, 0),
(82, 0),
(83, 0),
(84, 0),
(85, 0),
(86, 0),
(87, 0),
(88, 0),
(89, 0),
(90, 0),
(91, 0),
(92, 0),
(93, 0),
(94, 0),
(95, 0);

-- --------------------------------------------------------

--
-- Структура таблицы `oc_t_city`
--

CREATE TABLE IF NOT EXISTS `oc_t_city` (
  `pk_i_id` int(10) unsigned NOT NULL AUTO_INCREMENT,
  `fk_i_region_id` int(10) unsigned NOT NULL,
  `s_name` varchar(60) NOT NULL,
  `s_slug` varchar(60) NOT NULL DEFAULT '',
  `fk_c_country_code` char(2) DEFAULT NULL,
  `b_active` tinyint(1) NOT NULL DEFAULT '1',
  PRIMARY KEY (`pk_i_id`),
  KEY `fk_i_region_id` (`fk_i_region_id`),
  KEY `idx_s_name` (`s_name`),
  KEY `idx_s_slug` (`s_slug`),
  KEY `fk_c_country_code` (`fk_c_country_code`)
) ENGINE=InnoDB  DEFAULT CHARSET=utf8 AUTO_INCREMENT=409198 ;

--
-- Дамп данных таблицы `oc_t_city`
--

INSERT INTO `oc_t_city` (`pk_i_id`, `fk_i_region_id`, `s_name`, `s_slug`, `fk_c_country_code`, `b_active`) VALUES
(407400, 781839, 'Алханай', '%d0%90%d0%bb%d1%85%d0%b0%d0%bd%d0%b0%d0%b9', 'ru', 1),
(407401, 781839, 'Новоорловск', '%d0%9d%d0%be%d0%b2%d0%be%d0%be%d1%80%d0%bb%d0%be%d0%b2%d1%81', 'ru', 1),
(407402, 781839, 'Орловский', '%d0%9e%d1%80%d0%bb%d0%be%d0%b2%d1%81%d0%ba%d0%b8%d0%b9', 'ru', 1),
(407403, 781839, 'Токчин', '%d0%a2%d0%be%d0%ba%d1%87%d0%b8%d0%bd', 'ru', 1),
(407404, 781840, 'Баево', '%d0%91%d0%b0%d0%b5%d0%b2%d0%be', 'ru', 1),
(407405, 781840, 'Благовещенка', '%d0%91%d0%bb%d0%b0%d0%b3%d0%be%d0%b2%d0%b5%d1%89%d0%b5%d0%bd', 'ru', 1),
(407406, 781840, 'Быстрый Исток', '%d0%91%d1%8b%d1%81%d1%82%d1%80%d1%8b%d0%b9-%d0%98%d1%81%d1%8', 'ru', 1),
(407407, 781840, 'Верх-Суетка', '%d0%92%d0%b5%d1%80%d1%85-%d0%a1%d1%83%d0%b5%d1%82%d0%ba%d0%b', 'ru', 1),
(407408, 781840, 'Волчиха', '%d0%92%d0%be%d0%bb%d1%87%d0%b8%d1%85%d0%b0', 'ru', 1),
(407409, 781840, 'Восточный', '%d0%92%d0%be%d1%81%d1%82%d0%be%d1%87%d0%bd%d1%8b%d0%b9', 'ru', 1),
(407410, 781840, 'Гальбштадт', '%d0%93%d0%b0%d0%bb%d1%8c%d0%b1%d1%88%d1%82%d0%b0%d0%b4%d1%82', 'ru', 1),
(407411, 781840, 'Горняк', '%d0%93%d0%be%d1%80%d0%bd%d1%8f%d0%ba', 'ru', 1),
(407412, 781840, 'Ельцовка', '%d0%95%d0%bb%d1%8c%d1%86%d0%be%d0%b2%d0%ba%d0%b0', 'ru', 1),
(407413, 781840, 'Завьялово', '%d0%97%d0%b0%d0%b2%d1%8c%d1%8f%d0%bb%d0%be%d0%b2%d0%be', 'ru', 1),
(407414, 781840, 'Затон', '%d0%97%d0%b0%d1%82%d0%be%d0%bd', 'ru', 1),
(407415, 781840, 'Зональное', '%d0%97%d0%be%d0%bd%d0%b0%d0%bb%d1%8c%d0%bd%d0%be%d0%b5', 'ru', 1),
(407416, 781840, 'Кадниково', '%d0%9a%d0%b0%d0%b4%d0%bd%d0%b8%d0%ba%d0%be%d0%b2%d0%be', 'ru', 1),
(407417, 781840, 'Калманка', '%d0%9a%d0%b0%d0%bb%d0%bc%d0%b0%d0%bd%d0%ba%d0%b0', 'ru', 1),
(407418, 781840, 'Ключи', '%d0%9a%d0%bb%d1%8e%d1%87%d0%b8', 'ru', 1),
(407419, 781840, 'Косиха', '%d0%9a%d0%be%d1%81%d0%b8%d1%85%d0%b0', 'ru', 1),
(407420, 781840, 'Красногорское', '%d0%9a%d1%80%d0%b0%d1%81%d0%bd%d0%be%d0%b3%d0%be%d1%80%d1%81', 'ru', 1),
(407421, 781840, 'Курья', '%d0%9a%d1%83%d1%80%d1%8c%d1%8f', 'ru', 1),
(407422, 781840, 'Мамонтово', '%d0%9c%d0%b0%d0%bc%d0%be%d0%bd%d1%82%d0%be%d0%b2%d0%be', 'ru', 1),
(407423, 781840, 'Михайловское', '%d0%9c%d0%b8%d1%85%d0%b0%d0%b9%d0%bb%d0%be%d0%b2%d1%81%d0%ba', 'ru', 1),
(407424, 781840, 'Новоегорьевское', '%d0%9d%d0%be%d0%b2%d0%be%d0%b5%d0%b3%d0%be%d1%80%d1%8c%d0%b5', 'ru', 1),
(407425, 781840, 'Октябрьский', '%d0%9e%d0%ba%d1%82%d1%8f%d0%b1%d1%80%d1%8c%d1%81%d0%ba%d0%b8', 'ru', 1),
(407426, 781840, 'Павловск', '%d0%9f%d0%b0%d0%b2%d0%bb%d0%be%d0%b2%d1%81%d0%ba', 'ru', 1),
(407427, 781840, 'Первомайский', '%d0%9f%d0%b5%d1%80%d0%b2%d0%be%d0%bc%d0%b0%d0%b9%d1%81%d0%ba', 'ru', 1),
(407428, 781840, 'Петропавловское', '%d0%9f%d0%b5%d1%82%d1%80%d0%be%d0%bf%d0%b0%d0%b2%d0%bb%d0%be', 'ru', 1),
(407429, 781840, 'Подсосново', '%d0%9f%d0%be%d0%b4%d1%81%d0%be%d1%81%d0%bd%d0%be%d0%b2%d0%be', 'ru', 1),
(407430, 781840, 'Поспелиха', '%d0%9f%d0%be%d1%81%d0%bf%d0%b5%d0%bb%d0%b8%d1%85%d0%b0', 'ru', 1),
(407431, 781840, 'Прутской', '%d0%9f%d1%80%d1%83%d1%82%d1%81%d0%ba%d0%be%d0%b9', 'ru', 1),
(407432, 781840, 'Рассказиха', '%d0%a0%d0%b0%d1%81%d1%81%d0%ba%d0%b0%d0%b7%d0%b8%d1%85%d0%b0', 'ru', 1),
(407433, 781840, 'Ребриха', '%d0%a0%d0%b5%d0%b1%d1%80%d0%b8%d1%85%d0%b0', 'ru', 1),
(407434, 781840, 'Родино', '%d0%a0%d0%be%d0%b4%d0%b8%d0%bd%d0%be', 'ru', 1),
(407435, 781840, 'Романово', '%d0%a0%d0%be%d0%bc%d0%b0%d0%bd%d0%be%d0%b2%d0%be', 'ru', 1),
(407436, 781840, 'Советское', '%d0%a1%d0%be%d0%b2%d0%b5%d1%82%d1%81%d0%ba%d0%be%d0%b5', 'ru', 1),
(407437, 781840, 'Среднесибирский', '%d0%a1%d1%80%d0%b5%d0%b4%d0%bd%d0%b5%d1%81%d0%b8%d0%b1%d0%b8', 'ru', 1),
(407438, 781840, 'Степное Озеро', '%d0%a1%d1%82%d0%b5%d0%bf%d0%bd%d0%be%d0%b5-%d0%9e%d0%b7%d0%b', 'ru', 1),
(407439, 781840, 'Тальменка', '%d0%a2%d0%b0%d0%bb%d1%8c%d0%bc%d0%b5%d0%bd%d0%ba%d0%b0', 'ru', 1),
(407440, 781840, 'Троицкое', '%d0%a2%d1%80%d0%be%d0%b8%d1%86%d0%ba%d0%be%d0%b5', 'ru', 1),
(407441, 781840, 'Целинное', '%d0%a6%d0%b5%d0%bb%d0%b8%d0%bd%d0%bd%d0%be%d0%b5', 'ru', 1),
(407442, 781840, 'Черемное', '%d0%a7%d0%b5%d1%80%d0%b5%d0%bc%d0%bd%d0%be%d0%b5', 'ru', 1),
(407443, 781840, 'Шипуново', '%d0%a8%d0%b8%d0%bf%d1%83%d0%bd%d0%be%d0%b2%d0%be', 'ru', 1),
(407444, 781840, 'Южный', '%d0%ae%d0%b6%d0%bd%d1%8b%d0%b9', 'ru', 1),
(407445, 781840, 'Солтон', '%d0%a1%d0%be%d0%bb%d1%82%d0%be%d0%bd', 'ru', 1),
(407446, 781840, 'Зудилово', '%d0%97%d1%83%d0%b4%d0%b8%d0%bb%d0%be%d0%b2%d0%be', 'ru', 1),
(407447, 781840, 'Чарышское', '%d0%a7%d0%b0%d1%80%d1%8b%d1%88%d1%81%d0%ba%d0%be%d0%b5', 'ru', 1),
(407448, 781840, 'Табуны', '%d0%a2%d0%b0%d0%b1%d1%83%d0%bd%d1%8b', 'ru', 1),
(407449, 781840, 'Кытманово', '%d0%9a%d1%8b%d1%82%d0%bc%d0%b0%d0%bd%d0%be%d0%b2%d0%be', 'ru', 1),
(407450, 781840, 'Крутиха', '%d0%9a%d1%80%d1%83%d1%82%d0%b8%d1%85%d0%b0', 'ru', 1),
(407451, 781840, 'Шелаболиха', '%d0%a8%d0%b5%d0%bb%d0%b0%d0%b1%d0%be%d0%bb%d0%b8%d1%85%d0%b0', 'ru', 1),
(407452, 781840, 'Новичиха', '%d0%9d%d0%be%d0%b2%d0%b8%d1%87%d0%b8%d1%85%d0%b0', 'ru', 1),
(407453, 781840, 'Бурла', '%d0%91%d1%83%d1%80%d0%bb%d0%b0', 'ru', 1),
(407454, 781840, 'Солонешное', '%d0%a1%d0%be%d0%bb%d0%be%d0%bd%d0%b5%d1%88%d0%bd%d0%be%d0%b5', 'ru', 1),
(407455, 781840, 'Угловское', '%d0%a3%d0%b3%d0%bb%d0%be%d0%b2%d1%81%d0%ba%d0%be%d0%b5', 'ru', 1),
(407456, 781840, 'Тогул', '%d0%a2%d0%be%d0%b3%d1%83%d0%bb', 'ru', 1),
(407457, 781840, 'Шебалино', '%d0%a8%d0%b5%d0%b1%d0%b0%d0%bb%d0%b8%d0%bd%d0%be', 'ru', 1),
(407458, 781840, 'Староалейское', '%d0%a1%d1%82%d0%b0%d1%80%d0%be%d0%b0%d0%bb%d0%b5%d0%b9%d1%81', 'ru', 1),
(407459, 781840, 'Панкрушиха', '%d0%9f%d0%b0%d0%bd%d0%ba%d1%80%d1%83%d1%88%d0%b8%d1%85%d0%b0', 'ru', 1),
(407460, 781840, 'Веселоярск', '%d0%92%d0%b5%d1%81%d0%b5%d0%bb%d0%be%d1%8f%d1%80%d1%81%d0%ba', 'ru', 1),
(407461, 781840, 'Краснощеково', '%d0%9a%d1%80%d0%b0%d1%81%d0%bd%d0%be%d1%89%d0%b5%d0%ba%d0%be', 'ru', 1),
(407462, 781840, 'Усть-Чарышская Пристань', '%d0%a3%d1%81%d1%82%d1%8c-%d0%a7%d0%b0%d1%80%d1%8b%d1%88%d1%8', 'ru', 1),
(407463, 781840, 'Тюменцево', '%d0%a2%d1%8e%d0%bc%d0%b5%d0%bd%d1%86%d0%b5%d0%b2%d0%be', 'ru', 1),
(407464, 781840, 'Хабары', '%d0%a5%d0%b0%d0%b1%d0%b0%d1%80%d1%8b', 'ru', 1),
(407465, 781840, 'Усть-Калманка', '%d0%a3%d1%81%d1%82%d1%8c-%d0%9a%d0%b0%d0%bb%d0%bc%d0%b0%d0%b', 'ru', 1),
(407466, 781840, 'Залесово', '%d0%97%d0%b0%d0%bb%d0%b5%d1%81%d0%be%d0%b2%d0%be', 'ru', 1),
(407467, 781840, 'Топчиха', '%d0%a2%d0%be%d0%bf%d1%87%d0%b8%d1%85%d0%b0', 'ru', 1),
(407468, 781840, 'Смоленское', '%d0%a1%d0%bc%d0%be%d0%bb%d0%b5%d0%bd%d1%81%d0%ba%d0%be%d0%b5', 'ru', 1),
(407469, 781840, 'Белоярск', '%d0%91%d0%b5%d0%bb%d0%be%d1%8f%d1%80%d1%81%d0%ba', 'ru', 1),
(407470, 781840, 'Змеиногорск', '%d0%97%d0%bc%d0%b5%d0%b8%d0%bd%d0%be%d0%b3%d0%be%d1%80%d1%81', 'ru', 1),
(407471, 781840, 'Сибирский', '%d0%a1%d0%b8%d0%b1%d0%b8%d1%80%d1%81%d0%ba%d0%b8%d0%b9', 'ru', 1),
(407472, 781840, 'Алтайское', '%d0%90%d0%bb%d1%82%d0%b0%d0%b9%d1%81%d0%ba%d0%be%d0%b5', 'ru', 1),
(407473, 781840, 'Белокуриха', '%d0%91%d0%b5%d0%bb%d0%be%d0%ba%d1%83%d1%80%d0%b8%d1%85%d0%b0', 'ru', 1),
(407474, 781840, 'Новосиликатный', '%d0%9d%d0%be%d0%b2%d0%be%d1%81%d0%b8%d0%bb%d0%b8%d0%ba%d0%b0', 'ru', 1),
(407475, 781840, 'Кулунда', '%d0%9a%d1%83%d0%bb%d1%83%d0%bd%d0%b4%d0%b0', 'ru', 1),
(407476, 781840, 'Яровое', '%d0%af%d1%80%d0%be%d0%b2%d0%be%d0%b5', 'ru', 1),
(407477, 781840, 'Алейск', '%d0%90%d0%bb%d0%b5%d0%b9%d1%81%d0%ba', 'ru', 1),
(407478, 781840, 'Славгород', '%d0%a1%d0%bb%d0%b0%d0%b2%d0%b3%d0%be%d1%80%d0%be%d0%b4', 'ru', 1),
(407479, 781840, 'Камень-На-Оби', '%d0%9a%d0%b0%d0%bc%d0%b5%d0%bd%d1%8c-%d0%9d%d0%b0-%d0%9e%d0%', 'ru', 1),
(407480, 781840, 'Заринск', '%d0%97%d0%b0%d1%80%d0%b8%d0%bd%d1%81%d0%ba', 'ru', 1),
(407481, 781840, 'Новоалтайск', '%d0%9d%d0%be%d0%b2%d0%be%d0%b0%d0%bb%d1%82%d0%b0%d0%b9%d1%81', 'ru', 1),
(407482, 781840, 'Рубцовск', '%d0%a0%d1%83%d0%b1%d1%86%d0%be%d0%b2%d1%81%d0%ba', 'ru', 1),
(407483, 781840, 'Бийск', '%d0%91%d0%b8%d0%b9%d1%81%d0%ba', 'ru', 1),
(407484, 781840, 'Барнаул', '%d0%91%d0%b0%d1%80%d0%bd%d0%b0%d1%83%d0%bb', 'ru', 1),
(407485, 781841, 'Возжаевка', '%d0%92%d0%be%d0%b7%d0%b6%d0%b0%d0%b5%d0%b2%d0%ba%d0%b0', 'ru', 1),
(407486, 781841, 'Ивановка', '%d0%98%d0%b2%d0%b0%d0%bd%d0%be%d0%b2%d0%ba%d0%b0', 'ru', 1),
(407487, 781841, 'Константиновка', '%d0%9a%d0%be%d0%bd%d1%81%d1%82%d0%b0%d0%bd%d1%82%d0%b8%d0%bd', 'ru', 1),
(407488, 781841, 'Поярково', '%d0%9f%d0%be%d1%8f%d1%80%d0%ba%d0%be%d0%b2%d0%be', 'ru', 1),
(407489, 781841, 'Прогресс', '%d0%9f%d1%80%d0%be%d0%b3%d1%80%d0%b5%d1%81%d1%81', 'ru', 1),
(407490, 781841, 'Свободный', '%d0%a1%d0%b2%d0%be%d0%b1%d0%be%d0%b4%d0%bd%d1%8b%d0%b9', 'ru', 1),
(407491, 781841, 'Талакан', '%d0%a2%d0%b0%d0%bb%d0%b0%d0%ba%d0%b0%d0%bd', 'ru', 1),
(407492, 781841, 'Тамбовка', '%d0%a2%d0%b0%d0%bc%d0%b1%d0%be%d0%b2%d0%ba%d0%b0', 'ru', 1),
(407493, 781841, 'Бурея', '%d0%91%d1%83%d1%80%d0%b5%d1%8f', 'ru', 1),
(407494, 781841, 'Ерофей Павлович', '%d0%95%d1%80%d0%be%d1%84%d0%b5%d0%b9-%d0%9f%d0%b0%d0%b2%d0%b', 'ru', 1),
(407495, 781841, 'Среднебелая', '%d0%a1%d1%80%d0%b5%d0%b4%d0%bd%d0%b5%d0%b1%d0%b5%d0%bb%d0%b0', 'ru', 1),
(407496, 781841, 'Новобурейский', '%d0%9d%d0%be%d0%b2%d0%be%d0%b1%d1%83%d1%80%d0%b5%d0%b9%d1%81', 'ru', 1),
(407497, 781841, 'Сковородино', '%d0%a1%d0%ba%d0%be%d0%b2%d0%be%d1%80%d0%be%d0%b4%d0%b8%d0%bd', 'ru', 1),
(407498, 781841, 'Екатеринославка', '%d0%95%d0%ba%d0%b0%d1%82%d0%b5%d1%80%d0%b8%d0%bd%d0%be%d1%81', 'ru', 1),
(407499, 781841, 'Архара', '%d0%90%d1%80%d1%85%d0%b0%d1%80%d0%b0', 'ru', 1),
(407500, 781841, 'Магдагачи', '%d0%9c%d0%b0%d0%b3%d0%b4%d0%b0%d0%b3%d0%b0%d1%87%d0%b8', 'ru', 1),
(407501, 781841, 'Серышево', '%d0%a1%d0%b5%d1%80%d1%8b%d1%88%d0%b5%d0%b2%d0%be', 'ru', 1),
(407502, 781841, 'Углегорск', '%d0%a3%d0%b3%d0%bb%d0%b5%d0%b3%d0%be%d1%80%d1%81%d0%ba', 'ru', 1),
(407503, 781841, 'Завитинск', '%d0%97%d0%b0%d0%b2%d0%b8%d1%82%d0%b8%d0%bd%d1%81%d0%ba', 'ru', 1),
(407504, 781841, 'Шимановск', '%d0%a8%d0%b8%d0%bc%d0%b0%d0%bd%d0%be%d0%b2%d1%81%d0%ba', 'ru', 1),
(407505, 781841, 'Райчихинск', '%d0%a0%d0%b0%d0%b9%d1%87%d0%b8%d1%85%d0%b8%d0%bd%d1%81%d0%ba', 'ru', 1),
(407506, 781841, 'Зея', '%d0%97%d0%b5%d1%8f', 'ru', 1),
(407507, 781841, 'Тында', '%d0%a2%d1%8b%d0%bd%d0%b4%d0%b0', 'ru', 1),
(407508, 781841, 'Белогорск', '%d0%91%d0%b5%d0%bb%d0%be%d0%b3%d0%be%d1%80%d1%81%d0%ba', 'ru', 1),
(407509, 781841, 'Благовещенск', '%d0%91%d0%bb%d0%b0%d0%b3%d0%be%d0%b2%d0%b5%d1%89%d0%b5%d0%bd', 'ru', 1),
(407510, 781842, 'Архангельск', '%d0%90%d1%80%d1%85%d0%b0%d0%bd%d0%b3%d0%b5%d0%bb%d1%8c%d1%81', 'ru', 1),
(407511, 781842, 'Березник', '%d0%91%d0%b5%d1%80%d0%b5%d0%b7%d0%bd%d0%b8%d0%ba', 'ru', 1),
(407512, 781842, 'Каргополь', '%d0%9a%d0%b0%d1%80%d0%b3%d0%be%d0%bf%d0%be%d0%bb%d1%8c', 'ru', 1),
(407513, 781842, 'Красноборск', '%d0%9a%d1%80%d0%b0%d1%81%d0%bd%d0%be%d0%b1%d0%be%d1%80%d1%81', 'ru', 1),
(407514, 781842, 'Мирный', '%d0%9c%d0%b8%d1%80%d0%bd%d1%8b%d0%b9', 'ru', 1),
(407515, 781842, 'Октябрьский', '%d0%9e%d0%ba%d1%82%d1%8f%d0%b1%d1%80%d1%8c%d1%81%d0%ba%d0%b8', 'ru', 1),
(407516, 781842, 'Савинский', '%d0%a1%d0%b0%d0%b2%d0%b8%d0%bd%d1%81%d0%ba%d0%b8%d0%b9', 'ru', 1),
(407517, 781842, 'Североонежск', '%d0%a1%d0%b5%d0%b2%d0%b5%d1%80%d0%be%d0%be%d0%bd%d0%b5%d0%b6', 'ru', 1),
(407518, 781842, 'Лешуконское', '%d0%9b%d0%b5%d1%88%d1%83%d0%ba%d0%be%d0%bd%d1%81%d0%ba%d0%be', 'ru', 1),
(407519, 781842, 'Шенкурск', '%d0%a8%d0%b5%d0%bd%d0%ba%d1%83%d1%80%d1%81%d0%ba', 'ru', 1),
(407520, 781842, 'Искателей', '%d0%98%d1%81%d0%ba%d0%b0%d1%82%d0%b5%d0%bb%d0%b5%d0%b9', 'ru', 1),
(407521, 781842, 'Кулой', '%d0%9a%d1%83%d0%bb%d0%be%d0%b9', 'ru', 1),
(407522, 781842, 'Плесецк', '%d0%9f%d0%bb%d0%b5%d1%81%d0%b5%d1%86%d0%ba', 'ru', 1),
(407523, 781842, 'Коноша', '%d0%9a%d0%be%d0%bd%d0%be%d1%88%d0%b0', 'ru', 1),
(407524, 781842, 'Вычегодский', '%d0%92%d1%8b%d1%87%d0%b5%d0%b3%d0%be%d0%b4%d1%81%d0%ba%d0%b8', 'ru', 1),
(407525, 781842, 'Нарьян-Мар', '%d0%9d%d0%b0%d1%80%d1%8c%d1%8f%d0%bd-%d0%9c%d0%b0%d1%80', 'ru', 1),
(407526, 781842, 'Няндома', '%d0%9d%d1%8f%d0%bd%d0%b4%d0%be%d0%bc%d0%b0', 'ru', 1),
(407527, 781842, 'Онега', '%d0%9e%d0%bd%d0%b5%d0%b3%d0%b0', 'ru', 1),
(407528, 781842, 'Вельск', '%d0%92%d0%b5%d0%bb%d1%8c%d1%81%d0%ba', 'ru', 1),
(407529, 781842, 'Коряжма', '%d0%9a%d0%be%d1%80%d1%8f%d0%b6%d0%bc%d0%b0', 'ru', 1),
(407530, 781842, 'Новодвинск', '%d0%9d%d0%be%d0%b2%d0%be%d0%b4%d0%b2%d0%b8%d0%bd%d1%81%d0%ba', 'ru', 1),
(407531, 781842, 'Котлас', '%d0%9a%d0%be%d1%82%d0%bb%d0%b0%d1%81', 'ru', 1),
(407532, 781842, 'Северодвинск', '%d0%a1%d0%b5%d0%b2%d0%b5%d1%80%d0%be%d0%b4%d0%b2%d0%b8%d0%bd', 'ru', 1),
(407533, 781843, 'Володарский', '%d0%92%d0%be%d0%bb%d0%be%d0%b4%d0%b0%d1%80%d1%81%d0%ba%d0%b8', 'ru', 1),
(407534, 781843, 'Камызяк', '%d0%9a%d0%b0%d0%bc%d1%8b%d0%b7%d1%8f%d0%ba', 'ru', 1),
(407535, 781843, 'Капустин Яр', '%d0%9a%d0%b0%d0%bf%d1%83%d1%81%d1%82%d0%b8%d0%bd-%d0%af%d1%8', 'ru', 1),
(407536, 781843, 'Красный Яр', '%d0%9a%d1%80%d0%b0%d1%81%d0%bd%d1%8b%d0%b9-%d0%af%d1%80', 'ru', 1),
(407537, 781843, 'Лиман', '%d0%9b%d0%b8%d0%bc%d0%b0%d0%bd', 'ru', 1),
(407538, 781843, 'Никольское', '%d0%9d%d0%b8%d0%ba%d0%be%d0%bb%d1%8c%d1%81%d0%ba%d0%be%d0%b5', 'ru', 1),
(407539, 781843, 'Черный Яр', '%d0%a7%d0%b5%d1%80%d0%bd%d1%8b%d0%b9-%d0%af%d1%80', 'ru', 1),
(407540, 781843, 'Старокучергановка', '%d0%a1%d1%82%d0%b0%d1%80%d0%be%d0%ba%d1%83%d1%87%d0%b5%d1%80', 'ru', 1),
(407541, 781843, 'Красные Баррикады', '%d0%9a%d1%80%d0%b0%d1%81%d0%bd%d1%8b%d0%b5-%d0%91%d0%b0%d1%8', 'ru', 1),
(407542, 781843, 'Енотаевка', '%d0%95%d0%bd%d0%be%d1%82%d0%b0%d0%b5%d0%b2%d0%ba%d0%b0', 'ru', 1),
(407543, 781843, 'Верхний Баскунчак', '%d0%92%d0%b5%d1%80%d1%85%d0%bd%d0%b8%d0%b9-%d0%91%d0%b0%d1%8', 'ru', 1),
(407544, 781843, 'Икряное', '%d0%98%d0%ba%d1%80%d1%8f%d0%bd%d0%be%d0%b5', 'ru', 1),
(407545, 781843, 'Нариманов', '%d0%9d%d0%b0%d1%80%d0%b8%d0%bc%d0%b0%d0%bd%d0%be%d0%b2', 'ru', 1),
(407546, 781843, 'Харабали', '%d0%a5%d0%b0%d1%80%d0%b0%d0%b1%d0%b0%d0%bb%d0%b8', 'ru', 1),
(407547, 781843, 'Знаменск', '%d0%97%d0%bd%d0%b0%d0%bc%d0%b5%d0%bd%d1%81%d0%ba', 'ru', 1),
(407548, 781843, 'Ахтубинск', '%d0%90%d1%85%d1%82%d1%83%d0%b1%d0%b8%d0%bd%d1%81%d0%ba', 'ru', 1),
(407549, 781843, 'Астрахань', '%d0%90%d1%81%d1%82%d1%80%d0%b0%d1%85%d0%b0%d0%bd%d1%8c', 'ru', 1),
(407550, 781844, 'Алексеевка', '%d0%90%d0%bb%d0%b5%d0%ba%d1%81%d0%b5%d0%b5%d0%b2%d0%ba%d0%b0', 'ru', 1),
(407551, 781844, 'Белгород', '%d0%91%d0%b5%d0%bb%d0%b3%d0%be%d1%80%d0%be%d0%b4', 'ru', 1),
(407552, 781844, 'Бирюч', '%d0%91%d0%b8%d1%80%d1%8e%d1%87', 'ru', 1),
(407553, 781844, 'Борисовка', '%d0%91%d0%be%d1%80%d0%b8%d1%81%d0%be%d0%b2%d0%ba%d0%b0', 'ru', 1),
(407554, 781844, 'Валуйки', '%d0%92%d0%b0%d0%bb%d1%83%d0%b9%d0%ba%d0%b8', 'ru', 1),
(407555, 781844, 'Волоконовка', '%d0%92%d0%be%d0%bb%d0%be%d0%ba%d0%be%d0%bd%d0%be%d0%b2%d0%ba', 'ru', 1),
(407556, 781844, 'Губкин', '%d0%93%d1%83%d0%b1%d0%ba%d0%b8%d0%bd', 'ru', 1),
(407557, 781844, 'Майский', '%d0%9c%d0%b0%d0%b9%d1%81%d0%ba%d0%b8%d0%b9', 'ru', 1),
(407558, 781844, 'Октябрьский', '%d0%9e%d0%ba%d1%82%d1%8f%d0%b1%d1%80%d1%8c%d1%81%d0%ba%d0%b8', 'ru', 1),
(407559, 781844, 'Пролетарский', '%d0%9f%d1%80%d0%be%d0%bb%d0%b5%d1%82%d0%b0%d1%80%d1%81%d0%ba', 'ru', 1),
(407560, 781844, 'Прохоровка', '%d0%9f%d1%80%d0%be%d1%85%d0%be%d1%80%d0%be%d0%b2%d0%ba%d0%b0', 'ru', 1),
(407561, 781844, 'Разумное', '%d0%a0%d0%b0%d0%b7%d1%83%d0%bc%d0%bd%d0%be%d0%b5', 'ru', 1),
(407562, 781844, 'Ракитное', '%d0%a0%d0%b0%d0%ba%d0%b8%d1%82%d0%bd%d0%be%d0%b5', 'ru', 1),
(407563, 781844, 'Ровеньки', '%d0%a0%d0%be%d0%b2%d0%b5%d0%bd%d1%8c%d0%ba%d0%b8', 'ru', 1),
(407564, 781844, 'Северный', '%d0%a1%d0%b5%d0%b2%d0%b5%d1%80%d0%bd%d1%8b%d0%b9', 'ru', 1),
(407565, 781844, 'Вейделевка', '%d0%92%d0%b5%d0%b9%d0%b4%d0%b5%d0%bb%d0%b5%d0%b2%d0%ba%d0%b0', 'ru', 1),
(407566, 781844, 'Ивня', '%d0%98%d0%b2%d0%bd%d1%8f', 'ru', 1),
(407567, 781844, 'Томаровка', '%d0%a2%d0%be%d0%bc%d0%b0%d1%80%d0%be%d0%b2%d0%ba%d0%b0', 'ru', 1),
(407568, 781844, 'Красная Яруга', '%d0%9a%d1%80%d0%b0%d1%81%d0%bd%d0%b0%d1%8f-%d0%af%d1%80%d1%8', 'ru', 1),
(407569, 781844, 'Чернянка', '%d0%a7%d0%b5%d1%80%d0%bd%d1%8f%d0%bd%d0%ba%d0%b0', 'ru', 1),
(407570, 781844, 'Строитель', '%d0%a1%d1%82%d1%80%d0%be%d0%b8%d1%82%d0%b5%d0%bb%d1%8c', 'ru', 1),
(407571, 781844, 'Новый Оскол', '%d0%9d%d0%be%d0%b2%d1%8b%d0%b9-%d0%9e%d1%81%d0%ba%d0%be%d0%b', 'ru', 1),
(407572, 781844, 'Шебекино', '%d0%a8%d0%b5%d0%b1%d0%b5%d0%ba%d0%b8%d0%bd%d0%be', 'ru', 1),
(407573, 781844, 'Старый Оскол', '%d0%a1%d1%82%d0%b0%d1%80%d1%8b%d0%b9-%d0%9e%d1%81%d0%ba%d0%b', 'ru', 1),
(407574, 781845, 'Белые Берега', '%d0%91%d0%b5%d0%bb%d1%8b%d0%b5-%d0%91%d0%b5%d1%80%d0%b5%d0%b', 'ru', 1),
(407575, 781845, 'Брянск', '%d0%91%d1%80%d1%8f%d0%bd%d1%81%d0%ba', 'ru', 1),
(407576, 781845, 'Дубровка', '%d0%94%d1%83%d0%b1%d1%80%d0%be%d0%b2%d0%ba%d0%b0', 'ru', 1),
(407577, 781845, 'Жуковка', '%d0%96%d1%83%d0%ba%d0%be%d0%b2%d0%ba%d0%b0', 'ru', 1),
(407578, 781845, 'Климово', '%d0%9a%d0%bb%d0%b8%d0%bc%d0%be%d0%b2%d0%be', 'ru', 1),
(407579, 781845, 'Клинцы', '%d0%9a%d0%bb%d0%b8%d0%bd%d1%86%d1%8b', 'ru', 1),
(407580, 781845, 'Локоть', '%d0%9b%d0%be%d0%ba%d0%be%d1%82%d1%8c', 'ru', 1),
(407581, 781845, 'Почеп', '%d0%9f%d0%be%d1%87%d0%b5%d0%bf', 'ru', 1),
(407582, 781845, 'Севск', '%d0%a1%d0%b5%d0%b2%d1%81%d0%ba', 'ru', 1),
(407583, 781845, 'Сельцо', '%d0%a1%d0%b5%d0%bb%d1%8c%d1%86%d0%be', 'ru', 1),
(407584, 781845, 'Трубчевск', '%d0%a2%d1%80%d1%83%d0%b1%d1%87%d0%b5%d0%b2%d1%81%d0%ba', 'ru', 1),
(407585, 781845, 'Фокино', '%d0%a4%d0%be%d0%ba%d0%b8%d0%bd%d0%be', 'ru', 1),
(407586, 781845, 'Комаричи', '%d0%9a%d0%be%d0%bc%d0%b0%d1%80%d0%b8%d1%87%d0%b8', 'ru', 1),
(407587, 781845, 'Супонево', '%d0%a1%d1%83%d0%bf%d0%be%d0%bd%d0%b5%d0%b2%d0%be', 'ru', 1),
(407588, 781845, 'Мглин', '%d0%9c%d0%b3%d0%bb%d0%b8%d0%bd', 'ru', 1),
(407589, 781845, 'Суземка', '%d0%a1%d1%83%d0%b7%d0%b5%d0%bc%d0%ba%d0%b0', 'ru', 1),
(407590, 781845, 'Погар', '%d0%9f%d0%be%d0%b3%d0%b0%d1%80', 'ru', 1),
(407591, 781845, 'Сураж', '%d0%a1%d1%83%d1%80%d0%b0%d0%b6', 'ru', 1),
(407592, 781845, 'Клетня', '%d0%9a%d0%bb%d0%b5%d1%82%d0%bd%d1%8f', 'ru', 1),
(407593, 781845, 'Навля', '%d0%9d%d0%b0%d0%b2%d0%bb%d1%8f', 'ru', 1),
(407594, 781845, 'Стародуб', '%d0%a1%d1%82%d0%b0%d1%80%d0%be%d0%b4%d1%83%d0%b1', 'ru', 1),
(407595, 781845, 'Карачев', '%d0%9a%d0%b0%d1%80%d0%b0%d1%87%d0%b5%d0%b2', 'ru', 1),
(407596, 781845, 'Унеча', '%d0%a3%d0%bd%d0%b5%d1%87%d0%b0', 'ru', 1),
(407597, 781845, 'Дятьково', '%d0%94%d1%8f%d1%82%d1%8c%d0%ba%d0%be%d0%b2%d0%be', 'ru', 1),
(407598, 781845, 'Новозыбков', '%d0%9d%d0%be%d0%b2%d0%be%d0%b7%d1%8b%d0%b1%d0%ba%d0%be%d0%b2', 'ru', 1),
(407599, 781846, 'Александров', '%d0%90%d0%bb%d0%b5%d0%ba%d1%81%d0%b0%d0%bd%d0%b4%d1%80%d0%be', 'ru', 1),
(407600, 781846, 'Владимир', '%d0%92%d0%bb%d0%b0%d0%b4%d0%b8%d0%bc%d0%b8%d1%80', 'ru', 1),
(407601, 781846, 'Вязники', '%d0%92%d1%8f%d0%b7%d0%bd%d0%b8%d0%ba%d0%b8', 'ru', 1),
(407602, 781846, 'Гороховец', '%d0%93%d0%be%d1%80%d0%be%d1%85%d0%be%d0%b2%d0%b5%d1%86', 'ru', 1),
(407603, 781846, 'Камешково', '%d0%9a%d0%b0%d0%bc%d0%b5%d1%88%d0%ba%d0%be%d0%b2%d0%be', 'ru', 1),
(407604, 781846, 'Карабаново', '%d0%9a%d0%b0%d1%80%d0%b0%d0%b1%d0%b0%d0%bd%d0%be%d0%b2%d0%be', 'ru', 1),
(407605, 781846, 'Киржач', '%d0%9a%d0%b8%d1%80%d0%b6%d0%b0%d1%87', 'ru', 1),
(407606, 781846, 'Меленки', '%d0%9c%d0%b5%d0%bb%d0%b5%d0%bd%d0%ba%d0%b8', 'ru', 1),
(407607, 781846, 'Муром', '%d0%9c%d1%83%d1%80%d0%be%d0%bc', 'ru', 1),
(407608, 781846, 'Петушки', '%d0%9f%d0%b5%d1%82%d1%83%d1%88%d0%ba%d0%b8', 'ru', 1),
(407609, 781846, 'Покров', '%d0%9f%d0%be%d0%ba%d1%80%d0%be%d0%b2', 'ru', 1),
(407610, 781846, 'Струнино', '%d0%a1%d1%82%d1%80%d1%83%d0%bd%d0%b8%d0%bd%d0%be', 'ru', 1),
(407611, 781846, 'Суздаль', '%d0%a1%d1%83%d0%b7%d0%b4%d0%b0%d0%bb%d1%8c', 'ru', 1),
(407612, 781846, 'Судогда', '%d0%a1%d1%83%d0%b4%d0%be%d0%b3%d0%b4%d0%b0', 'ru', 1),
(407613, 781846, 'Лакинск', '%d0%9b%d0%b0%d0%ba%d0%b8%d0%bd%d1%81%d0%ba', 'ru', 1),
(407614, 781846, 'Радужный', '%d0%a0%d0%b0%d0%b4%d1%83%d0%b6%d0%bd%d1%8b%d0%b9', 'ru', 1),
(407615, 781846, 'Юрьев-Польский', '%d0%ae%d1%80%d1%8c%d0%b5%d0%b2-%d0%9f%d0%be%d0%bb%d1%8c%d1%8', 'ru', 1),
(407616, 781846, 'Собинка', '%d0%a1%d0%be%d0%b1%d0%b8%d0%bd%d0%ba%d0%b0', 'ru', 1),
(407617, 781846, 'Кольчугино', '%d0%9a%d0%be%d0%bb%d1%8c%d1%87%d1%83%d0%b3%d0%b8%d0%bd%d0%be', 'ru', 1),
(407618, 781846, 'Гусь-Хрустальный', '%d0%93%d1%83%d1%81%d1%8c-%d0%a5%d1%80%d1%83%d1%81%d1%82%d0%b', 'ru', 1),
(407619, 781846, 'Ковров', '%d0%9a%d0%be%d0%b2%d1%80%d0%be%d0%b2', 'ru', 1),
(407620, 781847, 'Волжский', '%d0%92%d0%be%d0%bb%d0%b6%d1%81%d0%ba%d0%b8%d0%b9', 'ru', 1),
(407621, 781847, 'Городище', '%d0%93%d0%be%d1%80%d0%be%d0%b4%d0%b8%d1%89%d0%b5', 'ru', 1),
(407622, 781847, 'Горьковский', '%d0%93%d0%be%d1%80%d1%8c%d0%ba%d0%be%d0%b2%d1%81%d0%ba%d0%b8', 'ru', 1),
(407623, 781847, 'Дубовка', '%d0%94%d1%83%d0%b1%d0%be%d0%b2%d0%ba%d0%b0', 'ru', 1),
(407624, 781847, 'Елань', '%d0%95%d0%bb%d0%b0%d0%bd%d1%8c', 'ru', 1),
(407625, 781847, 'Котельниково', '%d0%9a%d0%be%d1%82%d0%b5%d0%bb%d1%8c%d0%bd%d0%b8%d0%ba%d0%be', 'ru', 1),
(407626, 781847, 'Котово', '%d0%9a%d0%be%d1%82%d0%be%d0%b2%d0%be', 'ru', 1),
(407627, 781847, 'Ленинск', '%d0%9b%d0%b5%d0%bd%d0%b8%d0%bd%d1%81%d0%ba', 'ru', 1),
(407628, 781847, 'Михайловка', '%d0%9c%d0%b8%d1%85%d0%b0%d0%b9%d0%bb%d0%be%d0%b2%d0%ba%d0%b0', 'ru', 1),
(407629, 781847, 'Светлый Яр', '%d0%a1%d0%b2%d0%b5%d1%82%d0%bb%d1%8b%d0%b9-%d0%af%d1%80', 'ru', 1),
(407630, 781847, 'Фролово', '%d0%a4%d1%80%d0%be%d0%bb%d0%be%d0%b2%d0%be', 'ru', 1),
(407631, 781847, 'Иловля', '%d0%98%d0%bb%d0%be%d0%b2%d0%bb%d1%8f', 'ru', 1),
(407632, 781847, 'Средняя Ахтуба', '%d0%a1%d1%80%d0%b5%d0%b4%d0%bd%d1%8f%d1%8f-%d0%90%d1%85%d1%8', 'ru', 1),
(407633, 781847, 'Краснослободск', '%d0%9a%d1%80%d0%b0%d1%81%d0%bd%d0%be%d1%81%d0%bb%d0%be%d0%b1', 'ru', 1),
(407634, 781847, 'Петров Вал', '%d0%9f%d0%b5%d1%82%d1%80%d0%be%d0%b2-%d0%92%d0%b0%d0%bb', 'ru', 1),
(407635, 781847, 'Николаевск', '%d0%9d%d0%b8%d0%ba%d0%be%d0%bb%d0%b0%d0%b5%d0%b2%d1%81%d0%ba', 'ru', 1),
(407636, 781847, 'Палласовка', '%d0%9f%d0%b0%d0%bb%d0%bb%d0%b0%d1%81%d0%be%d0%b2%d0%ba%d0%b0', 'ru', 1),
(407637, 781847, 'Жирновск', '%d0%96%d0%b8%d1%80%d0%bd%d0%be%d0%b2%d1%81%d0%ba', 'ru', 1),
(407638, 781847, 'Новоаннинский', '%d0%9d%d0%be%d0%b2%d0%be%d0%b0%d0%bd%d0%bd%d0%b8%d0%bd%d1%81', 'ru', 1),
(407639, 781847, 'Суровикино', '%d0%a1%d1%83%d1%80%d0%be%d0%b2%d0%b8%d0%ba%d0%b8%d0%bd%d0%be', 'ru', 1),
(407640, 781847, 'Калач-на-Дону', '%d0%9a%d0%b0%d0%bb%d0%b0%d1%87-%d0%bd%d0%b0-%d0%94%d0%be%d0%', 'ru', 1),
(407641, 781847, 'Урюпинск', '%d0%a3%d1%80%d1%8e%d0%bf%d0%b8%d0%bd%d1%81%d0%ba', 'ru', 1),
(407642, 781847, 'Камышин', '%d0%9a%d0%b0%d0%bc%d1%8b%d1%88%d0%b8%d0%bd', 'ru', 1),
(407643, 781847, 'Волгоград', '%d0%92%d0%be%d0%bb%d0%b3%d0%be%d0%b3%d1%80%d0%b0%d0%b4', 'ru', 1),
(407644, 781848, 'Бабаево', '%d0%91%d0%b0%d0%b1%d0%b0%d0%b5%d0%b2%d0%be', 'ru', 1),
(407645, 781848, 'Кадуй', '%d0%9a%d0%b0%d0%b4%d1%83%d0%b9', 'ru', 1),
(407646, 781848, 'Кириллов', '%d0%9a%d0%b8%d1%80%d0%b8%d0%bb%d0%bb%d0%be%d0%b2', 'ru', 1),
(407647, 781848, 'Красавино', '%d0%9a%d1%80%d0%b0%d1%81%d0%b0%d0%b2%d0%b8%d0%bd%d0%be', 'ru', 1),
(407648, 781848, 'Молочное', '%d0%9c%d0%be%d0%bb%d0%be%d1%87%d0%bd%d0%be%d0%b5', 'ru', 1),
(407649, 781848, 'Никольск', '%d0%9d%d0%b8%d0%ba%d0%be%d0%bb%d1%8c%d1%81%d0%ba', 'ru', 1),
(407650, 781848, 'Сокол', '%d0%a1%d0%be%d0%ba%d0%be%d0%bb', 'ru', 1),
(407651, 781848, 'Суда', '%d0%a1%d1%83%d0%b4%d0%b0', 'ru', 1),
(407652, 781848, 'Тарногский Городок', '%d0%a2%d0%b0%d1%80%d0%bd%d0%be%d0%b3%d1%81%d0%ba%d0%b8%d0%b9', 'ru', 1),
(407653, 781848, 'Чагода', '%d0%a7%d0%b0%d0%b3%d0%be%d0%b4%d0%b0', 'ru', 1),
(407654, 781848, 'Шексна', '%d0%a8%d0%b5%d0%ba%d1%81%d0%bd%d0%b0', 'ru', 1),
(407655, 781848, 'Верховажье', '%d0%92%d0%b5%d1%80%d1%85%d0%be%d0%b2%d0%b0%d0%b6%d1%8c%d0%b5', 'ru', 1),
(407656, 781848, 'Кадников', '%d0%9a%d0%b0%d0%b4%d0%bd%d0%b8%d0%ba%d0%be%d0%b2', 'ru', 1),
(407657, 781848, 'Кичменгский Городок', '%d0%9a%d0%b8%d1%87%d0%bc%d0%b5%d0%bd%d0%b3%d1%81%d0%ba%d0%b8', 'ru', 1),
(407658, 781848, 'Вожега', '%d0%92%d0%be%d0%b6%d0%b5%d0%b3%d0%b0', 'ru', 1),
(407659, 781848, 'Вохтога', '%d0%92%d0%be%d1%85%d1%82%d0%be%d0%b3%d0%b0', 'ru', 1),
(407660, 781848, 'Тотьма', '%d0%a2%d0%be%d1%82%d1%8c%d0%bc%d0%b0', 'ru', 1),
(407661, 781848, 'Устюжна', '%d0%a3%d1%81%d1%82%d1%8e%d0%b6%d0%bd%d0%b0', 'ru', 1),
(407662, 781848, 'Белозёрск', '%d0%91%d0%b5%d0%bb%d0%be%d0%b7%d1%91%d1%80%d1%81%d0%ba', 'ru', 1),
(407663, 781848, 'Вытегра', '%d0%92%d1%8b%d1%82%d0%b5%d0%b3%d1%80%d0%b0', 'ru', 1),
(407664, 781848, 'Харовск', '%d0%a5%d0%b0%d1%80%d0%be%d0%b2%d1%81%d0%ba', 'ru', 1),
(407665, 781848, 'Грязовец', '%d0%93%d1%80%d1%8f%d0%b7%d0%be%d0%b2%d0%b5%d1%86', 'ru', 1),
(407666, 781848, 'Великий Устюг', '%d0%92%d0%b5%d0%bb%d0%b8%d0%ba%d0%b8%d0%b9-%d0%a3%d1%81%d1%8', 'ru', 1),
(407667, 781848, 'Вологда', '%d0%92%d0%be%d0%bb%d0%be%d0%b3%d0%b4%d0%b0', 'ru', 1),
(407668, 781849, 'Анна', '%d0%90%d0%bd%d0%bd%d0%b0', 'ru', 1),
(407669, 781849, 'Бобров', '%d0%91%d0%be%d0%b1%d1%80%d0%be%d0%b2', 'ru', 1),
(407670, 781849, 'Богучар', '%d0%91%d0%be%d0%b3%d1%83%d1%87%d0%b0%d1%80', 'ru', 1),
(407671, 781849, 'Воронеж', '%d0%92%d0%be%d1%80%d0%be%d0%bd%d0%b5%d0%b6', 'ru', 1),
(407672, 781849, 'Грибановский', '%d0%93%d1%80%d0%b8%d0%b1%d0%b0%d0%bd%d0%be%d0%b2%d1%81%d0%ba', 'ru', 1),
(407673, 781849, 'Калач', '%d0%9a%d0%b0%d0%bb%d0%b0%d1%87', 'ru', 1),
(407674, 781849, 'Лиски', '%d0%9b%d0%b8%d1%81%d0%ba%d0%b8', 'ru', 1),
(407675, 781849, 'Павловск', '%d0%9f%d0%b0%d0%b2%d0%bb%d0%be%d0%b2%d1%81%d0%ba', 'ru', 1),
(407676, 781849, 'Сомово', '%d0%a1%d0%be%d0%bc%d0%be%d0%b2%d0%be', 'ru', 1),
(407677, 781849, 'Таловая', '%d0%a2%d0%b0%d0%bb%d0%be%d0%b2%d0%b0%d1%8f', 'ru', 1),
(407678, 781849, 'Эртиль', '%d0%ad%d1%80%d1%82%d0%b8%d0%bb%d1%8c', 'ru', 1),
(407679, 781849, 'Кантемировка', '%d0%9a%d0%b0%d0%bd%d1%82%d0%b5%d0%bc%d0%b8%d1%80%d0%be%d0%b2', 'ru', 1),
(407680, 781849, 'Придонской', '%d0%9f%d1%80%d0%b8%d0%b4%d0%be%d0%bd%d1%81%d0%ba%d0%be%d0%b9', 'ru', 1),
(407681, 781849, 'Поворино', '%d0%9f%d0%be%d0%b2%d0%be%d1%80%d0%b8%d0%bd%d0%be', 'ru', 1),
(407682, 781849, 'Новая Усмань', '%d0%9d%d0%be%d0%b2%d0%b0%d1%8f-%d0%a3%d1%81%d0%bc%d0%b0%d0%b', 'ru', 1),
(407683, 781849, 'Семилуки', '%d0%a1%d0%b5%d0%bc%d0%b8%d0%bb%d1%83%d0%ba%d0%b8', 'ru', 1),
(407684, 781849, 'Бутурлиновка', '%d0%91%d1%83%d1%82%d1%83%d1%80%d0%bb%d0%b8%d0%bd%d0%be%d0%b2', 'ru', 1),
(407685, 781849, 'Острогожск', '%d0%9e%d1%81%d1%82%d1%80%d0%be%d0%b3%d0%be%d0%b6%d1%81%d0%ba', 'ru', 1),
(407686, 781849, 'Нововоронеж', '%d0%9d%d0%be%d0%b2%d0%be%d0%b2%d0%be%d1%80%d0%be%d0%bd%d0%b5', 'ru', 1),
(407687, 781849, 'Россошь', '%d0%a0%d0%be%d1%81%d1%81%d0%be%d1%88%d1%8c', 'ru', 1),
(407688, 781849, 'Борисоглебск', '%d0%91%d0%be%d1%80%d0%b8%d1%81%d0%be%d0%b3%d0%bb%d0%b5%d0%b1', 'ru', 1),
(407689, 781850, 'Бира', '%d0%91%d0%b8%d1%80%d0%b0', 'ru', 1),
(407690, 781850, 'Известковый', '%d0%98%d0%b7%d0%b2%d0%b5%d1%81%d1%82%d0%ba%d0%be%d0%b2%d1%8b', 'ru', 1),
(407691, 781850, 'Ленинское', '%d0%9b%d0%b5%d0%bd%d0%b8%d0%bd%d1%81%d0%ba%d0%be%d0%b5', 'ru', 1),
(407692, 781850, 'Николаевка', '%d0%9d%d0%b8%d0%ba%d0%be%d0%bb%d0%b0%d0%b5%d0%b2%d0%ba%d0%b0', 'ru', 1),
(407693, 781850, 'Облучье', '%d0%9e%d0%b1%d0%bb%d1%83%d1%87%d1%8c%d0%b5', 'ru', 1),
(407694, 781850, 'Птичник', '%d0%9f%d1%82%d0%b8%d1%87%d0%bd%d0%b8%d0%ba', 'ru', 1),
(407695, 781850, 'Теплоозёрск', '%d0%a2%d0%b5%d0%bf%d0%bb%d0%be%d0%be%d0%b7%d1%91%d1%80%d1%81', 'ru', 1),
(407696, 781850, 'Биракан', '%d0%91%d0%b8%d1%80%d0%b0%d0%ba%d0%b0%d0%bd', 'ru', 1),
(407697, 781850, 'Приамурский', '%d0%9f%d1%80%d0%b8%d0%b0%d0%bc%d1%83%d1%80%d1%81%d0%ba%d0%b8', 'ru', 1),
(407698, 781850, 'Бабстово', '%d0%91%d0%b0%d0%b1%d1%81%d1%82%d0%be%d0%b2%d0%be', 'ru', 1),
(407699, 781850, 'Амурзет', '%d0%90%d0%bc%d1%83%d1%80%d0%b7%d0%b5%d1%82', 'ru', 1),
(407700, 781850, 'Смидович', '%d0%a1%d0%bc%d0%b8%d0%b4%d0%be%d0%b2%d0%b8%d1%87', 'ru', 1),
(407701, 781850, 'Биробиджан', '%d0%91%d0%b8%d1%80%d0%be%d0%b1%d0%b8%d0%b4%d0%b6%d0%b0%d0%bd', 'ru', 1),
(407702, 781851, 'Иваново', '%d0%98%d0%b2%d0%b0%d0%bd%d0%be%d0%b2%d0%be', 'ru', 1),
(407703, 781851, 'Комсомольск', '%d0%9a%d0%be%d0%bc%d1%81%d0%be%d0%bc%d0%be%d0%bb%d1%8c%d1%81', 'ru', 1),
(407704, 781851, 'Лежнево', '%d0%9b%d0%b5%d0%b6%d0%bd%d0%b5%d0%b2%d0%be', 'ru', 1),
(407705, 781851, 'Наволоки', '%d0%9d%d0%b0%d0%b2%d0%be%d0%bb%d0%be%d0%ba%d0%b8', 'ru', 1),
(407706, 781851, 'Ново-Талицы', '%d0%9d%d0%be%d0%b2%d0%be-%d0%a2%d0%b0%d0%bb%d0%b8%d1%86%d1%8', 'ru', 1),
(407707, 781851, 'Родники', '%d0%a0%d0%be%d0%b4%d0%bd%d0%b8%d0%ba%d0%b8', 'ru', 1),
(407708, 781851, 'Савино', '%d0%a1%d0%b0%d0%b2%d0%b8%d0%bd%d0%be', 'ru', 1),
(407709, 781851, 'Талицы', '%d0%a2%d0%b0%d0%bb%d0%b8%d1%86%d1%8b', 'ru', 1),
(407710, 781851, 'Фурманов', '%d0%a4%d1%83%d1%80%d0%bc%d0%b0%d0%bd%d0%be%d0%b2', 'ru', 1),
(407711, 781851, 'Шуя', '%d0%a8%d1%83%d1%8f', 'ru', 1),
(407712, 781851, 'Юрьевец', '%d0%ae%d1%80%d1%8c%d0%b5%d0%b2%d0%b5%d1%86', 'ru', 1),
(407713, 781851, 'Старая Вичуга', '%d0%a1%d1%82%d0%b0%d1%80%d0%b0%d1%8f-%d0%92%d0%b8%d1%87%d1%8', 'ru', 1),
(407714, 781851, 'Палех', '%d0%9f%d0%b0%d0%bb%d0%b5%d1%85', 'ru', 1),
(407715, 781851, 'Гаврилов Посад', '%d0%93%d0%b0%d0%b2%d1%80%d0%b8%d0%bb%d0%be%d0%b2-%d0%9f%d0%b', 'ru', 1),
(407716, 781851, 'Пучеж', '%d0%9f%d1%83%d1%87%d0%b5%d0%b6', 'ru', 1),
(407717, 781851, 'Заволжск', '%d0%97%d0%b0%d0%b2%d0%be%d0%bb%d0%b6%d1%81%d0%ba', 'ru', 1),
(407718, 781851, 'Южа', '%d0%ae%d0%b6%d0%b0', 'ru', 1),
(407719, 781851, 'Приволжск', '%d0%9f%d1%80%d0%b8%d0%b2%d0%be%d0%bb%d0%b6%d1%81%d0%ba', 'ru', 1),
(407720, 781851, 'Кохма', '%d0%9a%d0%be%d1%85%d0%bc%d0%b0', 'ru', 1),
(407721, 781851, 'Тейково', '%d0%a2%d0%b5%d0%b9%d0%ba%d0%be%d0%b2%d0%be', 'ru', 1),
(407722, 781851, 'Вичуга', '%d0%92%d0%b8%d1%87%d1%83%d0%b3%d0%b0', 'ru', 1),
(407723, 781851, 'Кинешма', '%d0%9a%d0%b8%d0%bd%d0%b5%d1%88%d0%bc%d0%b0', 'ru', 1),
(407724, 781852, 'Вихоревка', '%d0%92%d0%b8%d1%85%d0%be%d1%80%d0%b5%d0%b2%d0%ba%d0%b0', 'ru', 1),
(407725, 781852, 'Куйтун', '%d0%9a%d1%83%d0%b9%d1%82%d1%83%d0%bd', 'ru', 1),
(407726, 781852, 'Усть-Ордынский', '%d0%a3%d1%81%d1%82%d1%8c-%d0%9e%d1%80%d0%b4%d1%8b%d0%bd%d1%8', 'ru', 1),
(407727, 781852, 'Черемхово', '%d0%a7%d0%b5%d1%80%d0%b5%d0%bc%d1%85%d0%be%d0%b2%d0%be', 'ru', 1),
(407728, 781852, 'Залари', '%d0%97%d0%b0%d0%bb%d0%b0%d1%80%d0%b8', 'ru', 1),
(407729, 781852, 'Новая Игирма', '%d0%9d%d0%be%d0%b2%d0%b0%d1%8f-%d0%98%d0%b3%d0%b8%d1%80%d0%b', 'ru', 1),
(407730, 781852, 'Киренск', '%d0%9a%d0%b8%d1%80%d0%b5%d0%bd%d1%81%d0%ba', 'ru', 1),
(407731, 781852, 'Свирск', '%d0%a1%d0%b2%d0%b8%d1%80%d1%81%d0%ba', 'ru', 1),
(407732, 781852, 'Байкальск', '%d0%91%d0%b0%d0%b9%d0%ba%d0%b0%d0%bb%d1%8c%d1%81%d0%ba', 'ru', 1),
(407733, 781852, 'Бодайбо', '%d0%91%d0%be%d0%b4%d0%b0%d0%b9%d0%b1%d0%be', 'ru', 1),
(407734, 781852, 'Чунский', '%d0%a7%d1%83%d0%bd%d1%81%d0%ba%d0%b8%d0%b9', 'ru', 1),
(407735, 781852, 'Слюдянка', '%d0%a1%d0%bb%d1%8e%d0%b4%d1%8f%d0%bd%d0%ba%d0%b0', 'ru', 1),
(407736, 781852, 'Железногорск-Илимский', '%d0%96%d0%b5%d0%bb%d0%b5%d0%b7%d0%bd%d0%be%d0%b3%d0%be%d1%80', 'ru', 1),
(407737, 781852, 'Зима', '%d0%97%d0%b8%d0%bc%d0%b0', 'ru', 1),
(407738, 781852, 'Тайшет', '%d0%a2%d0%b0%d0%b9%d1%88%d0%b5%d1%82', 'ru', 1),
(407739, 781852, 'Нижнеудинск', '%d0%9d%d0%b8%d0%b6%d0%bd%d0%b5%d1%83%d0%b4%d0%b8%d0%bd%d1%81', 'ru', 1),
(407740, 781852, 'Саянск', '%d0%a1%d0%b0%d1%8f%d0%bd%d1%81%d0%ba', 'ru', 1),
(407741, 781852, 'Шелехов', '%d0%a8%d0%b5%d0%bb%d0%b5%d1%85%d0%be%d0%b2', 'ru', 1),
(407742, 781852, 'Усть-Кут', '%d0%a3%d1%81%d1%82%d1%8c-%d0%9a%d1%83%d1%82', 'ru', 1),
(407743, 781852, 'Тулун', '%d0%a2%d1%83%d0%bb%d1%83%d0%bd', 'ru', 1),
(407744, 781852, 'Усолье-Сибирское', '%d0%a3%d1%81%d0%be%d0%bb%d1%8c%d0%b5-%d0%a1%d0%b8%d0%b1%d0%b', 'ru', 1),
(407745, 781852, 'Усть-Илимск', '%d0%a3%d1%81%d1%82%d1%8c-%d0%98%d0%bb%d0%b8%d0%bc%d1%81%d0%b', 'ru', 1),
(407746, 781852, 'Ангарск', '%d0%90%d0%bd%d0%b3%d0%b0%d1%80%d1%81%d0%ba', 'ru', 1),
(407747, 781852, 'Братск', '%d0%91%d1%80%d0%b0%d1%82%d1%81%d0%ba', 'ru', 1),
(407748, 781852, 'Иркутск', '%d0%98%d1%80%d0%ba%d1%83%d1%82%d1%81%d0%ba', 'ru', 1),
(407749, 781853, 'Майский', '%d0%9c%d0%b0%d0%b9%d1%81%d0%ba%d0%b8%d0%b9', 'ru', 1),
(407750, 781853, 'Прохладный', '%d0%9f%d1%80%d0%be%d1%85%d0%bb%d0%b0%d0%b4%d0%bd%d1%8b%d0%b9', 'ru', 1),
(407751, 781853, 'Терек', '%d0%a2%d0%b5%d1%80%d0%b5%d0%ba', 'ru', 1),
(407752, 781853, 'Хасанья', '%d0%a5%d0%b0%d1%81%d0%b0%d0%bd%d1%8c%d1%8f', 'ru', 1),
(407753, 781853, 'Заюково', '%d0%97%d0%b0%d1%8e%d0%ba%d0%be%d0%b2%d0%be', 'ru', 1),
(407754, 781853, 'Кенже', '%d0%9a%d0%b5%d0%bd%d0%b6%d0%b5', 'ru', 1),
(407755, 781853, 'Исламей', '%d0%98%d1%81%d0%bb%d0%b0%d0%bc%d0%b5%d0%b9', 'ru', 1),
(407756, 781853, 'Чегем Второй', '%d0%a7%d0%b5%d0%b3%d0%b5%d0%bc-%d0%92%d1%82%d0%be%d1%80%d0%b', 'ru', 1),
(407757, 781853, 'Шалушка', '%d0%a8%d0%b0%d0%bb%d1%83%d1%88%d0%ba%d0%b0', 'ru', 1),
(407758, 781853, 'Нартан', '%d0%9d%d0%b0%d1%80%d1%82%d0%b0%d0%bd', 'ru', 1),
(407759, 781853, 'Чегем', '%d0%a7%d0%b5%d0%b3%d0%b5%d0%bc', 'ru', 1),
(407760, 781853, 'Тырныауз', '%d0%a2%d1%8b%d1%80%d0%bd%d1%8b%d0%b0%d1%83%d0%b7', 'ru', 1),
(407761, 781853, 'Нарткала', '%d0%9d%d0%b0%d1%80%d1%82%d0%ba%d0%b0%d0%bb%d0%b0', 'ru', 1),
(407762, 781853, 'Баксан', '%d0%91%d0%b0%d0%ba%d1%81%d0%b0%d0%bd', 'ru', 1),
(407763, 781853, 'Нальчик', '%d0%9d%d0%b0%d0%bb%d1%8c%d1%87%d0%b8%d0%ba', 'ru', 1),
(407764, 781854, 'Балтийск', '%d0%91%d0%b0%d0%bb%d1%82%d0%b8%d0%b9%d1%81%d0%ba', 'ru', 1),
(407765, 781854, 'Гусев', '%d0%93%d1%83%d1%81%d0%b5%d0%b2', 'ru', 1),
(407766, 781854, 'Мамоново', '%d0%9c%d0%b0%d0%bc%d0%be%d0%bd%d0%be%d0%b2%d0%be', 'ru', 1),
(407767, 781854, 'Озёрск', '%d0%9e%d0%b7%d1%91%d1%80%d1%81%d0%ba', 'ru', 1),
(407768, 781854, 'Пионерский', '%d0%9f%d0%b8%d0%be%d0%bd%d0%b5%d1%80%d1%81%d0%ba%d0%b8%d0%b9', 'ru', 1),
(407769, 781854, 'Светлый', '%d0%a1%d0%b2%d0%b5%d1%82%d0%bb%d1%8b%d0%b9', 'ru', 1),
(407770, 781854, 'Советск', '%d0%a1%d0%be%d0%b2%d0%b5%d1%82%d1%81%d0%ba', 'ru', 1),
(407771, 781854, 'Светлогорск', '%d0%a1%d0%b2%d0%b5%d1%82%d0%bb%d0%be%d0%b3%d0%be%d1%80%d1%81', 'ru', 1),
(407772, 781854, 'Янтарный', '%d0%af%d0%bd%d1%82%d0%b0%d1%80%d0%bd%d1%8b%d0%b9', 'ru', 1),
(407773, 781854, 'Багратионовск', '%d0%91%d0%b0%d0%b3%d1%80%d0%b0%d1%82%d0%b8%d0%be%d0%bd%d0%be', 'ru', 1),
(407774, 781854, 'Полесск', '%d0%9f%d0%be%d0%bb%d0%b5%d1%81%d1%81%d0%ba', 'ru', 1),
(407775, 781854, 'Неман', '%d0%9d%d0%b5%d0%bc%d0%b0%d0%bd', 'ru', 1),
(407776, 781854, 'Зеленоградск', '%d0%97%d0%b5%d0%bb%d0%b5%d0%bd%d0%be%d0%b3%d1%80%d0%b0%d0%b4', 'ru', 1),
(407777, 781854, 'Гвардейск', '%d0%93%d0%b2%d0%b0%d1%80%d0%b4%d0%b5%d0%b9%d1%81%d0%ba', 'ru', 1),
(407778, 781854, 'Гурьевск', '%d0%93%d1%83%d1%80%d1%8c%d0%b5%d0%b2%d1%81%d0%ba', 'ru', 1),
(407779, 781854, 'Черняховск', '%d0%a7%d0%b5%d1%80%d0%bd%d1%8f%d1%85%d0%be%d0%b2%d1%81%d0%ba', 'ru', 1),
(407780, 781854, 'Калининград', '%d0%9a%d0%b0%d0%bb%d0%b8%d0%bd%d0%b8%d0%bd%d0%b3%d1%80%d0%b0', 'ru', 1),
(407781, 781855, 'Балабаново', '%d0%91%d0%b0%d0%bb%d0%b0%d0%b1%d0%b0%d0%bd%d0%be%d0%b2%d0%be', 'ru', 1),
(407782, 781855, 'Белоусово', '%d0%91%d0%b5%d0%bb%d0%be%d1%83%d1%81%d0%be%d0%b2%d0%be', 'ru', 1),
(407783, 781855, 'Боровск', '%d0%91%d0%be%d1%80%d0%be%d0%b2%d1%81%d0%ba', 'ru', 1),
(407784, 781855, 'Воротынск', '%d0%92%d0%be%d1%80%d0%be%d1%82%d1%8b%d0%bd%d1%81%d0%ba', 'ru', 1),
(407785, 781855, 'Думиничи', '%d0%94%d1%83%d0%bc%d0%b8%d0%bd%d0%b8%d1%87%d0%b8', 'ru', 1),
(407786, 781855, 'Ермолино', '%d0%95%d1%80%d0%bc%d0%be%d0%bb%d0%b8%d0%bd%d0%be', 'ru', 1),
(407787, 781855, 'Калуга', '%d0%9a%d0%b0%d0%bb%d1%83%d0%b3%d0%b0', 'ru', 1),
(407788, 781855, 'Киров', '%d0%9a%d0%b8%d1%80%d0%be%d0%b2', 'ru', 1),
(407789, 781855, 'Кондрово', '%d0%9a%d0%be%d0%bd%d0%b4%d1%80%d0%be%d0%b2%d0%be', 'ru', 1),
(407790, 781855, 'Кремёнки', '%d0%9a%d1%80%d0%b5%d0%bc%d1%91%d0%bd%d0%ba%d0%b8', 'ru', 1),
(407791, 781855, 'Сосенский', '%d0%a1%d0%be%d1%81%d0%b5%d0%bd%d1%81%d0%ba%d0%b8%d0%b9', 'ru', 1),
(407792, 781855, 'Товарково', '%d0%a2%d0%be%d0%b2%d0%b0%d1%80%d0%ba%d0%be%d0%b2%d0%be', 'ru', 1),
(407793, 781855, 'Спас-Деменск', '%d0%a1%d0%bf%d0%b0%d1%81-%d0%94%d0%b5%d0%bc%d0%b5%d0%bd%d1%8', 'ru', 1),
(407794, 781855, 'Полотняный Завод', '%d0%9f%d0%be%d0%bb%d0%be%d1%82%d0%bd%d1%8f%d0%bd%d1%8b%d0%b9', 'ru', 1),
(407795, 781855, 'Жиздра', '%d0%96%d0%b8%d0%b7%d0%b4%d1%80%d0%b0', 'ru', 1),
(407796, 781855, 'Медынь', '%d0%9c%d0%b5%d0%b4%d1%8b%d0%bd%d1%8c', 'ru', 1),
(407797, 781855, 'Юхнов', '%d0%ae%d1%85%d0%bd%d0%be%d0%b2', 'ru', 1),
(407798, 781855, 'Таруса', '%d0%a2%d0%b0%d1%80%d1%83%d1%81%d0%b0', 'ru', 1),
(407799, 781855, 'Жуков', '%d0%96%d1%83%d0%ba%d0%be%d0%b2', 'ru', 1),
(407800, 781855, 'Сухиничи', '%d0%a1%d1%83%d1%85%d0%b8%d0%bd%d0%b8%d1%87%d0%b8', 'ru', 1),
(407801, 781855, 'Козельск', '%d0%9a%d0%be%d0%b7%d0%b5%d0%bb%d1%8c%d1%81%d0%ba', 'ru', 1),
(407802, 781855, 'Малоярославец', '%d0%9c%d0%b0%d0%bb%d0%be%d1%8f%d1%80%d0%be%d1%81%d0%bb%d0%b0', 'ru', 1),
(407803, 781855, 'Людиново', '%d0%9b%d1%8e%d0%b4%d0%b8%d0%bd%d0%be%d0%b2%d0%be', 'ru', 1),
(407804, 781855, 'Обнинск', '%d0%9e%d0%b1%d0%bd%d0%b8%d0%bd%d1%81%d0%ba', 'ru', 1),
(407805, 781856, 'Апача', '%d0%90%d0%bf%d0%b0%d1%87%d0%b0', 'ru', 1),
(407806, 781856, 'Вулканный', '%d0%92%d1%83%d0%bb%d0%ba%d0%b0%d0%bd%d0%bd%d1%8b%d0%b9', 'ru', 1),
(407807, 781856, 'Ключи', '%d0%9a%d0%bb%d1%8e%d1%87%d0%b8', 'ru', 1),
(407808, 781856, 'Козыревск', '%d0%9a%d0%be%d0%b7%d1%8b%d1%80%d0%b5%d0%b2%d1%81%d0%ba', 'ru', 1),
(407809, 781856, 'Коряки', '%d0%9a%d0%be%d1%80%d1%8f%d0%ba%d0%b8', 'ru', 1),
(407810, 781856, 'Лесной', '%d0%9b%d0%b5%d1%81%d0%bd%d0%be%d0%b9', 'ru', 1),
(407811, 781856, 'Мильково', '%d0%9c%d0%b8%d0%bb%d1%8c%d0%ba%d0%be%d0%b2%d0%be', 'ru', 1),
(407812, 781856, 'Нагорный', '%d0%9d%d0%b0%d0%b3%d0%be%d1%80%d0%bd%d1%8b%d0%b9', 'ru', 1),
(407813, 781856, 'Николаевка', '%d0%9d%d0%b8%d0%ba%d0%be%d0%bb%d0%b0%d0%b5%d0%b2%d0%ba%d0%b0', 'ru', 1),
(407814, 781856, 'Новый', '%d0%9d%d0%be%d0%b2%d1%8b%d0%b9', 'ru', 1),
(407815, 781856, 'Октябрьский', '%d0%9e%d0%ba%d1%82%d1%8f%d0%b1%d1%80%d1%8c%d1%81%d0%ba%d0%b8', 'ru', 1),
(407816, 781856, 'Пионерский', '%d0%9f%d0%b8%d0%be%d0%bd%d0%b5%d1%80%d1%81%d0%ba%d0%b8%d0%b9', 'ru', 1),
(407817, 781856, 'Раздольный', '%d0%a0%d0%b0%d0%b7%d0%b4%d0%be%d0%bb%d1%8c%d0%bd%d1%8b%d0%b9', 'ru', 1),
(407818, 781856, 'Соболево', '%d0%a1%d0%be%d0%b1%d0%be%d0%bb%d0%b5%d0%b2%d0%be', 'ru', 1),
(407819, 781856, 'Сокоч', '%d0%a1%d0%be%d0%ba%d0%be%d1%87', 'ru', 1),
(407820, 781856, 'Термальный', '%d0%a2%d0%b5%d1%80%d0%bc%d0%b0%d0%bb%d1%8c%d0%bd%d1%8b%d0%b9', 'ru', 1),
(407821, 781856, 'Усть-Большерецк', '%d0%a3%d1%81%d1%82%d1%8c-%d0%91%d0%be%d0%bb%d1%8c%d1%88%d0%b', 'ru', 1),
(407822, 781856, 'Усть-Камчатск', '%d0%a3%d1%81%d1%82%d1%8c-%d0%9a%d0%b0%d0%bc%d1%87%d0%b0%d1%8', 'ru', 1),
(407823, 781856, 'Паратунка', '%d0%9f%d0%b0%d1%80%d0%b0%d1%82%d1%83%d0%bd%d0%ba%d0%b0', 'ru', 1),
(407824, 781856, 'Эссо', '%d0%ad%d1%81%d1%81%d0%be', 'ru', 1),
(407825, 781856, 'Озерновский', '%d0%9e%d0%b7%d0%b5%d1%80%d0%bd%d0%be%d0%b2%d1%81%d0%ba%d0%b8', 'ru', 1),
(407826, 781856, 'Вилючинск', '%d0%92%d0%b8%d0%bb%d1%8e%d1%87%d0%b8%d0%bd%d1%81%d0%ba', 'ru', 1),
(407827, 781856, 'Елизово', '%d0%95%d0%bb%d0%b8%d0%b7%d0%be%d0%b2%d0%be', 'ru', 1),
(407828, 781856, 'Петропавловск-Камчатский', '%d0%9f%d0%b5%d1%82%d1%80%d0%be%d0%bf%d0%b0%d0%b2%d0%bb%d0%be', 'ru', 1),
(407829, 781857, 'Первомайское', '%d0%9f%d0%b5%d1%80%d0%b2%d0%be%d0%bc%d0%b0%d0%b9%d1%81%d0%ba', 'ru', 1),
(407830, 781857, 'Сторожевая', '%d0%a1%d1%82%d0%be%d1%80%d0%be%d0%b6%d0%b5%d0%b2%d0%b0%d1%8f', 'ru', 1),
(407831, 781857, 'Теберда', '%d0%a2%d0%b5%d0%b1%d0%b5%d1%80%d0%b4%d0%b0', 'ru', 1),
(407832, 781857, 'Али-Бердуковский', '%d0%90%d0%bb%d0%b8-%d0%91%d0%b5%d1%80%d0%b4%d1%83%d0%ba%d0%b', 'ru', 1),
(407833, 781857, 'Хабез', '%d0%a5%d0%b0%d0%b1%d0%b5%d0%b7', 'ru', 1),
(407834, 781857, 'Терезе', '%d0%a2%d0%b5%d1%80%d0%b5%d0%b7%d0%b5', 'ru', 1),
(407835, 781857, 'Преградная', '%d0%9f%d1%80%d0%b5%d0%b3%d1%80%d0%b0%d0%b4%d0%bd%d0%b0%d1%8f', 'ru', 1),
(407836, 781857, 'Псыж', '%d0%9f%d1%81%d1%8b%d0%b6', 'ru', 1),
(407837, 781857, 'Кардоникская', '%d0%9a%d0%b0%d1%80%d0%b4%d0%be%d0%bd%d0%b8%d0%ba%d1%81%d0%ba', 'ru', 1),
(407838, 781857, 'Учкекен', '%d0%a3%d1%87%d0%ba%d0%b5%d0%ba%d0%b5%d0%bd', 'ru', 1),
(407839, 781857, 'Карачаевск', '%d0%9a%d0%b0%d1%80%d0%b0%d1%87%d0%b0%d0%b5%d0%b2%d1%81%d0%ba', 'ru', 1),
(407840, 781857, 'Зеленчукская', '%d0%97%d0%b5%d0%bb%d0%b5%d0%bd%d1%87%d1%83%d0%ba%d1%81%d0%ba', 'ru', 1),
(407841, 781857, 'Усть-Джегута', '%d0%a3%d1%81%d1%82%d1%8c-%d0%94%d0%b6%d0%b5%d0%b3%d1%83%d1%8', 'ru', 1),
(407842, 781857, 'Черкесск', '%d0%a7%d0%b5%d1%80%d0%ba%d0%b5%d1%81%d1%81%d0%ba', 'ru', 1),
(407843, 781858, 'Белово', '%d0%91%d0%b5%d0%bb%d0%be%d0%b2%d0%be', 'ru', 1),
(407844, 781858, 'Берёзовский', '%d0%91%d0%b5%d1%80%d1%91%d0%b7%d0%be%d0%b2%d1%81%d0%ba%d0%b8', 'ru', 1),
(407845, 781858, 'Гурьевск', '%d0%93%d1%83%d1%80%d1%8c%d0%b5%d0%b2%d1%81%d0%ba', 'ru', 1),
(407846, 781858, 'Мариинск', '%d0%9c%d0%b0%d1%80%d0%b8%d0%b8%d0%bd%d1%81%d0%ba', 'ru', 1),
(407847, 781858, 'Междуреченск', '%d0%9c%d0%b5%d0%b6%d0%b4%d1%83%d1%80%d0%b5%d1%87%d0%b5%d0%bd', 'ru', 1),
(407848, 781858, 'Мыски', '%d0%9c%d1%8b%d1%81%d0%ba%d0%b8', 'ru', 1),
(407849, 781858, 'Новый Городок', '%d0%9d%d0%be%d0%b2%d1%8b%d0%b9-%d0%93%d0%be%d1%80%d0%be%d0%b', 'ru', 1),
(407850, 781858, 'Осинники', '%d0%9e%d1%81%d0%b8%d0%bd%d0%bd%d0%b8%d0%ba%d0%b8', 'ru', 1),
(407851, 781858, 'Тайга', '%d0%a2%d0%b0%d0%b9%d0%b3%d0%b0', 'ru', 1),
(407852, 781858, 'Таштагол', '%d0%a2%d0%b0%d1%88%d1%82%d0%b0%d0%b3%d0%be%d0%bb', 'ru', 1),
(407853, 781858, 'Топки', '%d0%a2%d0%be%d0%bf%d0%ba%d0%b8', 'ru', 1),
(407854, 781858, 'Яшкино', '%d0%af%d1%88%d0%ba%d0%b8%d0%bd%d0%be', 'ru', 1),
(407855, 781858, 'Бачатский', '%d0%91%d0%b0%d1%87%d0%b0%d1%82%d1%81%d0%ba%d0%b8%d0%b9', 'ru', 1),
(407856, 781858, 'Промышленная', '%d0%9f%d1%80%d0%be%d0%bc%d1%8b%d1%88%d0%bb%d0%b5%d0%bd%d0%bd', 'ru', 1),
(407857, 781858, 'Калтан', '%d0%9a%d0%b0%d0%bb%d1%82%d0%b0%d0%bd', 'ru', 1),
(407858, 781858, 'Полысаево', '%d0%9f%d0%be%d0%bb%d1%8b%d1%81%d0%b0%d0%b5%d0%b2%d0%be', 'ru', 1),
(407859, 781858, 'Анжеро-Судженск', '%d0%90%d0%bd%d0%b6%d0%b5%d1%80%d0%be-%d0%a1%d1%83%d0%b4%d0%b', 'ru', 1),
(407860, 781858, 'Юрга', '%d0%ae%d1%80%d0%b3%d0%b0', 'ru', 1),
(407861, 781858, 'Киселёвск', '%d0%9a%d0%b8%d1%81%d0%b5%d0%bb%d1%91%d0%b2%d1%81%d0%ba', 'ru', 1),
(407862, 781858, 'Ленинск-Кузнецкий', '%d0%9b%d0%b5%d0%bd%d0%b8%d0%bd%d1%81%d0%ba-%d0%9a%d1%83%d0%b', 'ru', 1),
(407863, 781858, 'Прокопьевск', '%d0%9f%d1%80%d0%be%d0%ba%d0%be%d0%bf%d1%8c%d0%b5%d0%b2%d1%81', 'ru', 1),
(407864, 781858, 'Кемерово', '%d0%9a%d0%b5%d0%bc%d0%b5%d1%80%d0%be%d0%b2%d0%be', 'ru', 1),
(407865, 781858, 'Новокузнецк', '%d0%9d%d0%be%d0%b2%d0%be%d0%ba%d1%83%d0%b7%d0%bd%d0%b5%d1%86', 'ru', 1),
(407866, 781859, 'Вахруши', '%d0%92%d0%b0%d1%85%d1%80%d1%83%d1%88%d0%b8', 'ru', 1),
(407867, 781859, 'ЗАТО Первомайский', '%d0%97%d0%90%d0%a2%d0%9e-%d0%9f%d0%b5%d1%80%d0%b2%d0%be%d0%b', 'ru', 1),
(407868, 781859, 'Зуевка', '%d0%97%d1%83%d0%b5%d0%b2%d0%ba%d0%b0', 'ru', 1),
(407869, 781859, 'Киров', '%d0%9a%d0%b8%d1%80%d0%be%d0%b2', 'ru', 1),
(407870, 781859, 'Луза', '%d0%9b%d1%83%d0%b7%d0%b0', 'ru', 1),
(407871, 781859, 'Малмыж', '%d0%9c%d0%b0%d0%bb%d0%bc%d1%8b%d0%b6', 'ru', 1),
(407872, 781859, 'Мурыгино', '%d0%9c%d1%83%d1%80%d1%8b%d0%b3%d0%b8%d0%bd%d0%be', 'ru', 1),
(407873, 781859, 'Слободской', '%d0%a1%d0%bb%d0%be%d0%b1%d0%be%d0%b4%d1%81%d0%ba%d0%be%d0%b9', 'ru', 1),
(407874, 781859, 'Советск', '%d0%a1%d0%be%d0%b2%d0%b5%d1%82%d1%81%d0%ba', 'ru', 1),
(407875, 781859, 'Сосновка', '%d0%a1%d0%be%d1%81%d0%bd%d0%be%d0%b2%d0%ba%d0%b0', 'ru', 1),
(407876, 781859, 'Уржум', '%d0%a3%d1%80%d0%b6%d1%83%d0%bc', 'ru', 1),
(407877, 781859, 'Оричи', '%d0%9e%d1%80%d0%b8%d1%87%d0%b8', 'ru', 1),
(407878, 781859, 'Нолинск', '%d0%9d%d0%be%d0%bb%d0%b8%d0%bd%d1%81%d0%ba', 'ru', 1),
(407879, 781859, 'Кирс', '%d0%9a%d0%b8%d1%80%d1%81', 'ru', 1),
(407880, 781859, 'Белая Холуница', '%d0%91%d0%b5%d0%bb%d0%b0%d1%8f-%d0%a5%d0%be%d0%bb%d1%83%d0%b', 'ru', 1),
(407881, 781859, 'Яранск', '%d0%af%d1%80%d0%b0%d0%bd%d1%81%d0%ba', 'ru', 1),
(407882, 781859, 'Омутнинск', '%d0%9e%d0%bc%d1%83%d1%82%d0%bd%d0%b8%d0%bd%d1%81%d0%ba', 'ru', 1),
(407883, 781859, 'Котельнич', '%d0%9a%d0%be%d1%82%d0%b5%d0%bb%d1%8c%d0%bd%d0%b8%d1%87', 'ru', 1),
(407884, 781859, 'Вятские Поляны', '%d0%92%d1%8f%d1%82%d1%81%d0%ba%d0%b8%d0%b5-%d0%9f%d0%be%d0%b', 'ru', 1),
(407885, 781859, 'Кирово-Чепецк', '%d0%9a%d0%b8%d1%80%d0%be%d0%b2%d0%be-%d0%a7%d0%b5%d0%bf%d0%b', 'ru', 1),
(407886, 781860, 'Гайны', '%d0%93%d0%b0%d0%b9%d0%bd%d1%8b', 'ru', 1),
(407887, 781860, 'Коса', '%d0%9a%d0%be%d1%81%d0%b0', 'ru', 1),
(407888, 781860, 'Кочево', '%d0%9a%d0%be%d1%87%d0%b5%d0%b2%d0%be', 'ru', 1),
(407889, 781860, 'Юсьва', '%d0%ae%d1%81%d1%8c%d0%b2%d0%b0', 'ru', 1),
(407890, 781860, 'Юрла', '%d0%ae%d1%80%d0%bb%d0%b0', 'ru', 1),
(407891, 781860, 'Кудымкар', '%d0%9a%d1%83%d0%b4%d1%8b%d0%bc%d0%ba%d0%b0%d1%80', 'ru', 1),
(407892, 781861, 'Апука', '%d0%90%d0%bf%d1%83%d0%ba%d0%b0', 'ru', 1),
(407893, 781861, 'Ачайваям', '%d0%90%d1%87%d0%b0%d0%b9%d0%b2%d0%b0%d1%8f%d0%bc', 'ru', 1),
(407894, 781861, 'Ивашка', '%d0%98%d0%b2%d0%b0%d1%88%d0%ba%d0%b0', 'ru', 1),
(407895, 781861, 'Ильпырское', '%d0%98%d0%bb%d1%8c%d0%bf%d1%8b%d1%80%d1%81%d0%ba%d0%be%d0%b5', 'ru', 1),
(407896, 781861, 'Карага', '%d0%9a%d0%b0%d1%80%d0%b0%d0%b3%d0%b0', 'ru', 1),
(407897, 781861, 'Корф', '%d0%9a%d0%be%d1%80%d1%84', 'ru', 1),
(407898, 781861, 'Кострома', '%d0%9a%d0%be%d1%81%d1%82%d1%80%d0%be%d0%bc%d0%b0', 'ru', 1),
(407899, 781861, 'Пахачи', '%d0%9f%d0%b0%d1%85%d0%b0%d1%87%d0%b8', 'ru', 1),
(407900, 781861, 'Средние Пахачи', '%d0%a1%d1%80%d0%b5%d0%b4%d0%bd%d0%b8%d0%b5-%d0%9f%d0%b0%d1%8', 'ru', 1),
(407901, 781861, 'Тымлат', '%d0%a2%d1%8b%d0%bc%d0%bb%d0%b0%d1%82', 'ru', 1),
(407902, 781861, 'Хаилино', '%d0%a5%d0%b0%d0%b8%d0%bb%d0%b8%d0%bd%d0%be', 'ru', 1),
(407903, 781861, 'Вывенка', '%d0%92%d1%8b%d0%b2%d0%b5%d0%bd%d0%ba%d0%b0', 'ru', 1),
(407904, 781861, 'Тиличики', '%d0%a2%d0%b8%d0%bb%d0%b8%d1%87%d0%b8%d0%ba%d0%b8', 'ru', 1),
(407905, 781861, 'Оссора', '%d0%9e%d1%81%d1%81%d0%be%d1%80%d0%b0', 'ru', 1),
(407906, 781862, 'Буй', '%d0%91%d1%83%d0%b9', 'ru', 1),
(407907, 781862, 'Кострома', '%d0%9a%d0%be%d1%81%d1%82%d1%80%d0%be%d0%bc%d0%b0', 'ru', 1),
(407908, 781862, 'Мантурово', '%d0%9c%d0%b0%d0%bd%d1%82%d1%83%d1%80%d0%be%d0%b2%d0%be', 'ru', 1),
(407909, 781862, 'Нерехта', '%d0%9d%d0%b5%d1%80%d0%b5%d1%85%d1%82%d0%b0', 'ru', 1),
(407910, 781862, 'Нея', '%d0%9d%d0%b5%d1%8f', 'ru', 1),
(407911, 781862, 'Волгореченск', '%d0%92%d0%be%d0%bb%d0%b3%d0%be%d1%80%d0%b5%d1%87%d0%b5%d0%bd', 'ru', 1),
(407912, 781862, 'Галич', '%d0%93%d0%b0%d0%bb%d0%b8%d1%87', 'ru', 1),
(407913, 781862, 'Шарья', '%d0%a8%d0%b0%d1%80%d1%8c%d1%8f', 'ru', 1);
INSERT INTO `oc_t_city` (`pk_i_id`, `fk_i_region_id`, `s_name`, `s_slug`, `fk_c_country_code`, `b_active`) VALUES
(407914, 781863, 'Горячий Ключ', '%d0%93%d0%be%d1%80%d1%8f%d1%87%d0%b8%d0%b9-%d0%9a%d0%bb%d1%8', 'ru', 1),
(407915, 781863, 'Краснодар', '%d0%9a%d1%80%d0%b0%d1%81%d0%bd%d0%be%d0%b4%d0%b0%d1%80', 'ru', 1),
(407916, 781863, 'Новороссийск', '%d0%9d%d0%be%d0%b2%d0%be%d1%80%d0%be%d1%81%d1%81%d0%b8%d0%b9', 'ru', 1),
(407917, 781863, 'Отрадная', '%d0%9e%d1%82%d1%80%d0%b0%d0%b4%d0%bd%d0%b0%d1%8f', 'ru', 1),
(407918, 781863, 'Павловская', '%d0%9f%d0%b0%d0%b2%d0%bb%d0%be%d0%b2%d1%81%d0%ba%d0%b0%d1%8f', 'ru', 1),
(407919, 781863, 'Тимашёвск', '%d0%a2%d0%b8%d0%bc%d0%b0%d1%88%d1%91%d0%b2%d1%81%d0%ba', 'ru', 1),
(407920, 781863, 'Кропоткин', '%d0%9a%d1%80%d0%be%d0%bf%d0%be%d1%82%d0%ba%d0%b8%d0%bd', 'ru', 1),
(407921, 781863, 'Тихорецк', '%d0%a2%d0%b8%d1%85%d0%be%d1%80%d0%b5%d1%86%d0%ba', 'ru', 1),
(407922, 781863, 'Хадыженск', '%d0%a5%d0%b0%d0%b4%d1%8b%d0%b6%d0%b5%d0%bd%d1%81%d0%ba', 'ru', 1),
(407923, 781863, 'Брюховецкая', '%d0%91%d1%80%d1%8e%d1%85%d0%be%d0%b2%d0%b5%d1%86%d0%ba%d0%b0', 'ru', 1),
(407924, 781863, 'Новотитаровская', '%d0%9d%d0%be%d0%b2%d0%be%d1%82%d0%b8%d1%82%d0%b0%d1%80%d0%be', 'ru', 1),
(407925, 781863, 'Северская', '%d0%a1%d0%b5%d0%b2%d0%b5%d1%80%d1%81%d0%ba%d0%b0%d1%8f', 'ru', 1),
(407926, 781863, 'Ильский', '%d0%98%d0%bb%d1%8c%d1%81%d0%ba%d0%b8%d0%b9', 'ru', 1),
(407927, 781863, 'Тбилисская', '%d0%a2%d0%b1%d0%b8%d0%bb%d0%b8%d1%81%d1%81%d0%ba%d0%b0%d1%8f', 'ru', 1),
(407928, 781863, 'Мостовской', '%d0%9c%d0%be%d1%81%d1%82%d0%be%d0%b2%d1%81%d0%ba%d0%be%d0%b9', 'ru', 1),
(407929, 781863, 'Полтавская', '%d0%9f%d0%be%d0%bb%d1%82%d0%b0%d0%b2%d1%81%d0%ba%d0%b0%d1%8f', 'ru', 1),
(407930, 781863, 'Кущёвская', '%d0%9a%d1%83%d1%89%d1%91%d0%b2%d1%81%d0%ba%d0%b0%d1%8f', 'ru', 1),
(407931, 781863, 'Староминская', '%d0%a1%d1%82%d0%b0%d1%80%d0%be%d0%bc%d0%b8%d0%bd%d1%81%d0%ba', 'ru', 1),
(407932, 781863, 'Приморско-Ахтарск', '%d0%9f%d1%80%d0%b8%d0%bc%d0%be%d1%80%d1%81%d0%ba%d0%be-%d0%9', 'ru', 1),
(407933, 781863, 'Динская', '%d0%94%d0%b8%d0%bd%d1%81%d0%ba%d0%b0%d1%8f', 'ru', 1),
(407934, 781863, 'Абинск', '%d0%90%d0%b1%d0%b8%d0%bd%d1%81%d0%ba', 'ru', 1),
(407935, 781863, 'Гулькевичи', '%d0%93%d1%83%d0%bb%d1%8c%d0%ba%d0%b5%d0%b2%d0%b8%d1%87%d0%b8', 'ru', 1),
(407936, 781863, 'Новокубанск', '%d0%9d%d0%be%d0%b2%d0%be%d0%ba%d1%83%d0%b1%d0%b0%d0%bd%d1%81', 'ru', 1),
(407937, 781863, 'Темрюк', '%d0%a2%d0%b5%d0%bc%d1%80%d1%8e%d0%ba', 'ru', 1),
(407938, 781863, 'Ленинградская', '%d0%9b%d0%b5%d0%bd%d0%b8%d0%bd%d0%b3%d1%80%d0%b0%d0%b4%d1%81', 'ru', 1),
(407939, 781863, 'Апшеронск', '%d0%90%d0%bf%d1%88%d0%b5%d1%80%d0%be%d0%bd%d1%81%d0%ba', 'ru', 1),
(407940, 781863, 'Кореновск', '%d0%9a%d0%be%d1%80%d0%b5%d0%bd%d0%be%d0%b2%d1%81%d0%ba', 'ru', 1),
(407941, 781863, 'Усть-Лабинск', '%d0%a3%d1%81%d1%82%d1%8c-%d0%9b%d0%b0%d0%b1%d0%b8%d0%bd%d1%8', 'ru', 1),
(407942, 781863, 'Каневская', '%d0%9a%d0%b0%d0%bd%d0%b5%d0%b2%d1%81%d0%ba%d0%b0%d1%8f', 'ru', 1),
(407943, 781863, 'Курганинск', '%d0%9a%d1%83%d1%80%d0%b3%d0%b0%d0%bd%d0%b8%d0%bd%d1%81%d0%ba', 'ru', 1),
(407944, 781863, 'Геленджик', '%d0%93%d0%b5%d0%bb%d0%b5%d0%bd%d0%b4%d0%b6%d0%b8%d0%ba', 'ru', 1),
(407945, 781863, 'Анапа', '%d0%90%d0%bd%d0%b0%d0%bf%d0%b0', 'ru', 1),
(407946, 781863, 'Белореченск', '%d0%91%d0%b5%d0%bb%d0%be%d1%80%d0%b5%d1%87%d0%b5%d0%bd%d1%81', 'ru', 1),
(407947, 781863, 'Крымск', '%d0%9a%d1%80%d1%8b%d0%bc%d1%81%d0%ba', 'ru', 1),
(407948, 781863, 'Лабинск', '%d0%9b%d0%b0%d0%b1%d0%b8%d0%bd%d1%81%d0%ba', 'ru', 1),
(407949, 781863, 'Туапсе', '%d0%a2%d1%83%d0%b0%d0%bf%d1%81%d0%b5', 'ru', 1),
(407950, 781863, 'Славянск-на-Кубани', '%d0%a1%d0%bb%d0%b0%d0%b2%d1%8f%d0%bd%d1%81%d0%ba-%d0%bd%d0%b', 'ru', 1),
(407951, 781863, 'Ейск', '%d0%95%d0%b9%d1%81%d0%ba', 'ru', 1),
(407952, 781863, 'Армавир', '%d0%90%d1%80%d0%bc%d0%b0%d0%b2%d0%b8%d1%80', 'ru', 1),
(407953, 781863, 'Сочи', '%d0%a1%d0%be%d1%87%d0%b8', 'ru', 1),
(407954, 781864, 'Ачинск', '%d0%90%d1%87%d0%b8%d0%bd%d1%81%d0%ba', 'ru', 1),
(407955, 781864, 'Берёзовка', '%d0%91%d0%b5%d1%80%d1%91%d0%b7%d0%be%d0%b2%d0%ba%d0%b0', 'ru', 1),
(407956, 781864, 'Боготол', '%d0%91%d0%be%d0%b3%d0%be%d1%82%d0%be%d0%bb', 'ru', 1),
(407957, 781864, 'Бородино', '%d0%91%d0%be%d1%80%d0%be%d0%b4%d0%b8%d0%bd%d0%be', 'ru', 1),
(407958, 781864, 'Канск', '%d0%9a%d0%b0%d0%bd%d1%81%d0%ba', 'ru', 1),
(407959, 781864, 'Красноярск', '%d0%9a%d1%80%d0%b0%d1%81%d0%bd%d0%be%d1%8f%d1%80%d1%81%d0%ba', 'ru', 1),
(407960, 781864, 'Назарово', '%d0%9d%d0%b0%d0%b7%d0%b0%d1%80%d0%be%d0%b2%d0%be', 'ru', 1),
(407961, 781864, 'Шарыпово', '%d0%a8%d0%b0%d1%80%d1%8b%d0%bf%d0%be%d0%b2%d0%be', 'ru', 1),
(407962, 781864, 'Ужур', '%d0%a3%d0%b6%d1%83%d1%80', 'ru', 1),
(407963, 781864, 'Кодинск', '%d0%9a%d0%be%d0%b4%d0%b8%d0%bd%d1%81%d0%ba', 'ru', 1),
(407964, 781864, 'Иланский', '%d0%98%d0%bb%d0%b0%d0%bd%d1%81%d0%ba%d0%b8%d0%b9', 'ru', 1),
(407965, 781864, 'Шушенское', '%d0%a8%d1%83%d1%88%d0%b5%d0%bd%d1%81%d0%ba%d0%be%d0%b5', 'ru', 1),
(407966, 781864, 'Енисейск', '%d0%95%d0%bd%d0%b8%d1%81%d0%b5%d0%b9%d1%81%d0%ba', 'ru', 1),
(407967, 781864, 'Дудинка', '%d0%94%d1%83%d0%b4%d0%b8%d0%bd%d0%ba%d0%b0', 'ru', 1),
(407968, 781864, 'Дивногорск', '%d0%94%d0%b8%d0%b2%d0%bd%d0%be%d0%b3%d0%be%d1%80%d1%81%d0%ba', 'ru', 1),
(407969, 781864, 'Сосновоборск', '%d0%a1%d0%be%d1%81%d0%bd%d0%be%d0%b2%d0%be%d0%b1%d0%be%d1%80', 'ru', 1),
(407970, 781864, 'Лесосибирск', '%d0%9b%d0%b5%d1%81%d0%be%d1%81%d0%b8%d0%b1%d0%b8%d1%80%d1%81', 'ru', 1),
(407971, 781864, 'Зеленогорск', '%d0%97%d0%b5%d0%bb%d0%b5%d0%bd%d0%be%d0%b3%d0%be%d1%80%d1%81', 'ru', 1),
(407972, 781864, 'Минусинск', '%d0%9c%d0%b8%d0%bd%d1%83%d1%81%d0%b8%d0%bd%d1%81%d0%ba', 'ru', 1),
(407973, 781864, 'Железногорск', '%d0%96%d0%b5%d0%bb%d0%b5%d0%b7%d0%bd%d0%be%d0%b3%d0%be%d1%80', 'ru', 1),
(407974, 781864, 'Норильск', '%d0%9d%d0%be%d1%80%d0%b8%d0%bb%d1%8c%d1%81%d0%ba', 'ru', 1),
(407975, 781865, 'Каргаполье', '%d0%9a%d0%b0%d1%80%d0%b3%d0%b0%d0%bf%d0%be%d0%bb%d1%8c%d0%b5', 'ru', 1),
(407976, 781865, 'Курган', '%d0%9a%d1%83%d1%80%d0%b3%d0%b0%d0%bd', 'ru', 1),
(407977, 781865, 'Куртамыш', '%d0%9a%d1%83%d1%80%d1%82%d0%b0%d0%bc%d1%8b%d1%88', 'ru', 1),
(407978, 781865, 'Лебяжье', '%d0%9b%d0%b5%d0%b1%d1%8f%d0%b6%d1%8c%d0%b5', 'ru', 1),
(407979, 781865, 'Лесниково', '%d0%9b%d0%b5%d1%81%d0%bd%d0%b8%d0%ba%d0%be%d0%b2%d0%be', 'ru', 1),
(407980, 781865, 'Мишкино', '%d0%9c%d0%b8%d1%88%d0%ba%d0%b8%d0%bd%d0%be', 'ru', 1),
(407981, 781865, 'Петухово', '%d0%9f%d0%b5%d1%82%d1%83%d1%85%d0%be%d0%b2%d0%be', 'ru', 1),
(407982, 781865, 'Половинное', '%d0%9f%d0%be%d0%bb%d0%be%d0%b2%d0%b8%d0%bd%d0%bd%d0%be%d0%b5', 'ru', 1),
(407983, 781865, 'Целинное', '%d0%a6%d0%b5%d0%bb%d0%b8%d0%bd%d0%bd%d0%be%d0%b5', 'ru', 1),
(407984, 781865, 'Шатрово', '%d0%a8%d0%b0%d1%82%d1%80%d0%be%d0%b2%d0%be', 'ru', 1),
(407985, 781865, 'Шумиха', '%d0%a8%d1%83%d0%bc%d0%b8%d1%85%d0%b0', 'ru', 1),
(407986, 781865, 'Щучье', '%d0%a9%d1%83%d1%87%d1%8c%d0%b5', 'ru', 1),
(407987, 781865, 'Иковка', '%d0%98%d0%ba%d0%be%d0%b2%d0%ba%d0%b0', 'ru', 1),
(407988, 781865, 'Кетово', '%d0%9a%d0%b5%d1%82%d0%be%d0%b2%d0%be', 'ru', 1),
(407989, 781865, 'Юргамыш', '%d0%ae%d1%80%d0%b3%d0%b0%d0%bc%d1%8b%d1%88', 'ru', 1),
(407990, 781865, 'Макушино', '%d0%9c%d0%b0%d0%ba%d1%83%d1%88%d0%b8%d0%bd%d0%be', 'ru', 1),
(407991, 781865, 'Варгаши', '%d0%92%d0%b0%d1%80%d0%b3%d0%b0%d1%88%d0%b8', 'ru', 1),
(407992, 781865, 'Далматово', '%d0%94%d0%b0%d0%bb%d0%bc%d0%b0%d1%82%d0%be%d0%b2%d0%be', 'ru', 1),
(407993, 781865, 'Катайск', '%d0%9a%d0%b0%d1%82%d0%b0%d0%b9%d1%81%d0%ba', 'ru', 1),
(407994, 781865, 'Шадринск', '%d0%a8%d0%b0%d0%b4%d1%80%d0%b8%d0%bd%d1%81%d0%ba', 'ru', 1),
(407995, 781866, 'Глушково', '%d0%93%d0%bb%d1%83%d1%88%d0%ba%d0%be%d0%b2%d0%be', 'ru', 1),
(407996, 781866, 'Дмитриев-Льговский', '%d0%94%d0%bc%d0%b8%d1%82%d1%80%d0%b8%d0%b5%d0%b2-%d0%9b%d1%8', 'ru', 1),
(407997, 781866, 'Железногорск', '%d0%96%d0%b5%d0%bb%d0%b5%d0%b7%d0%bd%d0%be%d0%b3%d0%be%d1%80', 'ru', 1),
(407998, 781866, 'Имени Карла Либкнехта', '%d0%98%d0%bc%d0%b5%d0%bd%d0%b8-%d0%9a%d0%b0%d1%80%d0%bb%d0%b', 'ru', 1),
(407999, 781866, 'Коренево', '%d0%9a%d0%be%d1%80%d0%b5%d0%bd%d0%b5%d0%b2%d0%be', 'ru', 1),
(408000, 781866, 'Курск', '%d0%9a%d1%83%d1%80%d1%81%d0%ba', 'ru', 1),
(408001, 781866, 'Льгов', '%d0%9b%d1%8c%d0%b3%d0%be%d0%b2', 'ru', 1),
(408002, 781866, 'Пристень', '%d0%9f%d1%80%d0%b8%d1%81%d1%82%d0%b5%d0%bd%d1%8c', 'ru', 1),
(408003, 781866, 'Щигры', '%d0%a9%d0%b8%d0%b3%d1%80%d1%8b', 'ru', 1),
(408004, 781866, 'Прямицыно', '%d0%9f%d1%80%d1%8f%d0%bc%d0%b8%d1%86%d1%8b%d0%bd%d0%be', 'ru', 1),
(408005, 781866, 'Фатеж', '%d0%a4%d0%b0%d1%82%d0%b5%d0%b6', 'ru', 1),
(408006, 781866, 'Кшенский', '%d0%9a%d1%88%d0%b5%d0%bd%d1%81%d0%ba%d0%b8%d0%b9', 'ru', 1),
(408007, 781866, 'Горшечное', '%d0%93%d0%be%d1%80%d1%88%d0%b5%d1%87%d0%bd%d0%be%d0%b5', 'ru', 1),
(408008, 781866, 'Суджа', '%d0%a1%d1%83%d0%b4%d0%b6%d0%b0', 'ru', 1),
(408009, 781866, 'Обоянь', '%d0%9e%d0%b1%d0%be%d1%8f%d0%bd%d1%8c', 'ru', 1),
(408010, 781866, 'Рыльск', '%d0%a0%d1%8b%d0%bb%d1%8c%d1%81%d0%ba', 'ru', 1),
(408011, 781866, 'Курчатов', '%d0%9a%d1%83%d1%80%d1%87%d0%b0%d1%82%d0%be%d0%b2', 'ru', 1),
(408012, 781867, 'Волосово', '%d0%92%d0%be%d0%bb%d0%be%d1%81%d0%be%d0%b2%d0%be', 'ru', 1),
(408013, 781867, 'Гатчина', '%d0%93%d0%b0%d1%82%d1%87%d0%b8%d0%bd%d0%b0', 'ru', 1),
(408014, 781867, 'Ивангород', '%d0%98%d0%b2%d0%b0%d0%bd%d0%b3%d0%be%d1%80%d0%be%d0%b4', 'ru', 1),
(408015, 781867, 'Кириши', '%d0%9a%d0%b8%d1%80%d0%b8%d1%88%d0%b8', 'ru', 1),
(408016, 781867, 'Кировск', '%d0%9a%d0%b8%d1%80%d0%be%d0%b2%d1%81%d0%ba', 'ru', 1),
(408017, 781867, 'Коммунар', '%d0%9a%d0%be%d0%bc%d0%bc%d1%83%d0%bd%d0%b0%d1%80', 'ru', 1),
(408018, 781867, 'Луга', '%d0%9b%d1%83%d0%b3%d0%b0', 'ru', 1),
(408019, 781867, 'Никольское', '%d0%9d%d0%b8%d0%ba%d0%be%d0%bb%d1%8c%d1%81%d0%ba%d0%be%d0%b5', 'ru', 1),
(408020, 781867, 'Отрадное', '%d0%9e%d1%82%d1%80%d0%b0%d0%b4%d0%bd%d0%be%d0%b5', 'ru', 1),
(408021, 781867, 'Пикалёво', '%d0%9f%d0%b8%d0%ba%d0%b0%d0%bb%d1%91%d0%b2%d0%be', 'ru', 1),
(408022, 781867, 'Сланцы', '%d0%a1%d0%bb%d0%b0%d0%bd%d1%86%d1%8b', 'ru', 1),
(408023, 781867, 'Сосновый Бор', '%d0%a1%d0%be%d1%81%d0%bd%d0%be%d0%b2%d1%8b%d0%b9-%d0%91%d0%b', 'ru', 1),
(408024, 781867, 'имени Морозова', '%d0%b8%d0%bc%d0%b5%d0%bd%d0%b8-%d0%9c%d0%be%d1%80%d0%be%d0%b', 'ru', 1),
(408025, 781867, 'Вырица', '%d0%92%d1%8b%d1%80%d0%b8%d1%86%d0%b0', 'ru', 1),
(408026, 781867, 'Сиверский', '%d0%a1%d0%b8%d0%b2%d0%b5%d1%80%d1%81%d0%ba%d0%b8%d0%b9', 'ru', 1),
(408027, 781867, 'Шлиссельбург', '%d0%a8%d0%bb%d0%b8%d1%81%d1%81%d0%b5%d0%bb%d1%8c%d0%b1%d1%83', 'ru', 1),
(408028, 781867, 'Сясьстрой', '%d0%a1%d1%8f%d1%81%d1%8c%d1%81%d1%82%d1%80%d0%be%d0%b9', 'ru', 1),
(408029, 781867, 'Светогорск', '%d0%a1%d0%b2%d0%b5%d1%82%d0%be%d0%b3%d0%be%d1%80%d1%81%d0%ba', 'ru', 1),
(408030, 781867, 'Бокситогорск', '%d0%91%d0%be%d0%ba%d1%81%d0%b8%d1%82%d0%be%d0%b3%d0%be%d1%80', 'ru', 1),
(408031, 781867, 'Приозерск', '%d0%9f%d1%80%d0%b8%d0%be%d0%b7%d0%b5%d1%80%d1%81%d0%ba', 'ru', 1),
(408032, 781867, 'Подпорожье', '%d0%9f%d0%be%d0%b4%d0%bf%d0%be%d1%80%d0%be%d0%b6%d1%8c%d0%b5', 'ru', 1),
(408033, 781867, 'Лодейное Поле', '%d0%9b%d0%be%d0%b4%d0%b5%d0%b9%d0%bd%d0%be%d0%b5-%d0%9f%d0%b', 'ru', 1),
(408034, 781867, 'Тосно', '%d0%a2%d0%be%d1%81%d0%bd%d0%be', 'ru', 1),
(408035, 781867, 'Сертолово', '%d0%a1%d0%b5%d1%80%d1%82%d0%be%d0%bb%d0%be%d0%b2%d0%be', 'ru', 1),
(408036, 781867, 'Волхов', '%d0%92%d0%be%d0%bb%d1%85%d0%be%d0%b2', 'ru', 1),
(408037, 781867, 'Всеволожск', '%d0%92%d1%81%d0%b5%d0%b2%d0%be%d0%bb%d0%be%d0%b6%d1%81%d0%ba', 'ru', 1),
(408038, 781867, 'Кингисепп', '%d0%9a%d0%b8%d0%bd%d0%b3%d0%b8%d1%81%d0%b5%d0%bf%d0%bf', 'ru', 1),
(408039, 781867, 'Тихвин', '%d0%a2%d0%b8%d1%85%d0%b2%d0%b8%d0%bd', 'ru', 1),
(408040, 781867, 'Выборг', '%d0%92%d1%8b%d0%b1%d0%be%d1%80%d0%b3', 'ru', 1),
(408041, 781868, 'Добринка', '%d0%94%d0%be%d0%b1%d1%80%d0%b8%d0%bd%d0%ba%d0%b0', 'ru', 1),
(408042, 781868, 'Доброе', '%d0%94%d0%be%d0%b1%d1%80%d0%be%d0%b5', 'ru', 1),
(408043, 781868, 'Долгоруково', '%d0%94%d0%be%d0%bb%d0%b3%d0%be%d1%80%d1%83%d0%ba%d0%be%d0%b2', 'ru', 1),
(408044, 781868, 'Кривополянье', '%d0%9a%d1%80%d0%b8%d0%b2%d0%be%d0%bf%d0%be%d0%bb%d1%8f%d0%bd', 'ru', 1),
(408045, 781868, 'Становое', '%d0%a1%d1%82%d0%b0%d0%bd%d0%be%d0%b2%d0%be%d0%b5', 'ru', 1),
(408046, 781868, 'Усмань', '%d0%a3%d1%81%d0%bc%d0%b0%d0%bd%d1%8c', 'ru', 1),
(408047, 781868, 'Чаплыгин', '%d0%a7%d0%b0%d0%bf%d0%bb%d1%8b%d0%b3%d0%b8%d0%bd', 'ru', 1),
(408048, 781868, 'Боринское', '%d0%91%d0%be%d1%80%d0%b8%d0%bd%d1%81%d0%ba%d0%be%d0%b5', 'ru', 1),
(408049, 781868, 'Хлевное', '%d0%a5%d0%bb%d0%b5%d0%b2%d0%bd%d0%be%d0%b5', 'ru', 1),
(408050, 781868, 'Тербуны', '%d0%a2%d0%b5%d1%80%d0%b1%d1%83%d0%bd%d1%8b', 'ru', 1),
(408051, 781868, 'Лев Толстой', '%d0%9b%d0%b5%d0%b2-%d0%a2%d0%be%d0%bb%d1%81%d1%82%d0%be%d0%b', 'ru', 1),
(408052, 781868, 'Задонск', '%d0%97%d0%b0%d0%b4%d0%be%d0%bd%d1%81%d0%ba', 'ru', 1),
(408053, 781868, 'Данков', '%d0%94%d0%b0%d0%bd%d0%ba%d0%be%d0%b2', 'ru', 1),
(408054, 781868, 'Лебедянь', '%d0%9b%d0%b5%d0%b1%d0%b5%d0%b4%d1%8f%d0%bd%d1%8c', 'ru', 1),
(408055, 781868, 'Грязи', '%d0%93%d1%80%d1%8f%d0%b7%d0%b8', 'ru', 1),
(408056, 781868, 'Елец', '%d0%95%d0%bb%d0%b5%d1%86', 'ru', 1),
(408057, 781868, 'Липецк', '%d0%9b%d0%b8%d0%bf%d0%b5%d1%86%d0%ba', 'ru', 1),
(408058, 781869, 'Синегорье', '%d0%a1%d0%b8%d0%bd%d0%b5%d0%b3%d0%be%d1%80%d1%8c%d0%b5', 'ru', 1),
(408059, 781869, 'Сокол', '%d0%a1%d0%be%d0%ba%d0%be%d0%bb', 'ru', 1),
(408060, 781869, 'Стекольный', '%d0%a1%d1%82%d0%b5%d0%ba%d0%be%d0%bb%d1%8c%d0%bd%d1%8b%d0%b9', 'ru', 1),
(408061, 781869, 'Ягодное', '%d0%af%d0%b3%d0%be%d0%b4%d0%bd%d0%be%d0%b5', 'ru', 1),
(408062, 781869, 'Уптар', '%d0%a3%d0%bf%d1%82%d0%b0%d1%80', 'ru', 1),
(408063, 781869, 'Оротукан', '%d0%9e%d1%80%d0%be%d1%82%d1%83%d0%ba%d0%b0%d0%bd', 'ru', 1),
(408064, 781869, 'Сеймчан', '%d0%a1%d0%b5%d0%b9%d0%bc%d1%87%d0%b0%d0%bd', 'ru', 1),
(408065, 781869, 'Омсукчан', '%d0%9e%d0%bc%d1%81%d1%83%d0%ba%d1%87%d0%b0%d0%bd', 'ru', 1),
(408066, 781869, 'Усть-Омчуг', '%d0%a3%d1%81%d1%82%d1%8c-%d0%9e%d0%bc%d1%87%d1%83%d0%b3', 'ru', 1),
(408067, 781869, 'Палатка', '%d0%9f%d0%b0%d0%bb%d0%b0%d1%82%d0%ba%d0%b0', 'ru', 1),
(408068, 781869, 'Ола', '%d0%9e%d0%bb%d0%b0', 'ru', 1),
(408069, 781869, 'Сусуман', '%d0%a1%d1%83%d1%81%d1%83%d0%bc%d0%b0%d0%bd', 'ru', 1),
(408070, 781869, 'Магадан', '%d0%9c%d0%b0%d0%b3%d0%b0%d0%b4%d0%b0%d0%bd', 'ru', 1),
(408071, 781870, 'Москва', '%d0%9c%d0%be%d1%81%d0%ba%d0%b2%d0%b0', 'ru', 1),
(408072, 781871, 'Видное', '%d0%92%d0%b8%d0%b4%d0%bd%d0%be%d0%b5', 'ru', 1),
(408073, 781871, 'Волоколамск', '%d0%92%d0%be%d0%bb%d0%be%d0%ba%d0%be%d0%bb%d0%b0%d0%bc%d1%81', 'ru', 1),
(408074, 781871, 'Воскресенск', '%d0%92%d0%be%d1%81%d0%ba%d1%80%d0%b5%d1%81%d0%b5%d0%bd%d1%81', 'ru', 1),
(408075, 781871, 'Дедовск', '%d0%94%d0%b5%d0%b4%d0%be%d0%b2%d1%81%d0%ba', 'ru', 1),
(408076, 781871, 'Дзержинский', '%d0%94%d0%b7%d0%b5%d1%80%d0%b6%d0%b8%d0%bd%d1%81%d0%ba%d0%b8', 'ru', 1),
(408077, 781871, 'Дмитров', '%d0%94%d0%bc%d0%b8%d1%82%d1%80%d0%be%d0%b2', 'ru', 1),
(408078, 781871, 'Дубна', '%d0%94%d1%83%d0%b1%d0%bd%d0%b0', 'ru', 1),
(408079, 781871, 'Железнодорожный', '%d0%96%d0%b5%d0%bb%d0%b5%d0%b7%d0%bd%d0%be%d0%b4%d0%be%d1%80', 'ru', 1),
(408080, 781871, 'Жуковский', '%d0%96%d1%83%d0%ba%d0%be%d0%b2%d1%81%d0%ba%d0%b8%d0%b9', 'ru', 1),
(408081, 781871, 'Истра', '%d0%98%d1%81%d1%82%d1%80%d0%b0', 'ru', 1),
(408082, 781871, 'Калининец', '%d0%9a%d0%b0%d0%bb%d0%b8%d0%bd%d0%b8%d0%bd%d0%b5%d1%86', 'ru', 1),
(408083, 781871, 'Климовск', '%d0%9a%d0%bb%d0%b8%d0%bc%d0%be%d0%b2%d1%81%d0%ba', 'ru', 1),
(408084, 781871, 'Клин', '%d0%9a%d0%bb%d0%b8%d0%bd', 'ru', 1),
(408085, 781871, 'Королёв', '%d0%9a%d0%be%d1%80%d0%be%d0%bb%d1%91%d0%b2', 'ru', 1),
(408086, 781871, 'Мытищи', '%d0%9c%d1%8b%d1%82%d0%b8%d1%89%d0%b8', 'ru', 1),
(408087, 781871, 'Наро-Фоминск', '%d0%9d%d0%b0%d1%80%d0%be-%d0%a4%d0%be%d0%bc%d0%b8%d0%bd%d1%8', 'ru', 1),
(408088, 781871, 'Ногинск', '%d0%9d%d0%be%d0%b3%d0%b8%d0%bd%d1%81%d0%ba', 'ru', 1),
(408089, 781871, 'Одинцово', '%d0%9e%d0%b4%d0%b8%d0%bd%d1%86%d0%be%d0%b2%d0%be', 'ru', 1),
(408090, 781871, 'Подольск', '%d0%9f%d0%be%d0%b4%d0%be%d0%bb%d1%8c%d1%81%d0%ba', 'ru', 1),
(408091, 781871, 'Пушкино', '%d0%9f%d1%83%d1%88%d0%ba%d0%b8%d0%bd%d0%be', 'ru', 1),
(408092, 781871, 'Пущино', '%d0%9f%d1%83%d1%89%d0%b8%d0%bd%d0%be', 'ru', 1),
(408093, 781871, 'Раменское', '%d0%a0%d0%b0%d0%bc%d0%b5%d0%bd%d1%81%d0%ba%d0%be%d0%b5', 'ru', 1),
(408094, 781871, 'Ступино', '%d0%a1%d1%82%d1%83%d0%bf%d0%b8%d0%bd%d0%be', 'ru', 1),
(408095, 781871, 'Томилино', '%d0%a2%d0%be%d0%bc%d0%b8%d0%bb%d0%b8%d0%bd%d0%be', 'ru', 1),
(408096, 781871, 'Троицк', '%d0%a2%d1%80%d0%be%d0%b8%d1%86%d0%ba', 'ru', 1),
(408097, 781871, 'Фрязино', '%d0%a4%d1%80%d1%8f%d0%b7%d0%b8%d0%bd%d0%be', 'ru', 1),
(408098, 781871, 'Хотьково', '%d0%a5%d0%be%d1%82%d1%8c%d0%ba%d0%be%d0%b2%d0%be', 'ru', 1),
(408099, 781871, 'Щербинка', '%d0%a9%d0%b5%d1%80%d0%b1%d0%b8%d0%bd%d0%ba%d0%b0', 'ru', 1),
(408100, 781871, 'Щёлково', '%d0%a9%d1%91%d0%bb%d0%ba%d0%be%d0%b2%d0%be', 'ru', 1),
(408101, 781871, 'Юбилейный', '%d0%ae%d0%b1%d0%b8%d0%bb%d0%b5%d0%b9%d0%bd%d1%8b%d0%b9', 'ru', 1),
(408102, 781871, 'Красногорск', '%d0%9a%d1%80%d0%b0%d1%81%d0%bd%d0%be%d0%b3%d0%be%d1%80%d1%81', 'ru', 1),
(408103, 781871, 'Чехов', '%d0%a7%d0%b5%d1%85%d0%be%d0%b2', 'ru', 1),
(408104, 781871, 'Ивантеевка', '%d0%98%d0%b2%d0%b0%d0%bd%d1%82%d0%b5%d0%b5%d0%b2%d0%ba%d0%b0', 'ru', 1),
(408105, 781871, 'Электроугли', '%d0%ad%d0%bb%d0%b5%d0%ba%d1%82%d1%80%d0%be%d1%83%d0%b3%d0%bb', 'ru', 1),
(408106, 781871, 'Черноголовка', '%d0%a7%d0%b5%d1%80%d0%bd%d0%be%d0%b3%d0%be%d0%bb%d0%be%d0%b2', 'ru', 1),
(408107, 781871, 'Старая Купавна', '%d0%a1%d1%82%d0%b0%d1%80%d0%b0%d1%8f-%d0%9a%d1%83%d0%bf%d0%b', 'ru', 1),
(408108, 781871, 'Рошаль', '%d0%a0%d0%be%d1%88%d0%b0%d0%bb%d1%8c', 'ru', 1),
(408109, 781871, 'Лосино-Петровский', '%d0%9b%d0%be%d1%81%d0%b8%d0%bd%d0%be-%d0%9f%d0%b5%d1%82%d1%8', 'ru', 1),
(408110, 781871, 'Зарайск', '%d0%97%d0%b0%d1%80%d0%b0%d0%b9%d1%81%d0%ba', 'ru', 1),
(408111, 781871, 'Красноармейск', '%d0%9a%d1%80%d0%b0%d1%81%d0%bd%d0%be%d0%b0%d1%80%d0%bc%d0%b5', 'ru', 1),
(408112, 781871, 'Озёры', '%d0%9e%d0%b7%d1%91%d1%80%d1%8b', 'ru', 1),
(408113, 781871, 'Шатура', '%d0%a8%d0%b0%d1%82%d1%83%d1%80%d0%b0', 'ru', 1),
(408114, 781871, 'Ликино-Дулёво', '%d0%9b%d0%b8%d0%ba%d0%b8%d0%bd%d0%be-%d0%94%d1%83%d0%bb%d1%9', 'ru', 1),
(408115, 781871, 'Можайск', '%d0%9c%d0%be%d0%b6%d0%b0%d0%b9%d1%81%d0%ba', 'ru', 1),
(408116, 781871, 'Нахабино', '%d0%9d%d0%b0%d1%85%d0%b0%d0%b1%d0%b8%d0%bd%d0%be', 'ru', 1),
(408117, 781871, 'Луховицы', '%d0%9b%d1%83%d1%85%d0%be%d0%b2%d0%b8%d1%86%d1%8b', 'ru', 1),
(408118, 781871, 'Краснознаменск', '%d0%9a%d1%80%d0%b0%d1%81%d0%bd%d0%be%d0%b7%d0%bd%d0%b0%d0%bc', 'ru', 1),
(408119, 781871, 'Протвино', '%d0%9f%d1%80%d0%be%d1%82%d0%b2%d0%b8%d0%bd%d0%be', 'ru', 1),
(408120, 781871, 'Кашира', '%d0%9a%d0%b0%d1%88%d0%b8%d1%80%d0%b0', 'ru', 1),
(408121, 781871, 'Лыткарино', '%d0%9b%d1%8b%d1%82%d0%ba%d0%b0%d1%80%d0%b8%d0%bd%d0%be', 'ru', 1),
(408122, 781871, 'Домодедово', '%d0%94%d0%be%d0%bc%d0%be%d0%b4%d0%b5%d0%b4%d0%be%d0%b2%d0%be', 'ru', 1),
(408123, 781871, 'Солнечногорск', '%d0%a1%d0%be%d0%bb%d0%bd%d0%b5%d1%87%d0%bd%d0%be%d0%b3%d0%be', 'ru', 1),
(408124, 781871, 'Павловский Посад', '%d0%9f%d0%b0%d0%b2%d0%bb%d0%be%d0%b2%d1%81%d0%ba%d0%b8%d0%b9', 'ru', 1),
(408125, 781871, 'Лобня', '%d0%9b%d0%be%d0%b1%d0%bd%d1%8f', 'ru', 1),
(408126, 781871, 'Долгопрудный', '%d0%94%d0%be%d0%bb%d0%b3%d0%be%d0%bf%d1%80%d1%83%d0%b4%d0%bd', 'ru', 1),
(408127, 781871, 'Реутов', '%d0%a0%d0%b5%d1%83%d1%82%d0%be%d0%b2', 'ru', 1),
(408128, 781871, 'Егорьевск', '%d0%95%d0%b3%d0%be%d1%80%d1%8c%d0%b5%d0%b2%d1%81%d0%ba', 'ru', 1),
(408129, 781871, 'Сергиев Посад', '%d0%a1%d0%b5%d1%80%d0%b3%d0%b8%d0%b5%d0%b2-%d0%9f%d0%be%d1%8', 'ru', 1),
(408130, 781871, 'Орехово-Зуево', '%d0%9e%d1%80%d0%b5%d1%85%d0%be%d0%b2%d0%be-%d0%97%d1%83%d0%b', 'ru', 1),
(408131, 781871, 'Серпухов', '%d0%a1%d0%b5%d1%80%d0%bf%d1%83%d1%85%d0%be%d0%b2', 'ru', 1),
(408132, 781871, 'Химки', '%d0%a5%d0%b8%d0%bc%d0%ba%d0%b8', 'ru', 1),
(408133, 781871, 'Электросталь', '%d0%ad%d0%bb%d0%b5%d0%ba%d1%82%d1%80%d0%be%d1%81%d1%82%d0%b0', 'ru', 1),
(408134, 781871, 'Коломна', '%d0%9a%d0%be%d0%bb%d0%be%d0%bc%d0%bd%d0%b0', 'ru', 1),
(408135, 781871, 'Балашиха', '%d0%91%d0%b0%d0%bb%d0%b0%d1%88%d0%b8%d1%85%d0%b0', 'ru', 1),
(408136, 781871, 'Люберцы', '%d0%9b%d1%8e%d0%b1%d0%b5%d1%80%d1%86%d1%8b', 'ru', 1),
(408137, 781872, 'Зеленоборский', '%d0%97%d0%b5%d0%bb%d0%b5%d0%bd%d0%be%d0%b1%d0%be%d1%80%d1%81', 'ru', 1),
(408138, 781872, 'Кировск', '%d0%9a%d0%b8%d1%80%d0%be%d0%b2%d1%81%d0%ba', 'ru', 1),
(408139, 781872, 'Мурмаши', '%d0%9c%d1%83%d1%80%d0%bc%d0%b0%d1%88%d0%b8', 'ru', 1),
(408140, 781872, 'Полярный', '%d0%9f%d0%be%d0%bb%d1%8f%d1%80%d0%bd%d1%8b%d0%b9', 'ru', 1),
(408141, 781872, 'Ревда', '%d0%a0%d0%b5%d0%b2%d0%b4%d0%b0', 'ru', 1),
(408142, 781872, 'Росляково', '%d0%a0%d0%be%d1%81%d0%bb%d1%8f%d0%ba%d0%be%d0%b2%d0%be', 'ru', 1),
(408143, 781872, 'Сафоново', '%d0%a1%d0%b0%d1%84%d0%be%d0%bd%d0%be%d0%b2%d0%be', 'ru', 1),
(408144, 781872, 'Снежногорск', '%d0%a1%d0%bd%d0%b5%d0%b6%d0%bd%d0%be%d0%b3%d0%be%d1%80%d1%81', 'ru', 1),
(408145, 781872, 'Заполярный', '%d0%97%d0%b0%d0%bf%d0%be%d0%bb%d1%8f%d1%80%d0%bd%d1%8b%d0%b9', 'ru', 1),
(408146, 781872, 'Молочный', '%d0%9c%d0%be%d0%bb%d0%be%d1%87%d0%bd%d1%8b%d0%b9', 'ru', 1),
(408147, 781872, 'Умба', '%d0%a3%d0%bc%d0%b1%d0%b0', 'ru', 1),
(408148, 781872, 'Алакуртти', '%d0%90%d0%bb%d0%b0%d0%ba%d1%83%d1%80%d1%82%d1%82%d0%b8', 'ru', 1),
(408149, 781872, 'Видяево', '%d0%92%d0%b8%d0%b4%d1%8f%d0%b5%d0%b2%d0%be', 'ru', 1),
(408150, 781872, 'Кола', '%d0%9a%d0%be%d0%bb%d0%b0', 'ru', 1),
(408151, 781872, 'Заозёрск', '%d0%97%d0%b0%d0%be%d0%b7%d1%91%d1%80%d1%81%d0%ba', 'ru', 1),
(408152, 781872, 'Гаджиево', '%d0%93%d0%b0%d0%b4%d0%b6%d0%b8%d0%b5%d0%b2%d0%be', 'ru', 1),
(408153, 781872, 'Полярные Зори', '%d0%9f%d0%be%d0%bb%d1%8f%d1%80%d0%bd%d1%8b%d0%b5-%d0%97%d0%b', 'ru', 1),
(408154, 781872, 'Никель', '%d0%9d%d0%b8%d0%ba%d0%b5%d0%bb%d1%8c', 'ru', 1),
(408155, 781872, 'Ковдор', '%d0%9a%d0%be%d0%b2%d0%b4%d0%be%d1%80', 'ru', 1),
(408156, 781872, 'Оленегорск', '%d0%9e%d0%bb%d0%b5%d0%bd%d0%b5%d0%b3%d0%be%d1%80%d1%81%d0%ba', 'ru', 1),
(408157, 781872, 'Кандалакша', '%d0%9a%d0%b0%d0%bd%d0%b4%d0%b0%d0%bb%d0%b0%d0%ba%d1%88%d0%b0', 'ru', 1),
(408158, 781872, 'Мончегорск', '%d0%9c%d0%be%d0%bd%d1%87%d0%b5%d0%b3%d0%be%d1%80%d1%81%d0%ba', 'ru', 1),
(408159, 781872, 'Североморск', '%d0%a1%d0%b5%d0%b2%d0%b5%d1%80%d0%be%d0%bc%d0%be%d1%80%d1%81', 'ru', 1),
(408160, 781872, 'Апатиты', '%d0%90%d0%bf%d0%b0%d1%82%d0%b8%d1%82%d1%8b', 'ru', 1),
(408161, 781872, 'Мурманск', '%d0%9c%d1%83%d1%80%d0%bc%d0%b0%d0%bd%d1%81%d0%ba', 'ru', 1),
(408162, 781873, 'Искателей', '%d0%98%d1%81%d0%ba%d0%b0%d1%82%d0%b5%d0%bb%d0%b5%d0%b9', 'ru', 1),
(408163, 781873, 'Нарьян-Мар', '%d0%9d%d0%b0%d1%80%d1%8c%d1%8f%d0%bd-%d0%9c%d0%b0%d1%80', 'ru', 1),
(408164, 781874, 'Балахна', '%d0%91%d0%b0%d0%bb%d0%b0%d1%85%d0%bd%d0%b0', 'ru', 1),
(408165, 781874, 'Богородск', '%d0%91%d0%be%d0%b3%d0%be%d1%80%d0%be%d0%b4%d1%81%d0%ba', 'ru', 1),
(408166, 781874, 'Бор', '%d0%91%d0%be%d1%80', 'ru', 1),
(408167, 781874, 'Городец', '%d0%93%d0%be%d1%80%d0%be%d0%b4%d0%b5%d1%86', 'ru', 1),
(408168, 781874, 'Дзержинск', '%d0%94%d0%b7%d0%b5%d1%80%d0%b6%d0%b8%d0%bd%d1%81%d0%ba', 'ru', 1),
(408169, 781874, 'Заволжье', '%d0%97%d0%b0%d0%b2%d0%be%d0%bb%d0%b6%d1%8c%d0%b5', 'ru', 1),
(408170, 781874, 'Кстово', '%d0%9a%d1%81%d1%82%d0%be%d0%b2%d0%be', 'ru', 1),
(408171, 781874, 'Лысково', '%d0%9b%d1%8b%d1%81%d0%ba%d0%be%d0%b2%d0%be', 'ru', 1),
(408172, 781874, 'Мулино', '%d0%9c%d1%83%d0%bb%d0%b8%d0%bd%d0%be', 'ru', 1),
(408173, 781874, 'Павлово', '%d0%9f%d0%b0%d0%b2%d0%bb%d0%be%d0%b2%d0%be', 'ru', 1),
(408174, 781874, 'Первомайск', '%d0%9f%d0%b5%d1%80%d0%b2%d0%be%d0%bc%d0%b0%d0%b9%d1%81%d0%ba', 'ru', 1),
(408175, 781874, 'Починки', '%d0%9f%d0%be%d1%87%d0%b8%d0%bd%d0%ba%d0%b8', 'ru', 1),
(408176, 781874, 'Семёнов', '%d0%a1%d0%b5%d0%bc%d1%91%d0%bd%d0%be%d0%b2', 'ru', 1),
(408177, 781874, 'Володарск', '%d0%92%d0%be%d0%bb%d0%be%d0%b4%d0%b0%d1%80%d1%81%d0%ba', 'ru', 1),
(408178, 781874, 'Урень', '%d0%a3%d1%80%d0%b5%d0%bd%d1%8c', 'ru', 1),
(408179, 781874, 'Ворсма', '%d0%92%d0%be%d1%80%d1%81%d0%bc%d0%b0', 'ru', 1),
(408180, 781874, 'Лукоянов', '%d0%9b%d1%83%d0%ba%d0%be%d1%8f%d0%bd%d0%be%d0%b2', 'ru', 1),
(408181, 781874, 'Чкаловск', '%d0%a7%d0%ba%d0%b0%d0%bb%d0%be%d0%b2%d1%81%d0%ba', 'ru', 1),
(408182, 781874, 'Навашино', '%d0%9d%d0%b0%d0%b2%d0%b0%d1%88%d0%b8%d0%bd%d0%be', 'ru', 1),
(408183, 781874, 'Сергач', '%d0%a1%d0%b5%d1%80%d0%b3%d0%b0%d1%87', 'ru', 1),
(408184, 781874, 'Шахунья', '%d0%a8%d0%b0%d1%85%d1%83%d0%bd%d1%8c%d1%8f', 'ru', 1),
(408185, 781874, 'Кулебаки', '%d0%9a%d1%83%d0%bb%d0%b5%d0%b1%d0%b0%d0%ba%d0%b8', 'ru', 1),
(408186, 781874, 'Выкса', '%d0%92%d1%8b%d0%ba%d1%81%d0%b0', 'ru', 1),
(408187, 781874, 'Саров', '%d0%a1%d0%b0%d1%80%d0%be%d0%b2', 'ru', 1),
(408188, 781874, 'Арзамас', '%d0%90%d1%80%d0%b7%d0%b0%d0%bc%d0%b0%d1%81', 'ru', 1),
(408189, 781874, 'Нижний Новгород', '%d0%9d%d0%b8%d0%b6%d0%bd%d0%b8%d0%b9-%d0%9d%d0%be%d0%b2%d0%b', 'ru', 1),
(408190, 781875, 'Боровичи', '%d0%91%d0%be%d1%80%d0%be%d0%b2%d0%b8%d1%87%d0%b8', 'ru', 1),
(408191, 781875, 'Крестцы', '%d0%9a%d1%80%d0%b5%d1%81%d1%82%d1%86%d1%8b', 'ru', 1),
(408192, 781875, 'Малая Вишера', '%d0%9c%d0%b0%d0%bb%d0%b0%d1%8f-%d0%92%d0%b8%d1%88%d0%b5%d1%8', 'ru', 1),
(408193, 781875, 'Окуловка', '%d0%9e%d0%ba%d1%83%d0%bb%d0%be%d0%b2%d0%ba%d0%b0', 'ru', 1),
(408194, 781875, 'Пестово', '%d0%9f%d0%b5%d1%81%d1%82%d0%be%d0%b2%d0%be', 'ru', 1),
(408195, 781875, 'Хвойная', '%d0%a5%d0%b2%d0%be%d0%b9%d0%bd%d0%b0%d1%8f', 'ru', 1),
(408196, 781875, 'Чудово', '%d0%a7%d1%83%d0%b4%d0%be%d0%b2%d0%be', 'ru', 1),
(408197, 781875, 'Демянск', '%d0%94%d0%b5%d0%bc%d1%8f%d0%bd%d1%81%d0%ba', 'ru', 1),
(408198, 781875, 'Парфино', '%d0%9f%d0%b0%d1%80%d1%84%d0%b8%d0%bd%d0%be', 'ru', 1),
(408199, 781875, 'Панковка', '%d0%9f%d0%b0%d0%bd%d0%ba%d0%be%d0%b2%d0%ba%d0%b0', 'ru', 1),
(408200, 781875, 'Сольцы', '%d0%a1%d0%be%d0%bb%d1%8c%d1%86%d1%8b', 'ru', 1),
(408201, 781875, 'Валдай', '%d0%92%d0%b0%d0%bb%d0%b4%d0%b0%d0%b9', 'ru', 1),
(408202, 781875, 'Старая Русса', '%d0%a1%d1%82%d0%b0%d1%80%d0%b0%d1%8f-%d0%a0%d1%83%d1%81%d1%8', 'ru', 1),
(408203, 781875, 'Великий Новгород', '%d0%92%d0%b5%d0%bb%d0%b8%d0%ba%d0%b8%d0%b9-%d0%9d%d0%be%d0%b', 'ru', 1),
(408204, 781876, 'Горный', '%d0%93%d0%be%d1%80%d0%bd%d1%8b%d0%b9', 'ru', 1),
(408205, 781876, 'Карасук', '%d0%9a%d0%b0%d1%80%d0%b0%d1%81%d1%83%d0%ba', 'ru', 1),
(408206, 781876, 'Колывань', '%d0%9a%d0%be%d0%bb%d1%8b%d0%b2%d0%b0%d0%bd%d1%8c', 'ru', 1),
(408207, 781876, 'Куйбышев', '%d0%9a%d1%83%d0%b9%d0%b1%d1%8b%d1%88%d0%b5%d0%b2', 'ru', 1),
(408208, 781876, 'Линёво', '%d0%9b%d0%b8%d0%bd%d1%91%d0%b2%d0%be', 'ru', 1),
(408209, 781876, 'Маслянино', '%d0%9c%d0%b0%d1%81%d0%bb%d1%8f%d0%bd%d0%b8%d0%bd%d0%be', 'ru', 1),
(408210, 781876, 'Черепаново', '%d0%a7%d0%b5%d1%80%d0%b5%d0%bf%d0%b0%d0%bd%d0%be%d0%b2%d0%be', 'ru', 1),
(408211, 781876, 'Чулым', '%d0%a7%d1%83%d0%bb%d1%8b%d0%bc', 'ru', 1),
(408212, 781876, 'Ордынское', '%d0%9e%d1%80%d0%b4%d1%8b%d0%bd%d1%81%d0%ba%d0%be%d0%b5', 'ru', 1),
(408213, 781876, 'Краснозерское', '%d0%9a%d1%80%d0%b0%d1%81%d0%bd%d0%be%d0%b7%d0%b5%d1%80%d1%81', 'ru', 1),
(408214, 781876, 'Каргат', '%d0%9a%d0%b0%d1%80%d0%b3%d0%b0%d1%82', 'ru', 1),
(408215, 781876, 'Сузун', '%d0%a1%d1%83%d0%b7%d1%83%d0%bd', 'ru', 1),
(408216, 781876, 'Купино', '%d0%9a%d1%83%d0%bf%d0%b8%d0%bd%d0%be', 'ru', 1),
(408217, 781876, 'Коченёво', '%d0%9a%d0%be%d1%87%d0%b5%d0%bd%d1%91%d0%b2%d0%be', 'ru', 1),
(408218, 781876, 'Краснообск', '%d0%9a%d1%80%d0%b0%d1%81%d0%bd%d0%be%d0%be%d0%b1%d1%81%d0%ba', 'ru', 1),
(408219, 781876, 'Болотное', '%d0%91%d0%be%d0%bb%d0%be%d1%82%d0%bd%d0%be%d0%b5', 'ru', 1),
(408220, 781876, 'Тогучин', '%d0%a2%d0%be%d0%b3%d1%83%d1%87%d0%b8%d0%bd', 'ru', 1),
(408221, 781876, 'Обь', '%d0%9e%d0%b1%d1%8c', 'ru', 1),
(408222, 781876, 'Татарск', '%d0%a2%d0%b0%d1%82%d0%b0%d1%80%d1%81%d0%ba', 'ru', 1),
(408223, 781876, 'Барабинск', '%d0%91%d0%b0%d1%80%d0%b0%d0%b1%d0%b8%d0%bd%d1%81%d0%ba', 'ru', 1),
(408224, 781876, 'Искитим', '%d0%98%d1%81%d0%ba%d0%b8%d1%82%d0%b8%d0%bc', 'ru', 1),
(408225, 781876, 'Бердск', '%d0%91%d0%b5%d1%80%d0%b4%d1%81%d0%ba', 'ru', 1),
(408226, 781876, 'Новосибирск', '%d0%9d%d0%be%d0%b2%d0%be%d1%81%d0%b8%d0%b1%d0%b8%d1%80%d1%81', 'ru', 1),
(408227, 781877, 'Исилькуль', '%d0%98%d1%81%d0%b8%d0%bb%d1%8c%d0%ba%d1%83%d0%bb%d1%8c', 'ru', 1),
(408228, 781877, 'Лузино', '%d0%9b%d1%83%d0%b7%d0%b8%d0%bd%d0%be', 'ru', 1),
(408229, 781877, 'Марьяновка', '%d0%9c%d0%b0%d1%80%d1%8c%d1%8f%d0%bd%d0%be%d0%b2%d0%ba%d0%b0', 'ru', 1),
(408230, 781877, 'Москаленки', '%d0%9c%d0%be%d1%81%d0%ba%d0%b0%d0%bb%d0%b5%d0%bd%d0%ba%d0%b8', 'ru', 1),
(408231, 781877, 'Муромцево', '%d0%9c%d1%83%d1%80%d0%be%d0%bc%d1%86%d0%b5%d0%b2%d0%be', 'ru', 1),
(408232, 781877, 'Шербакуль', '%d0%a8%d0%b5%d1%80%d0%b1%d0%b0%d0%ba%d1%83%d0%bb%d1%8c', 'ru', 1),
(408233, 781877, 'Тевриз', '%d0%a2%d0%b5%d0%b2%d1%80%d0%b8%d0%b7', 'ru', 1),
(408234, 781877, 'Крутинка', '%d0%9a%d1%80%d1%83%d1%82%d0%b8%d0%bd%d0%ba%d0%b0', 'ru', 1),
(408235, 781877, 'Саргатское', '%d0%a1%d0%b0%d1%80%d0%b3%d0%b0%d1%82%d1%81%d0%ba%d0%be%d0%b5', 'ru', 1),
(408236, 781877, 'Кормиловка', '%d0%9a%d0%be%d1%80%d0%bc%d0%b8%d0%bb%d0%be%d0%b2%d0%ba%d0%b0', 'ru', 1),
(408237, 781877, 'Любинский', '%d0%9b%d1%8e%d0%b1%d0%b8%d0%bd%d1%81%d0%ba%d0%b8%d0%b9', 'ru', 1),
(408238, 781877, 'Тюкалинск', '%d0%a2%d1%8e%d0%ba%d0%b0%d0%bb%d0%b8%d0%bd%d1%81%d0%ba', 'ru', 1),
(408239, 781877, 'Большеречье', '%d0%91%d0%be%d0%bb%d1%8c%d1%88%d0%b5%d1%80%d0%b5%d1%87%d1%8c', 'ru', 1),
(408240, 781877, 'Черлак', '%d0%a7%d0%b5%d1%80%d0%bb%d0%b0%d0%ba', 'ru', 1),
(408241, 781877, 'Называевск', '%d0%9d%d0%b0%d0%b7%d1%8b%d0%b2%d0%b0%d0%b5%d0%b2%d1%81%d0%ba', 'ru', 1),
(408242, 781877, 'Таврическое', '%d0%a2%d0%b0%d0%b2%d1%80%d0%b8%d1%87%d0%b5%d1%81%d0%ba%d0%be', 'ru', 1),
(408243, 781877, 'Калачинск', '%d0%9a%d0%b0%d0%bb%d0%b0%d1%87%d0%b8%d0%bd%d1%81%d0%ba', 'ru', 1),
(408244, 781877, 'Тара', '%d0%a2%d0%b0%d1%80%d0%b0', 'ru', 1),
(408245, 781877, 'Омск', '%d0%9e%d0%bc%d1%81%d0%ba', 'ru', 1),
(408246, 781878, 'Абдулино', '%d0%90%d0%b1%d0%b4%d1%83%d0%bb%d0%b8%d0%bd%d0%be', 'ru', 1),
(408247, 781878, 'Акбулак', '%d0%90%d0%ba%d0%b1%d1%83%d0%bb%d0%b0%d0%ba', 'ru', 1),
(408248, 781878, 'Бузулук', '%d0%91%d1%83%d0%b7%d1%83%d0%bb%d1%83%d0%ba', 'ru', 1),
(408249, 781878, 'Гай', '%d0%93%d0%b0%d0%b9', 'ru', 1),
(408250, 781878, 'Новоорск', '%d0%9d%d0%be%d0%b2%d0%be%d0%be%d1%80%d1%81%d0%ba', 'ru', 1),
(408251, 781878, 'Новосергиевка', '%d0%9d%d0%be%d0%b2%d0%be%d1%81%d0%b5%d1%80%d0%b3%d0%b8%d0%b5', 'ru', 1),
(408252, 781878, 'Новотроицк', '%d0%9d%d0%be%d0%b2%d0%be%d1%82%d1%80%d0%be%d0%b8%d1%86%d0%ba', 'ru', 1),
(408253, 781878, 'Орск', '%d0%9e%d1%80%d1%81%d0%ba', 'ru', 1),
(408254, 781878, 'Тоцкое Второе', '%d0%a2%d0%be%d1%86%d0%ba%d0%be%d0%b5-%d0%92%d1%82%d0%be%d1%8', 'ru', 1),
(408255, 781878, 'Ясный', '%d0%af%d1%81%d0%bd%d1%8b%d0%b9', 'ru', 1),
(408256, 781878, 'Тюльган', '%d0%a2%d1%8e%d0%bb%d1%8c%d0%b3%d0%b0%d0%bd', 'ru', 1),
(408257, 781878, 'Саракташ', '%d0%a1%d0%b0%d1%80%d0%b0%d0%ba%d1%82%d0%b0%d1%88', 'ru', 1),
(408258, 781878, 'Соль-Илецк', '%d0%a1%d0%be%d0%bb%d1%8c-%d0%98%d0%bb%d0%b5%d1%86%d0%ba', 'ru', 1),
(408259, 781878, 'Кувандык', '%d0%9a%d1%83%d0%b2%d0%b0%d0%bd%d0%b4%d1%8b%d0%ba', 'ru', 1),
(408260, 781878, 'Медногорск', '%d0%9c%d0%b5%d0%b4%d0%bd%d0%be%d0%b3%d0%be%d1%80%d1%81%d0%ba', 'ru', 1),
(408261, 781878, 'Сорочинск', '%d0%a1%d0%be%d1%80%d0%be%d1%87%d0%b8%d0%bd%d1%81%d0%ba', 'ru', 1),
(408262, 781878, 'Бугуруслан', '%d0%91%d1%83%d0%b3%d1%83%d1%80%d1%83%d1%81%d0%bb%d0%b0%d0%bd', 'ru', 1),
(408263, 781878, 'Оренбург', '%d0%9e%d1%80%d0%b5%d0%bd%d0%b1%d1%83%d1%80%d0%b3', 'ru', 1),
(408264, 781879, 'Болхов', '%d0%91%d0%be%d0%bb%d1%85%d0%be%d0%b2', 'ru', 1),
(408265, 781879, 'Верховье', '%d0%92%d0%b5%d1%80%d1%85%d0%be%d0%b2%d1%8c%d0%b5', 'ru', 1),
(408266, 781879, 'Глазуновка', '%d0%93%d0%bb%d0%b0%d0%b7%d1%83%d0%bd%d0%be%d0%b2%d0%ba%d0%b0', 'ru', 1),
(408267, 781879, 'Дмитровск', '%d0%94%d0%bc%d0%b8%d1%82%d1%80%d0%be%d0%b2%d1%81%d0%ba', 'ru', 1),
(408268, 781879, 'Долгое', '%d0%94%d0%be%d0%bb%d0%b3%d0%be%d0%b5', 'ru', 1),
(408269, 781879, 'Знаменка', '%d0%97%d0%bd%d0%b0%d0%bc%d0%b5%d0%bd%d0%ba%d0%b0', 'ru', 1),
(408270, 781879, 'Кромы', '%d0%9a%d1%80%d0%be%d0%bc%d1%8b', 'ru', 1),
(408271, 781879, 'Ливны', '%d0%9b%d0%b8%d0%b2%d0%bd%d1%8b', 'ru', 1),
(408272, 781879, 'Нарышкино', '%d0%9d%d0%b0%d1%80%d1%8b%d1%88%d0%ba%d0%b8%d0%bd%d0%be', 'ru', 1),
(408273, 781879, 'Орёл', '%d0%9e%d1%80%d1%91%d0%bb', 'ru', 1),
(408274, 781879, 'Покровское', '%d0%9f%d0%be%d0%ba%d1%80%d0%be%d0%b2%d1%81%d0%ba%d0%be%d0%b5', 'ru', 1),
(408275, 781879, 'Хомутово', '%d0%a5%d0%be%d0%bc%d1%83%d1%82%d0%be%d0%b2%d0%be', 'ru', 1),
(408276, 781879, 'Хотынец', '%d0%a5%d0%be%d1%82%d1%8b%d0%bd%d0%b5%d1%86', 'ru', 1),
(408277, 781879, 'Залегощь', '%d0%97%d0%b0%d0%bb%d0%b5%d0%b3%d0%be%d1%89%d1%8c', 'ru', 1),
(408278, 781879, 'Змиёвка', '%d0%97%d0%bc%d0%b8%d1%91%d0%b2%d0%ba%d0%b0', 'ru', 1),
(408279, 781879, 'Колпны', '%d0%9a%d0%be%d0%bb%d0%bf%d0%bd%d1%8b', 'ru', 1),
(408280, 781879, 'Мценск', '%d0%9c%d1%86%d0%b5%d0%bd%d1%81%d0%ba', 'ru', 1),
(408281, 781880, 'Башмаково', '%d0%91%d0%b0%d1%88%d0%bc%d0%b0%d0%ba%d0%be%d0%b2%d0%be', 'ru', 1),
(408282, 781880, 'Белинский', '%d0%91%d0%b5%d0%bb%d0%b8%d0%bd%d1%81%d0%ba%d0%b8%d0%b9', 'ru', 1),
(408283, 781880, 'Бессоновка', '%d0%91%d0%b5%d1%81%d1%81%d0%be%d0%bd%d0%be%d0%b2%d0%ba%d0%b0', 'ru', 1),
(408284, 781880, 'Городище', '%d0%93%d0%be%d1%80%d0%be%d0%b4%d0%b8%d1%89%d0%b5', 'ru', 1),
(408285, 781880, 'Грабово', '%d0%93%d1%80%d0%b0%d0%b1%d0%be%d0%b2%d0%be', 'ru', 1),
(408286, 781880, 'Заречный', '%d0%97%d0%b0%d1%80%d0%b5%d1%87%d0%bd%d1%8b%d0%b9', 'ru', 1),
(408287, 781880, 'Каменка', '%d0%9a%d0%b0%d0%bc%d0%b5%d0%bd%d0%ba%d0%b0', 'ru', 1),
(408288, 781880, 'Колышлей', '%d0%9a%d0%be%d0%bb%d1%8b%d1%88%d0%bb%d0%b5%d0%b9', 'ru', 1),
(408289, 781880, 'Лунино', '%d0%9b%d1%83%d0%bd%d0%b8%d0%bd%d0%be', 'ru', 1),
(408290, 781880, 'Никольск', '%d0%9d%d0%b8%d0%ba%d0%be%d0%bb%d1%8c%d1%81%d0%ba', 'ru', 1),
(408291, 781880, 'Чаадаевка', '%d0%a7%d0%b0%d0%b0%d0%b4%d0%b0%d0%b5%d0%b2%d0%ba%d0%b0', 'ru', 1),
(408292, 781880, 'Спасск', '%d0%a1%d0%bf%d0%b0%d1%81%d1%81%d0%ba', 'ru', 1),
(408293, 781880, 'Сурск', '%d0%a1%d1%83%d1%80%d1%81%d0%ba', 'ru', 1),
(408294, 781880, 'Тамала', '%d0%a2%d0%b0%d0%bc%d0%b0%d0%bb%d0%b0', 'ru', 1),
(408295, 781880, 'Средняя Елюзань', '%d0%a1%d1%80%d0%b5%d0%b4%d0%bd%d1%8f%d1%8f-%d0%95%d0%bb%d1%8', 'ru', 1),
(408296, 781880, 'Пачелма', '%d0%9f%d0%b0%d1%87%d0%b5%d0%bb%d0%bc%d0%b0', 'ru', 1),
(408297, 781880, 'Мокшан', '%d0%9c%d0%be%d0%ba%d1%88%d0%b0%d0%bd', 'ru', 1),
(408298, 781880, 'Земетчино', '%d0%97%d0%b5%d0%bc%d0%b5%d1%82%d1%87%d0%b8%d0%bd%d0%be', 'ru', 1),
(408299, 781880, 'Нижний Ломов', '%d0%9d%d0%b8%d0%b6%d0%bd%d0%b8%d0%b9-%d0%9b%d0%be%d0%bc%d0%b', 'ru', 1),
(408300, 781880, 'Сердобск', '%d0%a1%d0%b5%d1%80%d0%b4%d0%be%d0%b1%d1%81%d0%ba', 'ru', 1),
(408301, 781880, 'Кузнецк', '%d0%9a%d1%83%d0%b7%d0%bd%d0%b5%d1%86%d0%ba', 'ru', 1),
(408302, 781880, 'Пенза', '%d0%9f%d0%b5%d0%bd%d0%b7%d0%b0', 'ru', 1),
(408303, 781881, 'Березники', '%d0%91%d0%b5%d1%80%d0%b5%d0%b7%d0%bd%d0%b8%d0%ba%d0%b8', 'ru', 1),
(408304, 781881, 'Кунгур', '%d0%9a%d1%83%d0%bd%d0%b3%d1%83%d1%80', 'ru', 1),
(408305, 781881, 'Пермь', '%d0%9f%d0%b5%d1%80%d0%bc%d1%8c', 'ru', 1),
(408306, 781881, 'Чайковский', '%d0%a7%d0%b0%d0%b9%d0%ba%d0%be%d0%b2%d1%81%d0%ba%d0%b8%d0%b9', 'ru', 1),
(408307, 781881, 'Краснокамск', '%d0%9a%d1%80%d0%b0%d1%81%d0%bd%d0%be%d0%ba%d0%b0%d0%bc%d1%81', 'ru', 1),
(408308, 781881, 'Лысьва', '%d0%9b%d1%8b%d1%81%d1%8c%d0%b2%d0%b0', 'ru', 1),
(408309, 781881, 'Соликамск', '%d0%a1%d0%be%d0%bb%d0%b8%d0%ba%d0%b0%d0%bc%d1%81%d0%ba', 'ru', 1),
(408310, 781882, 'Кавалерово', '%d0%9a%d0%b0%d0%b2%d0%b0%d0%bb%d0%b5%d1%80%d0%be%d0%b2%d0%be', 'ru', 1),
(408311, 781882, 'Пограничный', '%d0%9f%d0%be%d0%b3%d1%80%d0%b0%d0%bd%d0%b8%d1%87%d0%bd%d1%8b', 'ru', 1),
(408312, 781882, 'Покровка', '%d0%9f%d0%be%d0%ba%d1%80%d0%be%d0%b2%d0%ba%d0%b0', 'ru', 1),
(408313, 781882, 'Славянка', '%d0%a1%d0%bb%d0%b0%d0%b2%d1%8f%d0%bd%d0%ba%d0%b0', 'ru', 1),
(408314, 781882, 'Фокино', '%d0%a4%d0%be%d0%ba%d0%b8%d0%bd%d0%be', 'ru', 1),
(408315, 781882, 'Черниговка', '%d0%a7%d0%b5%d1%80%d0%bd%d0%b8%d0%b3%d0%be%d0%b2%d0%ba%d0%b0', 'ru', 1),
(408316, 781882, 'Хороль', '%d0%a5%d0%be%d1%80%d0%be%d0%bb%d1%8c', 'ru', 1),
(408317, 781882, 'Камень-Рыболов', '%d0%9a%d0%b0%d0%bc%d0%b5%d0%bd%d1%8c-%d0%a0%d1%8b%d0%b1%d0%b', 'ru', 1),
(408318, 781882, 'Чугуевка', '%d0%a7%d1%83%d0%b3%d1%83%d0%b5%d0%b2%d0%ba%d0%b0', 'ru', 1),
(408319, 781882, 'Трудовое', '%d0%a2%d1%80%d1%83%d0%b4%d0%be%d0%b2%d0%be%d0%b5', 'ru', 1),
(408320, 781882, 'Лучегорск', '%d0%9b%d1%83%d1%87%d0%b5%d0%b3%d0%be%d1%80%d1%81%d0%ba', 'ru', 1),
(408321, 781882, 'Дальнереченск', '%d0%94%d0%b0%d0%bb%d1%8c%d0%bd%d0%b5%d1%80%d0%b5%d1%87%d0%b5', 'ru', 1),
(408322, 781882, 'Большой Камень', '%d0%91%d0%be%d0%bb%d1%8c%d1%88%d0%be%d0%b9-%d0%9a%d0%b0%d0%b', 'ru', 1),
(408323, 781882, 'Дальнегорск', '%d0%94%d0%b0%d0%bb%d1%8c%d0%bd%d0%b5%d0%b3%d0%be%d1%80%d1%81', 'ru', 1),
(408324, 781882, 'Лесозаводск', '%d0%9b%d0%b5%d1%81%d0%be%d0%b7%d0%b0%d0%b2%d0%be%d0%b4%d1%81', 'ru', 1),
(408325, 781882, 'Партизанск', '%d0%9f%d0%b0%d1%80%d1%82%d0%b8%d0%b7%d0%b0%d0%bd%d1%81%d0%ba', 'ru', 1),
(408326, 781882, 'Спасск-Дальний', '%d0%a1%d0%bf%d0%b0%d1%81%d1%81%d0%ba-%d0%94%d0%b0%d0%bb%d1%8', 'ru', 1),
(408327, 781882, 'Арсеньев', '%d0%90%d1%80%d1%81%d0%b5%d0%bd%d1%8c%d0%b5%d0%b2', 'ru', 1),
(408328, 781882, 'Артём', '%d0%90%d1%80%d1%82%d1%91%d0%bc', 'ru', 1),
(408329, 781882, 'Находка', '%d0%9d%d0%b0%d1%85%d0%be%d0%b4%d0%ba%d0%b0', 'ru', 1),
(408330, 781882, 'Уссурийск', '%d0%a3%d1%81%d1%81%d1%83%d1%80%d0%b8%d0%b9%d1%81%d0%ba', 'ru', 1),
(408331, 781882, 'Владивосток', '%d0%92%d0%bb%d0%b0%d0%b4%d0%b8%d0%b2%d0%be%d1%81%d1%82%d0%be', 'ru', 1),
(408332, 781883, 'Локня', '%d0%9b%d0%be%d0%ba%d0%bd%d1%8f', 'ru', 1),
(408333, 781883, 'Опочка', '%d0%9e%d0%bf%d0%be%d1%87%d0%ba%d0%b0', 'ru', 1),
(408334, 781883, 'Остров', '%d0%9e%d1%81%d1%82%d1%80%d0%be%d0%b2', 'ru', 1),
(408335, 781883, 'Пустошка', '%d0%9f%d1%83%d1%81%d1%82%d0%be%d1%88%d0%ba%d0%b0', 'ru', 1),
(408336, 781883, 'Себеж', '%d0%a1%d0%b5%d0%b1%d0%b5%d0%b6', 'ru', 1),
(408337, 781883, 'Струги Красные', '%d0%a1%d1%82%d1%80%d1%83%d0%b3%d0%b8-%d0%9a%d1%80%d0%b0%d1%8', 'ru', 1),
(408338, 781883, 'Новоржев', '%d0%9d%d0%be%d0%b2%d0%be%d1%80%d0%b6%d0%b5%d0%b2', 'ru', 1),
(408339, 781883, 'Красногородск', '%d0%9a%d1%80%d0%b0%d1%81%d0%bd%d0%be%d0%b3%d0%be%d1%80%d0%be', 'ru', 1),
(408340, 781883, 'Бежаницы', '%d0%91%d0%b5%d0%b6%d0%b0%d0%bd%d0%b8%d1%86%d1%8b', 'ru', 1),
(408341, 781883, 'Гдов', '%d0%93%d0%b4%d0%be%d0%b2', 'ru', 1),
(408342, 781883, 'Идрица', '%d0%98%d0%b4%d1%80%d0%b8%d1%86%d0%b0', 'ru', 1),
(408343, 781883, 'Пушкинские Горы', '%d0%9f%d1%83%d1%88%d0%ba%d0%b8%d0%bd%d1%81%d0%ba%d0%b8%d0%b5', 'ru', 1),
(408344, 781883, 'Пыталово', '%d0%9f%d1%8b%d1%82%d0%b0%d0%bb%d0%be%d0%b2%d0%be', 'ru', 1),
(408345, 781883, 'Новосокольники', '%d0%9d%d0%be%d0%b2%d0%be%d1%81%d0%be%d0%ba%d0%be%d0%bb%d1%8c', 'ru', 1),
(408346, 781883, 'Дедовичи', '%d0%94%d0%b5%d0%b4%d0%be%d0%b2%d0%b8%d1%87%d0%b8', 'ru', 1),
(408347, 781883, 'Дно', '%d0%94%d0%bd%d0%be', 'ru', 1),
(408348, 781883, 'Порхов', '%d0%9f%d0%be%d1%80%d1%85%d0%be%d0%b2', 'ru', 1),
(408349, 781883, 'Печоры', '%d0%9f%d0%b5%d1%87%d0%be%d1%80%d1%8b', 'ru', 1),
(408350, 781883, 'Невель', '%d0%9d%d0%b5%d0%b2%d0%b5%d0%bb%d1%8c', 'ru', 1),
(408351, 781883, 'Великие Луки', '%d0%92%d0%b5%d0%bb%d0%b8%d0%ba%d0%b8%d0%b5-%d0%9b%d1%83%d0%b', 'ru', 1),
(408352, 781883, 'Псков', '%d0%9f%d1%81%d0%ba%d0%be%d0%b2', 'ru', 1),
(408353, 781884, 'Каменномостский', '%d0%9a%d0%b0%d0%bc%d0%b5%d0%bd%d0%bd%d0%be%d0%bc%d0%be%d1%81', 'ru', 1),
(408354, 781884, 'Красногвардейское', '%d0%9a%d1%80%d0%b0%d1%81%d0%bd%d0%be%d0%b3%d0%b2%d0%b0%d1%80', 'ru', 1),
(408355, 781884, 'Краснооктябрьский', '%d0%9a%d1%80%d0%b0%d1%81%d0%bd%d0%be%d0%be%d0%ba%d1%82%d1%8f', 'ru', 1),
(408356, 781884, 'Тульский', '%d0%a2%d1%83%d0%bb%d1%8c%d1%81%d0%ba%d0%b8%d0%b9', 'ru', 1),
(408357, 781884, 'Тахтамукай', '%d0%a2%d0%b0%d1%85%d1%82%d0%b0%d0%bc%d1%83%d0%ba%d0%b0%d0%b9', 'ru', 1),
(408358, 781884, 'Дондуковская', '%d0%94%d0%be%d0%bd%d0%b4%d1%83%d0%ba%d0%be%d0%b2%d1%81%d0%ba', 'ru', 1),
(408359, 781884, 'Кошехабль', '%d0%9a%d0%be%d1%88%d0%b5%d1%85%d0%b0%d0%b1%d0%bb%d1%8c', 'ru', 1),
(408360, 781884, 'Ханская', '%d0%a5%d0%b0%d0%bd%d1%81%d0%ba%d0%b0%d1%8f', 'ru', 1),
(408361, 781884, 'Адыгейск', '%d0%90%d0%b4%d1%8b%d0%b3%d0%b5%d0%b9%d1%81%d0%ba', 'ru', 1),
(408362, 781884, 'Гиагинская', '%d0%93%d0%b8%d0%b0%d0%b3%d0%b8%d0%bd%d1%81%d0%ba%d0%b0%d1%8f', 'ru', 1),
(408363, 781884, 'Энем', '%d0%ad%d0%bd%d0%b5%d0%bc', 'ru', 1),
(408364, 781884, 'Яблоновский', '%d0%af%d0%b1%d0%bb%d0%be%d0%bd%d0%be%d0%b2%d1%81%d0%ba%d0%b8', 'ru', 1),
(408365, 781884, 'Майкоп', '%d0%9c%d0%b0%d0%b9%d0%ba%d0%be%d0%bf', 'ru', 1),
(408366, 781885, 'Кызыл-Озек', '%d0%9a%d1%8b%d0%b7%d1%8b%d0%bb-%d0%9e%d0%b7%d0%b5%d0%ba', 'ru', 1),
(408367, 781885, 'Шебалино', '%d0%a8%d0%b5%d0%b1%d0%b0%d0%bb%d0%b8%d0%bd%d0%be', 'ru', 1),
(408368, 781885, 'Улаган', '%d0%a3%d0%bb%d0%b0%d0%b3%d0%b0%d0%bd', 'ru', 1),
(408369, 781885, 'Чемал', '%d0%a7%d0%b5%d0%bc%d0%b0%d0%bb', 'ru', 1),
(408370, 781885, 'Акташ', '%d0%90%d0%ba%d1%82%d0%b0%d1%88', 'ru', 1),
(408371, 781885, 'Усть-Кан', '%d0%a3%d1%81%d1%82%d1%8c-%d0%9a%d0%b0%d0%bd', 'ru', 1),
(408372, 781885, 'Усть-Кокса', '%d0%a3%d1%81%d1%82%d1%8c-%d0%9a%d0%be%d0%ba%d1%81%d0%b0', 'ru', 1),
(408373, 781885, 'Онгудай', '%d0%9e%d0%bd%d0%b3%d1%83%d0%b4%d0%b0%d0%b9', 'ru', 1),
(408374, 781885, 'Турочак', '%d0%a2%d1%83%d1%80%d0%be%d1%87%d0%b0%d0%ba', 'ru', 1),
(408375, 781885, 'Кош-Агач', '%d0%9a%d0%be%d1%88-%d0%90%d0%b3%d0%b0%d1%87', 'ru', 1),
(408376, 781885, 'Майма', '%d0%9c%d0%b0%d0%b9%d0%bc%d0%b0', 'ru', 1),
(408377, 781885, 'Горно-Алтайск', '%d0%93%d0%be%d1%80%d0%bd%d0%be-%d0%90%d0%bb%d1%82%d0%b0%d0%b', 'ru', 1),
(408378, 781886, 'Баймак', '%d0%91%d0%b0%d0%b9%d0%bc%d0%b0%d0%ba', 'ru', 1),
(408379, 781886, 'Благовещенск', '%d0%91%d0%bb%d0%b0%d0%b3%d0%be%d0%b2%d0%b5%d1%89%d0%b5%d0%bd', 'ru', 1),
(408380, 781886, 'Дюртюли', '%d0%94%d1%8e%d1%80%d1%82%d1%8e%d0%bb%d0%b8', 'ru', 1),
(408381, 781886, 'Красноусольский', '%d0%9a%d1%80%d0%b0%d1%81%d0%bd%d0%be%d1%83%d1%81%d0%be%d0%bb', 'ru', 1),
(408382, 781886, 'Межгорье', '%d0%9c%d0%b5%d0%b6%d0%b3%d0%be%d1%80%d1%8c%d0%b5', 'ru', 1),
(408383, 781886, 'Октябрьский', '%d0%9e%d0%ba%d1%82%d1%8f%d0%b1%d1%80%d1%8c%d1%81%d0%ba%d0%b8', 'ru', 1),
(408384, 781886, 'Приютово', '%d0%9f%d1%80%d0%b8%d1%8e%d1%82%d0%be%d0%b2%d0%be', 'ru', 1),
(408385, 781886, 'Раевский', '%d0%a0%d0%b0%d0%b5%d0%b2%d1%81%d0%ba%d0%b8%d0%b9', 'ru', 1),
(408386, 781886, 'Серафимовский', '%d0%a1%d0%b5%d1%80%d0%b0%d1%84%d0%b8%d0%bc%d0%be%d0%b2%d1%81', 'ru', 1),
(408387, 781886, 'Стерлитамак', '%d0%a1%d1%82%d0%b5%d1%80%d0%bb%d0%b8%d1%82%d0%b0%d0%bc%d0%b0', 'ru', 1),
(408388, 781886, 'Толбазы', '%d0%a2%d0%be%d0%bb%d0%b1%d0%b0%d0%b7%d1%8b', 'ru', 1),
(408389, 781886, 'Янаул', '%d0%af%d0%bd%d0%b0%d1%83%d0%bb', 'ru', 1),
(408390, 781886, 'Кушнаренково', '%d0%9a%d1%83%d1%88%d0%bd%d0%b0%d1%80%d0%b5%d0%bd%d0%ba%d0%be', 'ru', 1),
(408391, 781886, 'Чекмагуш', '%d0%a7%d0%b5%d0%ba%d0%bc%d0%b0%d0%b3%d1%83%d1%88', 'ru', 1),
(408392, 781886, 'Кандры', '%d0%9a%d0%b0%d0%bd%d0%b4%d1%80%d1%8b', 'ru', 1),
(408393, 781886, 'Иглино', '%d0%98%d0%b3%d0%bb%d0%b8%d0%bd%d0%be', 'ru', 1),
(408394, 781886, 'Агидель', '%d0%90%d0%b3%d0%b8%d0%b4%d0%b5%d0%bb%d1%8c', 'ru', 1),
(408395, 781886, 'Чишмы', '%d0%a7%d0%b8%d1%88%d0%bc%d1%8b', 'ru', 1),
(408396, 781886, 'Давлеканово', '%d0%94%d0%b0%d0%b2%d0%bb%d0%b5%d0%ba%d0%b0%d0%bd%d0%be%d0%b2', 'ru', 1),
(408397, 781886, 'Бирск', '%d0%91%d0%b8%d1%80%d1%81%d0%ba', 'ru', 1),
(408398, 781886, 'Учалы', '%d0%a3%d1%87%d0%b0%d0%bb%d1%8b', 'ru', 1),
(408399, 781886, 'Сибай', '%d0%a1%d0%b8%d0%b1%d0%b0%d0%b9', 'ru', 1),
(408400, 781886, 'Белебей', '%d0%91%d0%b5%d0%bb%d0%b5%d0%b1%d0%b5%d0%b9', 'ru', 1),
(408401, 781886, 'Кумертау', '%d0%9a%d1%83%d0%bc%d0%b5%d1%80%d1%82%d0%b0%d1%83', 'ru', 1),
(408402, 781886, 'Мелеуз', '%d0%9c%d0%b5%d0%bb%d0%b5%d1%83%d0%b7', 'ru', 1),
(408403, 781886, 'Туймазы', '%d0%a2%d1%83%d0%b9%d0%bc%d0%b0%d0%b7%d1%8b', 'ru', 1),
(408404, 781886, 'Ишимбай', '%d0%98%d1%88%d0%b8%d0%bc%d0%b1%d0%b0%d0%b9', 'ru', 1),
(408405, 781886, 'Белорецк', '%d0%91%d0%b5%d0%bb%d0%be%d1%80%d0%b5%d1%86%d0%ba', 'ru', 1),
(408406, 781886, 'Нефтекамск', '%d0%9d%d0%b5%d1%84%d1%82%d0%b5%d0%ba%d0%b0%d0%bc%d1%81%d0%ba', 'ru', 1),
(408407, 781886, 'Салават', '%d0%a1%d0%b0%d0%bb%d0%b0%d0%b2%d0%b0%d1%82', 'ru', 1),
(408408, 781886, 'Уфа', '%d0%a3%d1%84%d0%b0', 'ru', 1),
(408409, 781887, 'Заречный', '%d0%97%d0%b0%d1%80%d0%b5%d1%87%d0%bd%d1%8b%d0%b9', 'ru', 1),
(408410, 781887, 'Каменск', '%d0%9a%d0%b0%d0%bc%d0%b5%d0%bd%d1%81%d0%ba', 'ru', 1),
(408411, 781887, 'Новоильинск', '%d0%9d%d0%be%d0%b2%d0%be%d0%b8%d0%bb%d1%8c%d0%b8%d0%bd%d1%81', 'ru', 1),
(408412, 781887, 'Онохой', '%d0%9e%d0%bd%d0%be%d1%85%d0%be%d0%b9', 'ru', 1),
(408413, 781887, 'Петропавловка', '%d0%9f%d0%b5%d1%82%d1%80%d0%be%d0%bf%d0%b0%d0%b2%d0%bb%d0%be', 'ru', 1),
(408414, 781887, 'Селенгинск', '%d0%a1%d0%b5%d0%bb%d0%b5%d0%bd%d0%b3%d0%b8%d0%bd%d1%81%d0%ba', 'ru', 1),
(408415, 781887, 'Сокол', '%d0%a1%d0%be%d0%ba%d0%be%d0%bb', 'ru', 1),
(408416, 781887, 'Выдрино', '%d0%92%d1%8b%d0%b4%d1%80%d0%b8%d0%bd%d0%be', 'ru', 1),
(408417, 781887, 'Кырен', '%d0%9a%d1%8b%d1%80%d0%b5%d0%bd', 'ru', 1),
(408418, 781887, 'Нижнеангарск', '%d0%9d%d0%b8%d0%b6%d0%bd%d0%b5%d0%b0%d0%bd%d0%b3%d0%b0%d1%80', 'ru', 1),
(408419, 781887, 'Мухоршибирь', '%d0%9c%d1%83%d1%85%d0%be%d1%80%d1%88%d0%b8%d0%b1%d0%b8%d1%80', 'ru', 1),
(408420, 781887, 'Заиграево', '%d0%97%d0%b0%d0%b8%d0%b3%d1%80%d0%b0%d0%b5%d0%b2%d0%be', 'ru', 1),
(408421, 781887, 'Сосново-Озёрское', '%d0%a1%d0%be%d1%81%d0%bd%d0%be%d0%b2%d0%be-%d0%9e%d0%b7%d1%9', 'ru', 1),
(408422, 781887, 'Курумкан', '%d0%9a%d1%83%d1%80%d1%83%d0%bc%d0%ba%d0%b0%d0%bd', 'ru', 1),
(408423, 781887, 'Баргузин', '%d0%91%d0%b0%d1%80%d0%b3%d1%83%d0%b7%d0%b8%d0%bd', 'ru', 1),
(408424, 781887, 'Кабанск', '%d0%9a%d0%b0%d0%b1%d0%b0%d0%bd%d1%81%d0%ba', 'ru', 1),
(408425, 781887, 'Турунтаево', '%d0%a2%d1%83%d1%80%d1%83%d0%bd%d1%82%d0%b0%d0%b5%d0%b2%d0%be', 'ru', 1),
(408426, 781887, 'Кижинга', '%d0%9a%d0%b8%d0%b6%d0%b8%d0%bd%d0%b3%d0%b0', 'ru', 1),
(408427, 781887, 'Иволгинск', '%d0%98%d0%b2%d0%be%d0%bb%d0%b3%d0%b8%d0%bd%d1%81%d0%ba', 'ru', 1),
(408428, 781887, 'Усть-Баргузин', '%d0%a3%d1%81%d1%82%d1%8c-%d0%91%d0%b0%d1%80%d0%b3%d1%83%d0%b', 'ru', 1),
(408429, 781887, 'Хоринск', '%d0%a5%d0%be%d1%80%d0%b8%d0%bd%d1%81%d0%ba', 'ru', 1),
(408430, 781887, 'Бичура', '%d0%91%d0%b8%d1%87%d1%83%d1%80%d0%b0', 'ru', 1);
INSERT INTO `oc_t_city` (`pk_i_id`, `fk_i_region_id`, `s_name`, `s_slug`, `fk_c_country_code`, `b_active`) VALUES
(408431, 781887, 'Таксимо', '%d0%a2%d0%b0%d0%ba%d1%81%d0%b8%d0%bc%d0%be', 'ru', 1),
(408432, 781887, 'Закаменск', '%d0%97%d0%b0%d0%ba%d0%b0%d0%bc%d0%b5%d0%bd%d1%81%d0%ba', 'ru', 1),
(408433, 781887, 'Кяхта', '%d0%9a%d1%8f%d1%85%d1%82%d0%b0', 'ru', 1),
(408434, 781887, 'Гусиноозёрск', '%d0%93%d1%83%d1%81%d0%b8%d0%bd%d0%be%d0%be%d0%b7%d1%91%d1%80', 'ru', 1),
(408435, 781887, 'Северобайкальск', '%d0%a1%d0%b5%d0%b2%d0%b5%d1%80%d0%be%d0%b1%d0%b0%d0%b9%d0%ba', 'ru', 1),
(408436, 781887, 'Улан-Удэ', '%d0%a3%d0%bb%d0%b0%d0%bd-%d0%a3%d0%b4%d1%8d', 'ru', 1),
(408437, 781888, 'Ботлих', '%d0%91%d0%be%d1%82%d0%bb%d0%b8%d1%85', 'ru', 1),
(408438, 781888, 'Ленинкент', '%d0%9b%d0%b5%d0%bd%d0%b8%d0%bd%d0%ba%d0%b5%d0%bd%d1%82', 'ru', 1),
(408439, 781888, 'Султан-Янги-Юрт', '%d0%a1%d1%83%d0%bb%d1%82%d0%b0%d0%bd-%d0%af%d0%bd%d0%b3%d0%b', 'ru', 1),
(408440, 781888, 'Кизляр', '%d0%9a%d0%b8%d0%b7%d0%bb%d1%8f%d1%80', 'ru', 1),
(408441, 781888, 'Южно-Сухокумск', '%d0%ae%d0%b6%d0%bd%d0%be-%d0%a1%d1%83%d1%85%d0%be%d0%ba%d1%8', 'ru', 1),
(408442, 781888, 'Нижнее Казанище', '%d0%9d%d0%b8%d0%b6%d0%bd%d0%b5%d0%b5-%d0%9a%d0%b0%d0%b7%d0%b', 'ru', 1),
(408443, 781888, 'Каякент', '%d0%9a%d0%b0%d1%8f%d0%ba%d0%b5%d0%bd%d1%82', 'ru', 1),
(408444, 781888, 'Касумкент', '%d0%9a%d0%b0%d1%81%d1%83%d0%bc%d0%ba%d0%b5%d0%bd%d1%82', 'ru', 1),
(408445, 781888, 'Карабудахкент', '%d0%9a%d0%b0%d1%80%d0%b0%d0%b1%d1%83%d0%b4%d0%b0%d1%85%d0%ba', 'ru', 1),
(408446, 781888, 'Бабаюрт', '%d0%91%d0%b0%d0%b1%d0%b0%d1%8e%d1%80%d1%82', 'ru', 1),
(408447, 781888, 'Ахты', '%d0%90%d1%85%d1%82%d1%8b', 'ru', 1),
(408448, 781888, 'Белиджи', '%d0%91%d0%b5%d0%bb%d0%b8%d0%b4%d0%b6%d0%b8', 'ru', 1),
(408449, 781888, 'Дагестанские Огни', '%d0%94%d0%b0%d0%b3%d0%b5%d1%81%d1%82%d0%b0%d0%bd%d1%81%d0%ba', 'ru', 1),
(408450, 781888, 'Кизилюрт', '%d0%9a%d0%b8%d0%b7%d0%b8%d0%bb%d1%8e%d1%80%d1%82', 'ru', 1),
(408451, 781888, 'Избербаш', '%d0%98%d0%b7%d0%b1%d0%b5%d1%80%d0%b1%d0%b0%d1%88', 'ru', 1),
(408452, 781888, 'Буйнакск', '%d0%91%d1%83%d0%b9%d0%bd%d0%b0%d0%ba%d1%81%d0%ba', 'ru', 1),
(408453, 781888, 'Каспийск', '%d0%9a%d0%b0%d1%81%d0%bf%d0%b8%d0%b9%d1%81%d0%ba', 'ru', 1),
(408454, 781888, 'Дербент', '%d0%94%d0%b5%d1%80%d0%b1%d0%b5%d0%bd%d1%82', 'ru', 1),
(408455, 781888, 'Хасавюрт', '%d0%a5%d0%b0%d1%81%d0%b0%d0%b2%d1%8e%d1%80%d1%82', 'ru', 1),
(408456, 781888, 'Махачкала', '%d0%9c%d0%b0%d1%85%d0%b0%d1%87%d0%ba%d0%b0%d0%bb%d0%b0', 'ru', 1),
(408457, 781889, 'Инарки', '%d0%98%d0%bd%d0%b0%d1%80%d0%ba%d0%b8', 'ru', 1),
(408458, 781889, 'Нестеровская', '%d0%9d%d0%b5%d1%81%d1%82%d0%b5%d1%80%d0%be%d0%b2%d1%81%d0%ba', 'ru', 1),
(408459, 781889, 'Средние Ачалуки', '%d0%a1%d1%80%d0%b5%d0%b4%d0%bd%d0%b8%d0%b5-%d0%90%d1%87%d0%b', 'ru', 1),
(408460, 781889, 'Троицкая', '%d0%a2%d1%80%d0%be%d0%b8%d1%86%d0%ba%d0%b0%d1%8f', 'ru', 1),
(408461, 781889, 'Яндаре', '%d0%af%d0%bd%d0%b4%d0%b0%d1%80%d0%b5', 'ru', 1),
(408462, 781889, 'Галашки', '%d0%93%d0%b0%d0%bb%d0%b0%d1%88%d0%ba%d0%b8', 'ru', 1),
(408463, 781889, 'Пседах', '%d0%9f%d1%81%d0%b5%d0%b4%d0%b0%d1%85', 'ru', 1),
(408464, 781889, 'Вознесенская', '%d0%92%d0%be%d0%b7%d0%bd%d0%b5%d1%81%d0%b5%d0%bd%d1%81%d0%ba', 'ru', 1),
(408465, 781889, 'Али-Юрт', '%d0%90%d0%bb%d0%b8-%d0%ae%d1%80%d1%82', 'ru', 1),
(408466, 781889, 'Верхние Ачалуки', '%d0%92%d0%b5%d1%80%d1%85%d0%bd%d0%b8%d0%b5-%d0%90%d1%87%d0%b', 'ru', 1),
(408467, 781889, 'Долаково', '%d0%94%d0%be%d0%bb%d0%b0%d0%ba%d0%be%d0%b2%d0%be', 'ru', 1),
(408468, 781889, 'Сагопши', '%d0%a1%d0%b0%d0%b3%d0%be%d0%bf%d1%88%d0%b8', 'ru', 1),
(408469, 781889, 'Сурхахи', '%d0%a1%d1%83%d1%80%d1%85%d0%b0%d1%85%d0%b8', 'ru', 1),
(408470, 781889, 'Кантышево', '%d0%9a%d0%b0%d0%bd%d1%82%d1%8b%d1%88%d0%b5%d0%b2%d0%be', 'ru', 1),
(408471, 781889, 'Экажево', '%d0%ad%d0%ba%d0%b0%d0%b6%d0%b5%d0%b2%d0%be', 'ru', 1),
(408472, 781889, 'Карабулак', '%d0%9a%d0%b0%d1%80%d0%b0%d0%b1%d1%83%d0%bb%d0%b0%d0%ba', 'ru', 1),
(408473, 781889, 'Малгобек', '%d0%9c%d0%b0%d0%bb%d0%b3%d0%be%d0%b1%d0%b5%d0%ba', 'ru', 1),
(408474, 781889, 'Орджоникидзевская', '%d0%9e%d1%80%d0%b4%d0%b6%d0%be%d0%bd%d0%b8%d0%ba%d0%b8%d0%b4', 'ru', 1),
(408475, 781889, 'Назрань', '%d0%9d%d0%b0%d0%b7%d1%80%d0%b0%d0%bd%d1%8c', 'ru', 1),
(408476, 781890, 'Большой Царын', '%d0%91%d0%be%d0%bb%d1%8c%d1%88%d0%be%d0%b9-%d0%a6%d0%b0%d1%8', 'ru', 1),
(408477, 781890, 'Садовое', '%d0%a1%d0%b0%d0%b4%d0%be%d0%b2%d0%be%d0%b5', 'ru', 1),
(408478, 781890, 'Троицкое', '%d0%a2%d1%80%d0%be%d0%b8%d1%86%d0%ba%d0%be%d0%b5', 'ru', 1),
(408479, 781890, 'Цаган-Аман', '%d0%a6%d0%b0%d0%b3%d0%b0%d0%bd-%d0%90%d0%bc%d0%b0%d0%bd', 'ru', 1),
(408480, 781890, 'Элиста', '%d0%ad%d0%bb%d0%b8%d1%81%d1%82%d0%b0', 'ru', 1),
(408481, 781890, 'Приютное', '%d0%9f%d1%80%d0%b8%d1%8e%d1%82%d0%bd%d0%be%d0%b5', 'ru', 1),
(408482, 781890, 'Малые Дербеты', '%d0%9c%d0%b0%d0%bb%d1%8b%d0%b5-%d0%94%d0%b5%d1%80%d0%b1%d0%b', 'ru', 1),
(408483, 781890, 'Яшкуль', '%d0%af%d1%88%d0%ba%d1%83%d0%bb%d1%8c', 'ru', 1),
(408484, 781890, 'Городовиковск', '%d0%93%d0%be%d1%80%d0%be%d0%b4%d0%be%d0%b2%d0%b8%d0%ba%d0%be', 'ru', 1),
(408485, 781890, 'Лагань', '%d0%9b%d0%b0%d0%b3%d0%b0%d0%bd%d1%8c', 'ru', 1),
(408486, 781891, 'Сегежа', '%d0%a1%d0%b5%d0%b3%d0%b5%d0%b6%d0%b0', 'ru', 1),
(408487, 781891, 'Пиндуши', '%d0%9f%d0%b8%d0%bd%d0%b4%d1%83%d1%88%d0%b8', 'ru', 1),
(408488, 781891, 'Калевала', '%d0%9a%d0%b0%d0%bb%d0%b5%d0%b2%d0%b0%d0%bb%d0%b0', 'ru', 1),
(408489, 781891, 'Лоухи', '%d0%9b%d0%be%d1%83%d1%85%d0%b8', 'ru', 1),
(408490, 781891, 'Лахденпохья', '%d0%9b%d0%b0%d1%85%d0%b4%d0%b5%d0%bd%d0%bf%d0%be%d1%85%d1%8c', 'ru', 1),
(408491, 781891, 'Олонец', '%d0%9e%d0%bb%d0%be%d0%bd%d0%b5%d1%86', 'ru', 1),
(408492, 781891, 'Пудож', '%d0%9f%d1%83%d0%b4%d0%be%d0%b6', 'ru', 1),
(408493, 781891, 'Надвоицы', '%d0%9d%d0%b0%d0%b4%d0%b2%d0%be%d0%b8%d1%86%d1%8b', 'ru', 1),
(408494, 781891, 'Суоярви', '%d0%a1%d1%83%d0%be%d1%8f%d1%80%d0%b2%d0%b8', 'ru', 1),
(408495, 781891, 'Беломорск', '%d0%91%d0%b5%d0%bb%d0%be%d0%bc%d0%be%d1%80%d1%81%d0%ba', 'ru', 1),
(408496, 781891, 'Питкяранта', '%d0%9f%d0%b8%d1%82%d0%ba%d1%8f%d1%80%d0%b0%d0%bd%d1%82%d0%b0', 'ru', 1),
(408497, 781891, 'Кемь', '%d0%9a%d0%b5%d0%bc%d1%8c', 'ru', 1),
(408498, 781891, 'Медвежьегорск', '%d0%9c%d0%b5%d0%b4%d0%b2%d0%b5%d0%b6%d1%8c%d0%b5%d0%b3%d0%be', 'ru', 1),
(408499, 781891, 'Сортавала', '%d0%a1%d0%be%d1%80%d1%82%d0%b0%d0%b2%d0%b0%d0%bb%d0%b0', 'ru', 1),
(408500, 781891, 'Костомукша', '%d0%9a%d0%be%d1%81%d1%82%d0%be%d0%bc%d1%83%d0%ba%d1%88%d0%b0', 'ru', 1),
(408501, 781891, 'Кондопога', '%d0%9a%d0%be%d0%bd%d0%b4%d0%be%d0%bf%d0%be%d0%b3%d0%b0', 'ru', 1),
(408502, 781891, 'Петрозаводск', '%d0%9f%d0%b5%d1%82%d1%80%d0%be%d0%b7%d0%b0%d0%b2%d0%be%d0%b4', 'ru', 1),
(408503, 781892, 'Водный', '%d0%92%d0%be%d0%b4%d0%bd%d1%8b%d0%b9', 'ru', 1),
(408504, 781892, 'Выльгорт', '%d0%92%d1%8b%d0%bb%d1%8c%d0%b3%d0%be%d1%80%d1%82', 'ru', 1),
(408505, 781892, 'Емва', '%d0%95%d0%bc%d0%b2%d0%b0', 'ru', 1),
(408506, 781892, 'Краснозатонский', '%d0%9a%d1%80%d0%b0%d1%81%d0%bd%d0%be%d0%b7%d0%b0%d1%82%d0%be', 'ru', 1),
(408507, 781892, 'Микунь', '%d0%9c%d0%b8%d0%ba%d1%83%d0%bd%d1%8c', 'ru', 1),
(408508, 781892, 'Объячево', '%d0%9e%d0%b1%d1%8a%d1%8f%d1%87%d0%b5%d0%b2%d0%be', 'ru', 1),
(408509, 781892, 'Северный', '%d0%a1%d0%b5%d0%b2%d0%b5%d1%80%d0%bd%d1%8b%d0%b9', 'ru', 1),
(408510, 781892, 'Троицко-Печорск', '%d0%a2%d1%80%d0%be%d0%b8%d1%86%d0%ba%d0%be-%d0%9f%d0%b5%d1%8', 'ru', 1),
(408511, 781892, 'Ухта', '%d0%a3%d1%85%d1%82%d0%b0', 'ru', 1),
(408512, 781892, 'Инта', '%d0%98%d0%bd%d1%82%d0%b0', 'ru', 1),
(408513, 781892, 'Усть-Цильма', '%d0%a3%d1%81%d1%82%d1%8c-%d0%a6%d0%b8%d0%bb%d1%8c%d0%bc%d0%b', 'ru', 1),
(408514, 781892, 'Усть-Кулом', '%d0%a3%d1%81%d1%82%d1%8c-%d0%9a%d1%83%d0%bb%d0%be%d0%bc', 'ru', 1),
(408515, 781892, 'Усогорск', '%d0%a3%d1%81%d0%be%d0%b3%d0%be%d1%80%d1%81%d0%ba', 'ru', 1),
(408516, 781892, 'Визинга', '%d0%92%d0%b8%d0%b7%d0%b8%d0%bd%d0%b3%d0%b0', 'ru', 1),
(408517, 781892, 'Ярега', '%d0%af%d1%80%d0%b5%d0%b3%d0%b0', 'ru', 1),
(408518, 781892, 'Жешарт', '%d0%96%d0%b5%d1%88%d0%b0%d1%80%d1%82', 'ru', 1),
(408519, 781892, 'Нижний Одес', '%d0%9d%d0%b8%d0%b6%d0%bd%d0%b8%d0%b9-%d0%9e%d0%b4%d0%b5%d1%8', 'ru', 1),
(408520, 781892, 'Вуктыл', '%d0%92%d1%83%d0%ba%d1%82%d1%8b%d0%bb', 'ru', 1),
(408521, 781892, 'Воргашор', '%d0%92%d0%be%d1%80%d0%b3%d0%b0%d1%88%d0%be%d1%80', 'ru', 1),
(408522, 781892, 'Сосногорск', '%d0%a1%d0%be%d1%81%d0%bd%d0%be%d0%b3%d0%be%d1%80%d1%81%d0%ba', 'ru', 1),
(408523, 781892, 'Усинск', '%d0%a3%d1%81%d0%b8%d0%bd%d1%81%d0%ba', 'ru', 1),
(408524, 781892, 'Печора', '%d0%9f%d0%b5%d1%87%d0%be%d1%80%d0%b0', 'ru', 1),
(408525, 781892, 'Воркута', '%d0%92%d0%be%d1%80%d0%ba%d1%83%d1%82%d0%b0', 'ru', 1),
(408526, 781892, 'Сыктывкар', '%d0%a1%d1%8b%d0%ba%d1%82%d1%8b%d0%b2%d0%ba%d0%b0%d1%80', 'ru', 1),
(408527, 781893, 'Козьмодемьянск', '%d0%9a%d0%be%d0%b7%d1%8c%d0%bc%d0%be%d0%b4%d0%b5%d0%bc%d1%8c', 'ru', 1),
(408528, 781893, 'Красногорский', '%d0%9a%d1%80%d0%b0%d1%81%d0%bd%d0%be%d0%b3%d0%be%d1%80%d1%81', 'ru', 1),
(408529, 781893, 'Куженер', '%d0%9a%d1%83%d0%b6%d0%b5%d0%bd%d0%b5%d1%80', 'ru', 1),
(408530, 781893, 'Медведево', '%d0%9c%d0%b5%d0%b4%d0%b2%d0%b5%d0%b4%d0%b5%d0%b2%d0%be', 'ru', 1),
(408531, 781893, 'Новый Торъял', '%d0%9d%d0%be%d0%b2%d1%8b%d0%b9-%d0%a2%d0%be%d1%80%d1%8a%d1%8', 'ru', 1),
(408532, 781893, 'Оршанка', '%d0%9e%d1%80%d1%88%d0%b0%d0%bd%d0%ba%d0%b0', 'ru', 1),
(408533, 781893, 'Семёновка', '%d0%a1%d0%b5%d0%bc%d1%91%d0%bd%d0%be%d0%b2%d0%ba%d0%b0', 'ru', 1),
(408534, 781893, 'Советский', '%d0%a1%d0%be%d0%b2%d0%b5%d1%82%d1%81%d0%ba%d0%b8%d0%b9', 'ru', 1),
(408535, 781893, 'Мари-Турек', '%d0%9c%d0%b0%d1%80%d0%b8-%d0%a2%d1%83%d1%80%d0%b5%d0%ba', 'ru', 1),
(408536, 781893, 'Параньга', '%d0%9f%d0%b0%d1%80%d0%b0%d0%bd%d1%8c%d0%b3%d0%b0', 'ru', 1),
(408537, 781893, 'Сернур', '%d0%a1%d0%b5%d1%80%d0%bd%d1%83%d1%80', 'ru', 1),
(408538, 781893, 'Морки', '%d0%9c%d0%be%d1%80%d0%ba%d0%b8', 'ru', 1),
(408539, 781893, 'Звенигово', '%d0%97%d0%b2%d0%b5%d0%bd%d0%b8%d0%b3%d0%be%d0%b2%d0%be', 'ru', 1),
(408540, 781893, 'Волжск', '%d0%92%d0%be%d0%bb%d0%b6%d1%81%d0%ba', 'ru', 1),
(408541, 781893, 'Йошкар-Ола', '%d0%99%d0%be%d1%88%d0%ba%d0%b0%d1%80-%d0%9e%d0%bb%d0%b0', 'ru', 1),
(408542, 781894, 'Атяшево', '%d0%90%d1%82%d1%8f%d1%88%d0%b5%d0%b2%d0%be', 'ru', 1),
(408543, 781894, 'Большие Березники', '%d0%91%d0%be%d0%bb%d1%8c%d1%88%d0%b8%d0%b5-%d0%91%d0%b5%d1%8', 'ru', 1),
(408544, 781894, 'Ельники', '%d0%95%d0%bb%d1%8c%d0%bd%d0%b8%d0%ba%d0%b8', 'ru', 1),
(408545, 781894, 'Комсомольский', '%d0%9a%d0%be%d0%bc%d1%81%d0%be%d0%bc%d0%be%d0%bb%d1%8c%d1%81', 'ru', 1),
(408546, 781894, 'Краснослободск', '%d0%9a%d1%80%d0%b0%d1%81%d0%bd%d0%be%d1%81%d0%bb%d0%be%d0%b1', 'ru', 1),
(408547, 781894, 'Николаевка', '%d0%9d%d0%b8%d0%ba%d0%be%d0%bb%d0%b0%d0%b5%d0%b2%d0%ba%d0%b0', 'ru', 1),
(408548, 781894, 'Ромоданово', '%d0%a0%d0%be%d0%bc%d0%be%d0%b4%d0%b0%d0%bd%d0%be%d0%b2%d0%be', 'ru', 1),
(408549, 781894, 'Рузаевка', '%d0%a0%d1%83%d0%b7%d0%b0%d0%b5%d0%b2%d0%ba%d0%b0', 'ru', 1),
(408550, 781894, 'Старое Шайгово', '%d0%a1%d1%82%d0%b0%d1%80%d0%be%d0%b5-%d0%a8%d0%b0%d0%b9%d0%b', 'ru', 1),
(408551, 781894, 'Тургенево', '%d0%a2%d1%83%d1%80%d0%b3%d0%b5%d0%bd%d0%b5%d0%b2%d0%be', 'ru', 1),
(408552, 781894, 'Чамзинка', '%d0%a7%d0%b0%d0%bc%d0%b7%d0%b8%d0%bd%d0%ba%d0%b0', 'ru', 1),
(408553, 781894, 'Ялга', '%d0%af%d0%bb%d0%b3%d0%b0', 'ru', 1),
(408554, 781894, 'Явас', '%d0%af%d0%b2%d0%b0%d1%81', 'ru', 1),
(408555, 781894, 'Темников', '%d0%a2%d0%b5%d0%bc%d0%bd%d0%b8%d0%ba%d0%be%d0%b2', 'ru', 1),
(408556, 781894, 'Лямбирь', '%d0%9b%d1%8f%d0%bc%d0%b1%d0%b8%d1%80%d1%8c', 'ru', 1),
(408557, 781894, 'Инсар', '%d0%98%d0%bd%d1%81%d0%b0%d1%80', 'ru', 1),
(408558, 781894, 'Луховка', '%d0%9b%d1%83%d1%85%d0%be%d0%b2%d0%ba%d0%b0', 'ru', 1),
(408559, 781894, 'Торбеево', '%d0%a2%d0%be%d1%80%d0%b1%d0%b5%d0%b5%d0%b2%d0%be', 'ru', 1),
(408560, 781894, 'Ардатов', '%d0%90%d1%80%d0%b4%d0%b0%d1%82%d0%be%d0%b2', 'ru', 1),
(408561, 781894, 'Зубова Поляна', '%d0%97%d1%83%d0%b1%d0%be%d0%b2%d0%b0-%d0%9f%d0%be%d0%bb%d1%8', 'ru', 1),
(408562, 781894, 'Ковылкино', '%d0%9a%d0%be%d0%b2%d1%8b%d0%bb%d0%ba%d0%b8%d0%bd%d0%be', 'ru', 1),
(408563, 781894, 'Саранск', '%d0%a1%d0%b0%d1%80%d0%b0%d0%bd%d1%81%d0%ba', 'ru', 1),
(408564, 781895, 'Якутск', '%d0%af%d0%ba%d1%83%d1%82%d1%81%d0%ba', 'ru', 1),
(408565, 781895, 'Чурапча', '%d0%a7%d1%83%d1%80%d0%b0%d0%bf%d1%87%d0%b0', 'ru', 1),
(408566, 781895, 'Чульман', '%d0%a7%d1%83%d0%bb%d1%8c%d0%bc%d0%b0%d0%bd', 'ru', 1),
(408567, 781895, 'Усть-Нера', '%d0%a3%d1%81%d1%82%d1%8c-%d0%9d%d0%b5%d1%80%d0%b0', 'ru', 1),
(408568, 781895, 'Удачный', '%d0%a3%d0%b4%d0%b0%d1%87%d0%bd%d1%8b%d0%b9', 'ru', 1),
(408569, 781895, 'Томмот', '%d0%a2%d0%be%d0%bc%d0%bc%d0%be%d1%82', 'ru', 1),
(408570, 781895, 'Сунтар', '%d0%a1%d1%83%d0%bd%d1%82%d0%b0%d1%80', 'ru', 1),
(408571, 781895, 'Покровск', '%d0%9f%d0%be%d0%ba%d1%80%d0%be%d0%b2%d1%81%d0%ba', 'ru', 1),
(408572, 781895, 'Олёкминск', '%d0%9e%d0%bb%d1%91%d0%ba%d0%bc%d0%b8%d0%bd%d1%81%d0%ba', 'ru', 1),
(408573, 781895, 'Нюрба', '%d0%9d%d1%8e%d1%80%d0%b1%d0%b0', 'ru', 1),
(408574, 781895, 'Нерюнгри', '%d0%9d%d0%b5%d1%80%d1%8e%d0%bd%d0%b3%d1%80%d0%b8', 'ru', 1),
(408575, 781895, 'Намцы', '%d0%9d%d0%b0%d0%bc%d1%86%d1%8b', 'ru', 1),
(408576, 781895, 'Мохсоголлох', '%d0%9c%d0%be%d1%85%d1%81%d0%be%d0%b3%d0%be%d0%bb%d0%bb%d0%be', 'ru', 1),
(408577, 781895, 'Мирный', '%d0%9c%d0%b8%d1%80%d0%bd%d1%8b%d0%b9', 'ru', 1),
(408578, 781895, 'Майя', '%d0%9c%d0%b0%d0%b9%d1%8f', 'ru', 1),
(408579, 781895, 'Ленск', '%d0%9b%d0%b5%d0%bd%d1%81%d0%ba', 'ru', 1),
(408580, 781895, 'Жатай', '%d0%96%d0%b0%d1%82%d0%b0%d0%b9', 'ru', 1),
(408581, 781895, 'Вилюйск', '%d0%92%d0%b8%d0%bb%d1%8e%d0%b9%d1%81%d0%ba', 'ru', 1),
(408582, 781895, 'Алдан', '%d0%90%d0%bb%d0%b4%d0%b0%d0%bd', 'ru', 1),
(408583, 781895, 'Айхал', '%d0%90%d0%b9%d1%85%d0%b0%d0%bb', 'ru', 1),
(408584, 781896, 'Гизель', '%d0%93%d0%b8%d0%b7%d0%b5%d0%bb%d1%8c', 'ru', 1),
(408585, 781896, 'Заводской', '%d0%97%d0%b0%d0%b2%d0%be%d0%b4%d1%81%d0%ba%d0%be%d0%b9', 'ru', 1),
(408586, 781896, 'Кизляр', '%d0%9a%d0%b8%d0%b7%d0%bb%d1%8f%d1%80', 'ru', 1),
(408587, 781896, 'Луковская', '%d0%9b%d1%83%d0%ba%d0%be%d0%b2%d1%81%d0%ba%d0%b0%d1%8f', 'ru', 1),
(408588, 781896, 'Майское', '%d0%9c%d0%b0%d0%b9%d1%81%d0%ba%d0%be%d0%b5', 'ru', 1),
(408589, 781896, 'Михайловское', '%d0%9c%d0%b8%d1%85%d0%b0%d0%b9%d0%bb%d0%be%d0%b2%d1%81%d0%ba', 'ru', 1),
(408590, 781896, 'Октябрьское', '%d0%9e%d0%ba%d1%82%d1%8f%d0%b1%d1%80%d1%8c%d1%81%d0%ba%d0%be', 'ru', 1),
(408591, 781896, 'Сунжа', '%d0%a1%d1%83%d0%bd%d0%b6%d0%b0', 'ru', 1),
(408592, 781896, 'Эльхотово', '%d0%ad%d0%bb%d1%8c%d1%85%d0%be%d1%82%d0%be%d0%b2%d0%be', 'ru', 1),
(408593, 781896, 'Павлодольская', '%d0%9f%d0%b0%d0%b2%d0%bb%d0%be%d0%b4%d0%be%d0%bb%d1%8c%d1%81', 'ru', 1),
(408594, 781896, 'Змейская', '%d0%97%d0%bc%d0%b5%d0%b9%d1%81%d0%ba%d0%b0%d1%8f', 'ru', 1),
(408595, 781896, 'Чикола', '%d0%a7%d0%b8%d0%ba%d0%be%d0%bb%d0%b0', 'ru', 1),
(408596, 781896, 'Камбилеевское', '%d0%9a%d0%b0%d0%bc%d0%b1%d0%b8%d0%bb%d0%b5%d0%b5%d0%b2%d1%81', 'ru', 1),
(408597, 781896, 'Архонская', '%d0%90%d1%80%d1%85%d0%be%d0%bd%d1%81%d0%ba%d0%b0%d1%8f', 'ru', 1),
(408598, 781896, 'Чермен', '%d0%a7%d0%b5%d1%80%d0%bc%d0%b5%d0%bd', 'ru', 1),
(408599, 781896, 'Ногир', '%d0%9d%d0%be%d0%b3%d0%b8%d1%80', 'ru', 1),
(408600, 781896, 'Дигора', '%d0%94%d0%b8%d0%b3%d0%be%d1%80%d0%b0', 'ru', 1),
(408601, 781896, 'Ардон', '%d0%90%d1%80%d0%b4%d0%be%d0%bd', 'ru', 1),
(408602, 781896, 'Алагир', '%d0%90%d0%bb%d0%b0%d0%b3%d0%b8%d1%80', 'ru', 1),
(408603, 781896, 'Беслан', '%d0%91%d0%b5%d1%81%d0%bb%d0%b0%d0%bd', 'ru', 1),
(408604, 781896, 'Моздок', '%d0%9c%d0%be%d0%b7%d0%b4%d0%be%d0%ba', 'ru', 1),
(408605, 781896, 'Владикавказ', '%d0%92%d0%bb%d0%b0%d0%b4%d0%b8%d0%ba%d0%b0%d0%b2%d0%ba%d0%b0', 'ru', 1),
(408606, 781897, 'Азнакаево', '%d0%90%d0%b7%d0%bd%d0%b0%d0%ba%d0%b0%d0%b5%d0%b2%d0%be', 'ru', 1),
(408607, 781897, 'Алексеевское', '%d0%90%d0%bb%d0%b5%d0%ba%d1%81%d0%b5%d0%b5%d0%b2%d1%81%d0%ba', 'ru', 1),
(408608, 781897, 'Васильево', '%d0%92%d0%b0%d1%81%d0%b8%d0%bb%d1%8c%d0%b5%d0%b2%d0%be', 'ru', 1),
(408609, 781897, 'Елабуга', '%d0%95%d0%bb%d0%b0%d0%b1%d1%83%d0%b3%d0%b0', 'ru', 1),
(408610, 781897, 'Зеленодольск', '%d0%97%d0%b5%d0%bb%d0%b5%d0%bd%d0%be%d0%b4%d0%be%d0%bb%d1%8c', 'ru', 1),
(408611, 781897, 'Камские Поляны', '%d0%9a%d0%b0%d0%bc%d1%81%d0%ba%d0%b8%d0%b5-%d0%9f%d0%be%d0%b', 'ru', 1),
(408612, 781897, 'Мамадыш', '%d0%9c%d0%b0%d0%bc%d0%b0%d0%b4%d1%8b%d1%88', 'ru', 1),
(408613, 781897, 'Тетюши', '%d0%a2%d0%b5%d1%82%d1%8e%d1%88%d0%b8', 'ru', 1),
(408614, 781897, 'Чистополь', '%d0%a7%d0%b8%d1%81%d1%82%d0%be%d0%bf%d0%be%d0%bb%d1%8c', 'ru', 1),
(408615, 781897, 'Уруссу', '%d0%a3%d1%80%d1%83%d1%81%d1%81%d1%83', 'ru', 1),
(408616, 781897, 'Джалиль', '%d0%94%d0%b6%d0%b0%d0%bb%d0%b8%d0%bb%d1%8c', 'ru', 1),
(408617, 781897, 'Кукмор', '%d0%9a%d1%83%d0%ba%d0%bc%d0%be%d1%80', 'ru', 1),
(408618, 781897, 'Мензелинск', '%d0%9c%d0%b5%d0%bd%d0%b7%d0%b5%d0%bb%d0%b8%d0%bd%d1%81%d0%ba', 'ru', 1),
(408619, 781897, 'Арск', '%d0%90%d1%80%d1%81%d0%ba', 'ru', 1),
(408620, 781897, 'Агрыз', '%d0%90%d0%b3%d1%80%d1%8b%d0%b7', 'ru', 1),
(408621, 781897, 'Буинск', '%d0%91%d1%83%d0%b8%d0%bd%d1%81%d0%ba', 'ru', 1),
(408622, 781897, 'Менделеевск', '%d0%9c%d0%b5%d0%bd%d0%b4%d0%b5%d0%bb%d0%b5%d0%b5%d0%b2%d1%81', 'ru', 1),
(408623, 781897, 'Бавлы', '%d0%91%d0%b0%d0%b2%d0%bb%d1%8b', 'ru', 1),
(408624, 781897, 'Нурлат', '%d0%9d%d1%83%d1%80%d0%bb%d0%b0%d1%82', 'ru', 1),
(408625, 781897, 'Заинск', '%d0%97%d0%b0%d0%b8%d0%bd%d1%81%d0%ba', 'ru', 1),
(408626, 781897, 'Лениногорск', '%d0%9b%d0%b5%d0%bd%d0%b8%d0%bd%d0%be%d0%b3%d0%be%d1%80%d1%81', 'ru', 1),
(408627, 781897, 'Бугульма', '%d0%91%d1%83%d0%b3%d1%83%d0%bb%d1%8c%d0%bc%d0%b0', 'ru', 1),
(408628, 781897, 'Альметьевск', '%d0%90%d0%bb%d1%8c%d0%bc%d0%b5%d1%82%d1%8c%d0%b5%d0%b2%d1%81', 'ru', 1),
(408629, 781897, 'Нижнекамск', '%d0%9d%d0%b8%d0%b6%d0%bd%d0%b5%d0%ba%d0%b0%d0%bc%d1%81%d0%ba', 'ru', 1),
(408630, 781897, 'Набережные Челны', '%d0%9d%d0%b0%d0%b1%d0%b5%d1%80%d0%b5%d0%b6%d0%bd%d1%8b%d0%b5', 'ru', 1),
(408631, 781897, 'Казань', '%d0%9a%d0%b0%d0%b7%d0%b0%d0%bd%d1%8c', 'ru', 1),
(408632, 781898, 'Туран', '%d0%a2%d1%83%d1%80%d0%b0%d0%bd', 'ru', 1),
(408633, 781898, 'Чаа-Холь', '%d0%a7%d0%b0%d0%b0-%d0%a5%d0%be%d0%bb%d1%8c', 'ru', 1),
(408634, 781898, 'Суг-Аксы', '%d0%a1%d1%83%d0%b3-%d0%90%d0%ba%d1%81%d1%8b', 'ru', 1),
(408635, 781898, 'Бай-Хаак', '%d0%91%d0%b0%d0%b9-%d0%a5%d0%b0%d0%b0%d0%ba', 'ru', 1),
(408636, 781898, 'Хандагайты', '%d0%a5%d0%b0%d0%bd%d0%b4%d0%b0%d0%b3%d0%b0%d0%b9%d1%82%d1%8b', 'ru', 1),
(408637, 781898, 'Балгазын', '%d0%91%d0%b0%d0%bb%d0%b3%d0%b0%d0%b7%d1%8b%d0%bd', 'ru', 1),
(408638, 781898, 'Самагалтай', '%d0%a1%d0%b0%d0%bc%d0%b0%d0%b3%d0%b0%d0%bb%d1%82%d0%b0%d0%b9', 'ru', 1),
(408639, 781898, 'Сукпак', '%d0%a1%d1%83%d0%ba%d0%bf%d0%b0%d0%ba', 'ru', 1),
(408640, 781898, 'Хову-Аксы', '%d0%a5%d0%be%d0%b2%d1%83-%d0%90%d0%ba%d1%81%d1%8b', 'ru', 1),
(408641, 781898, 'Тээли', '%d0%a2%d1%8d%d1%8d%d0%bb%d0%b8', 'ru', 1),
(408642, 781898, 'Мугур-Аксы', '%d0%9c%d1%83%d0%b3%d1%83%d1%80-%d0%90%d0%ba%d1%81%d1%8b', 'ru', 1),
(408643, 781898, 'Сарыг-Сеп', '%d0%a1%d0%b0%d1%80%d1%8b%d0%b3-%d0%a1%d0%b5%d0%bf', 'ru', 1),
(408644, 781898, 'Кызыл-Мажалык', '%d0%9a%d1%8b%d0%b7%d1%8b%d0%bb-%d0%9c%d0%b0%d0%b6%d0%b0%d0%b', 'ru', 1),
(408645, 781898, 'Чадан', '%d0%a7%d0%b0%d0%b4%d0%b0%d0%bd', 'ru', 1),
(408646, 781898, 'Каа-Хем', '%d0%9a%d0%b0%d0%b0-%d0%a5%d0%b5%d0%bc', 'ru', 1),
(408647, 781898, 'Шагонар', '%d0%a8%d0%b0%d0%b3%d0%be%d0%bd%d0%b0%d1%80', 'ru', 1),
(408648, 781898, 'Ак-Довурак', '%d0%90%d0%ba-%d0%94%d0%be%d0%b2%d1%83%d1%80%d0%b0%d0%ba', 'ru', 1),
(408649, 781898, 'Кызыл', '%d0%9a%d1%8b%d0%b7%d1%8b%d0%bb', 'ru', 1),
(408650, 781899, 'Аскиз', '%d0%90%d1%81%d0%ba%d0%b8%d0%b7', 'ru', 1),
(408651, 781899, 'Белый Яр', '%d0%91%d0%b5%d0%bb%d1%8b%d0%b9-%d0%af%d1%80', 'ru', 1),
(408652, 781899, 'Бельтирское', '%d0%91%d0%b5%d0%bb%d1%8c%d1%82%d0%b8%d1%80%d1%81%d0%ba%d0%be', 'ru', 1),
(408653, 781899, 'Черёмушки', '%d0%a7%d0%b5%d1%80%d1%91%d0%bc%d1%83%d1%88%d0%ba%d0%b8', 'ru', 1),
(408654, 781899, 'Майна', '%d0%9c%d0%b0%d0%b9%d0%bd%d0%b0', 'ru', 1),
(408655, 781899, 'Бея', '%d0%91%d0%b5%d1%8f', 'ru', 1),
(408656, 781899, 'Таштып', '%d0%a2%d0%b0%d1%88%d1%82%d1%8b%d0%bf', 'ru', 1),
(408658, 781899, 'Шира', '%d0%a8%d0%b8%d1%80%d0%b0', 'ru', 1),
(408659, 781899, 'Сорск', '%d0%a1%d0%be%d1%80%d1%81%d0%ba', 'ru', 1),
(408660, 781899, 'Усть-Абакан', '%d0%a3%d1%81%d1%82%d1%8c-%d0%90%d0%b1%d0%b0%d0%ba%d0%b0%d0%b', 'ru', 1),
(408661, 781899, 'Абаза', '%d0%90%d0%b1%d0%b0%d0%b7%d0%b0', 'ru', 1),
(408662, 781899, 'Саяногорск', '%d0%a1%d0%b0%d1%8f%d0%bd%d0%be%d0%b3%d0%be%d1%80%d1%81%d0%ba', 'ru', 1),
(408663, 781899, 'Черногорск', '%d0%a7%d0%b5%d1%80%d0%bd%d0%be%d0%b3%d0%be%d1%80%d1%81%d0%ba', 'ru', 1),
(408664, 781899, 'Абакан', '%d0%90%d0%b1%d0%b0%d0%ba%d0%b0%d0%bd', 'ru', 1),
(408665, 781900, 'Батайск', '%d0%91%d0%b0%d1%82%d0%b0%d0%b9%d1%81%d0%ba', 'ru', 1),
(408666, 781900, 'Гуково', '%d0%93%d1%83%d0%ba%d0%be%d0%b2%d0%be', 'ru', 1),
(408667, 781900, 'Зверево', '%d0%97%d0%b2%d0%b5%d1%80%d0%b5%d0%b2%d0%be', 'ru', 1),
(408668, 781900, 'Миллерово', '%d0%9c%d0%b8%d0%bb%d0%bb%d0%b5%d1%80%d0%be%d0%b2%d0%be', 'ru', 1),
(408669, 781900, 'Орловский', '%d0%9e%d1%80%d0%bb%d0%be%d0%b2%d1%81%d0%ba%d0%b8%d0%b9', 'ru', 1),
(408670, 781900, 'Шахты', '%d0%a8%d0%b0%d1%85%d1%82%d1%8b', 'ru', 1),
(408671, 781900, 'Аксай', '%d0%90%d0%ba%d1%81%d0%b0%d0%b9', 'ru', 1),
(408672, 781900, 'Багаевская', '%d0%91%d0%b0%d0%b3%d0%b0%d0%b5%d0%b2%d1%81%d0%ba%d0%b0%d1%8f', 'ru', 1),
(408673, 781900, 'Персиановский', '%d0%9f%d0%b5%d1%80%d1%81%d0%b8%d0%b0%d0%bd%d0%be%d0%b2%d1%81', 'ru', 1),
(408674, 781900, 'Зимовники', '%d0%97%d0%b8%d0%bc%d0%be%d0%b2%d0%bd%d0%b8%d0%ba%d0%b8', 'ru', 1),
(408675, 781900, 'Егорлыкская', '%d0%95%d0%b3%d0%be%d1%80%d0%bb%d1%8b%d0%ba%d1%81%d0%ba%d0%b0', 'ru', 1),
(408676, 781900, 'Константиновск', '%d0%9a%d0%be%d0%bd%d1%81%d1%82%d0%b0%d0%bd%d1%82%d0%b8%d0%bd', 'ru', 1),
(408677, 781900, 'Пролетарск', '%d0%9f%d1%80%d0%be%d0%bb%d0%b5%d1%82%d0%b0%d1%80%d1%81%d0%ba', 'ru', 1),
(408678, 781900, 'Семикаракорск', '%d0%a1%d0%b5%d0%bc%d0%b8%d0%ba%d0%b0%d1%80%d0%b0%d0%ba%d0%be', 'ru', 1),
(408679, 781900, 'Зерноград', '%d0%97%d0%b5%d1%80%d0%bd%d0%be%d0%b3%d1%80%d0%b0%d0%b4', 'ru', 1),
(408680, 781900, 'Морозовск', '%d0%9c%d0%be%d1%80%d0%be%d0%b7%d0%be%d0%b2%d1%81%d0%ba', 'ru', 1),
(408681, 781900, 'Красный Сулин', '%d0%9a%d1%80%d0%b0%d1%81%d0%bd%d1%8b%d0%b9-%d0%a1%d1%83%d0%b', 'ru', 1),
(408682, 781900, 'Белая Калитва', '%d0%91%d0%b5%d0%bb%d0%b0%d1%8f-%d0%9a%d0%b0%d0%bb%d0%b8%d1%8', 'ru', 1),
(408683, 781900, 'Донецк', '%d0%94%d0%be%d0%bd%d0%b5%d1%86%d0%ba', 'ru', 1),
(408684, 781900, 'Сальск', '%d0%a1%d0%b0%d0%bb%d1%8c%d1%81%d0%ba', 'ru', 1),
(408685, 781900, 'Каменск-Шахтинский', '%d0%9a%d0%b0%d0%bc%d0%b5%d0%bd%d1%81%d0%ba-%d0%a8%d0%b0%d1%8', 'ru', 1),
(408686, 781900, 'Азов', '%d0%90%d0%b7%d0%be%d0%b2', 'ru', 1),
(408687, 781900, 'Новошахтинск', '%d0%9d%d0%be%d0%b2%d0%be%d1%88%d0%b0%d1%85%d1%82%d0%b8%d0%bd', 'ru', 1),
(408688, 781900, 'Новочеркасск', '%d0%9d%d0%be%d0%b2%d0%be%d1%87%d0%b5%d1%80%d0%ba%d0%b0%d1%81', 'ru', 1),
(408689, 781900, 'Волгодонск', '%d0%92%d0%be%d0%bb%d0%b3%d0%be%d0%b4%d0%be%d0%bd%d1%81%d0%ba', 'ru', 1),
(408690, 781900, 'Таганрог', '%d0%a2%d0%b0%d0%b3%d0%b0%d0%bd%d1%80%d0%be%d0%b3', 'ru', 1),
(408691, 781900, 'Ростов-на-Дону', '%d0%a0%d0%be%d1%81%d1%82%d0%be%d0%b2-%d0%bd%d0%b0-%d0%94%d0%', 'ru', 1),
(408692, 781901, 'Касимов', '%d0%9a%d0%b0%d1%81%d0%b8%d0%bc%d0%be%d0%b2', 'ru', 1),
(408693, 781901, 'Кораблино', '%d0%9a%d0%be%d1%80%d0%b0%d0%b1%d0%bb%d0%b8%d0%bd%d0%be', 'ru', 1),
(408694, 781901, 'Лесной', '%d0%9b%d0%b5%d1%81%d0%bd%d0%be%d0%b9', 'ru', 1),
(408695, 781901, 'Михайлов', '%d0%9c%d0%b8%d1%85%d0%b0%d0%b9%d0%bb%d0%be%d0%b2', 'ru', 1),
(408696, 781901, 'Октябрьский', '%d0%9e%d0%ba%d1%82%d1%8f%d0%b1%d1%80%d1%8c%d1%81%d0%ba%d0%b8', 'ru', 1),
(408697, 781901, 'Поляны', '%d0%9f%d0%be%d0%bb%d1%8f%d0%bd%d1%8b', 'ru', 1),
(408698, 781901, 'Рыбное', '%d0%a0%d1%8b%d0%b1%d0%bd%d0%be%d0%b5', 'ru', 1),
(408699, 781901, 'Сасово', '%d0%a1%d0%b0%d1%81%d0%be%d0%b2%d0%be', 'ru', 1),
(408700, 781901, 'Шилово', '%d0%a8%d0%b8%d0%bb%d0%be%d0%b2%d0%be', 'ru', 1),
(408701, 781901, 'Старожилово', '%d0%a1%d1%82%d0%b0%d1%80%d0%be%d0%b6%d0%b8%d0%bb%d0%be%d0%b2', 'ru', 1),
(408702, 781901, 'Ухолово', '%d0%a3%d1%85%d0%be%d0%bb%d0%be%d0%b2%d0%be', 'ru', 1),
(408703, 781901, 'Спас-Клепики', '%d0%a1%d0%bf%d0%b0%d1%81-%d0%9a%d0%bb%d0%b5%d0%bf%d0%b8%d0%b', 'ru', 1),
(408704, 781901, 'Кадом', '%d0%9a%d0%b0%d0%b4%d0%be%d0%bc', 'ru', 1),
(408705, 781901, 'Тума', '%d0%a2%d1%83%d0%bc%d0%b0', 'ru', 1),
(408706, 781901, 'Сараи', '%d0%a1%d0%b0%d1%80%d0%b0%d0%b8', 'ru', 1),
(408707, 781901, 'Шацк', '%d0%a8%d0%b0%d1%86%d0%ba', 'ru', 1),
(408708, 781901, 'Спасск-Рязанский', '%d0%a1%d0%bf%d0%b0%d1%81%d1%81%d0%ba-%d0%a0%d1%8f%d0%b7%d0%b', 'ru', 1),
(408709, 781901, 'Новомичуринск', '%d0%9d%d0%be%d0%b2%d0%be%d0%bc%d0%b8%d1%87%d1%83%d1%80%d0%b8', 'ru', 1),
(408710, 781901, 'Ряжск', '%d0%a0%d1%8f%d0%b6%d1%81%d0%ba', 'ru', 1),
(408711, 781901, 'Скопин', '%d0%a1%d0%ba%d0%be%d0%bf%d0%b8%d0%bd', 'ru', 1),
(408712, 781901, 'Рязань', '%d0%a0%d1%8f%d0%b7%d0%b0%d0%bd%d1%8c', 'ru', 1),
(408713, 781902, 'Алексеевка', '%d0%90%d0%bb%d0%b5%d0%ba%d1%81%d0%b5%d0%b5%d0%b2%d0%ba%d0%b0', 'ru', 1),
(408714, 781902, 'Большая Глушица', '%d0%91%d0%be%d0%bb%d1%8c%d1%88%d0%b0%d1%8f-%d0%93%d0%bb%d1%8', 'ru', 1),
(408715, 781902, 'Нефтегорск', '%d0%9d%d0%b5%d1%84%d1%82%d0%b5%d0%b3%d0%be%d1%80%d1%81%d0%ba', 'ru', 1),
(408716, 781902, 'Октябрьск', '%d0%9e%d0%ba%d1%82%d1%8f%d0%b1%d1%80%d1%8c%d1%81%d0%ba', 'ru', 1),
(408717, 781902, 'Отрадный', '%d0%9e%d1%82%d1%80%d0%b0%d0%b4%d0%bd%d1%8b%d0%b9', 'ru', 1),
(408718, 781902, 'Похвистнево', '%d0%9f%d0%be%d1%85%d0%b2%d0%b8%d1%81%d1%82%d0%bd%d0%b5%d0%b2', 'ru', 1),
(408719, 781902, 'Рощинский', '%d0%a0%d0%be%d1%89%d0%b8%d0%bd%d1%81%d0%ba%d0%b8%d0%b9', 'ru', 1),
(408720, 781902, 'Суходол', '%d0%a1%d1%83%d1%85%d0%be%d0%b4%d0%be%d0%bb', 'ru', 1),
(408721, 781902, 'Чапаевск', '%d0%a7%d0%b0%d0%bf%d0%b0%d0%b5%d0%b2%d1%81%d0%ba', 'ru', 1),
(408722, 781902, 'Кинель-Черкассы', '%d0%9a%d0%b8%d0%bd%d0%b5%d0%bb%d1%8c-%d0%a7%d0%b5%d1%80%d0%b', 'ru', 1),
(408723, 781902, 'Безенчук', '%d0%91%d0%b5%d0%b7%d0%b5%d0%bd%d1%87%d1%83%d0%ba', 'ru', 1),
(408724, 781902, 'Кинель', '%d0%9a%d0%b8%d0%bd%d0%b5%d0%bb%d1%8c', 'ru', 1),
(408725, 781902, 'Жигулёвск', '%d0%96%d0%b8%d0%b3%d1%83%d0%bb%d1%91%d0%b2%d1%81%d0%ba', 'ru', 1),
(408726, 781902, 'Новокуйбышевск', '%d0%9d%d0%be%d0%b2%d0%be%d0%ba%d1%83%d0%b9%d0%b1%d1%8b%d1%88', 'ru', 1),
(408727, 781902, 'Сызрань', '%d0%a1%d1%8b%d0%b7%d1%80%d0%b0%d0%bd%d1%8c', 'ru', 1),
(408728, 781902, 'Тольятти', '%d0%a2%d0%be%d0%bb%d1%8c%d1%8f%d1%82%d1%82%d0%b8', 'ru', 1),
(408729, 781902, 'Самара', '%d0%a1%d0%b0%d0%bc%d0%b0%d1%80%d0%b0', 'ru', 1),
(408730, 781903, 'Санкт-Петербург', '%d0%a1%d0%b0%d0%bd%d0%ba%d1%82-%d0%9f%d0%b5%d1%82%d0%b5%d1%8', 'ru', 1),
(408731, 781904, 'Балаково', '%d0%91%d0%b0%d0%bb%d0%b0%d0%ba%d0%be%d0%b2%d0%be', 'ru', 1),
(408732, 781904, 'Балашов', '%d0%91%d0%b0%d0%bb%d0%b0%d1%88%d0%be%d0%b2', 'ru', 1),
(408733, 781904, 'Вольск', '%d0%92%d0%be%d0%bb%d1%8c%d1%81%d0%ba', 'ru', 1),
(408734, 781904, 'Ершов', '%d0%95%d1%80%d1%88%d0%be%d0%b2', 'ru', 1),
(408735, 781904, 'Калининск', '%d0%9a%d0%b0%d0%bb%d0%b8%d0%bd%d0%b8%d0%bd%d1%81%d0%ba', 'ru', 1),
(408736, 781904, 'Красноармейск', '%d0%9a%d1%80%d0%b0%d1%81%d0%bd%d0%be%d0%b0%d1%80%d0%bc%d0%b5', 'ru', 1),
(408737, 781904, 'Красный Кут', '%d0%9a%d1%80%d0%b0%d1%81%d0%bd%d1%8b%d0%b9-%d0%9a%d1%83%d1%8', 'ru', 1),
(408738, 781904, 'Петровск', '%d0%9f%d0%b5%d1%82%d1%80%d0%be%d0%b2%d1%81%d0%ba', 'ru', 1),
(408739, 781904, 'Пугачёв', '%d0%9f%d1%83%d0%b3%d0%b0%d1%87%d1%91%d0%b2', 'ru', 1),
(408740, 781904, 'Ртищево', '%d0%a0%d1%82%d0%b8%d1%89%d0%b5%d0%b2%d0%be', 'ru', 1),
(408741, 781904, 'Светлый', '%d0%a1%d0%b2%d0%b5%d1%82%d0%bb%d1%8b%d0%b9', 'ru', 1),
(408742, 781904, 'Степное', '%d0%a1%d1%82%d0%b5%d0%bf%d0%bd%d0%be%d0%b5', 'ru', 1),
(408743, 781904, 'Энгельс', '%d0%ad%d0%bd%d0%b3%d0%b5%d0%bb%d1%8c%d1%81', 'ru', 1),
(408744, 781904, 'Приволжский', '%d0%9f%d1%80%d0%b8%d0%b2%d0%be%d0%bb%d0%b6%d1%81%d0%ba%d0%b8', 'ru', 1),
(408745, 781904, 'Озинки', '%d0%9e%d0%b7%d0%b8%d0%bd%d0%ba%d0%b8', 'ru', 1),
(408746, 781904, 'Базарный Карабулак', '%d0%91%d0%b0%d0%b7%d0%b0%d1%80%d0%bd%d1%8b%d0%b9-%d0%9a%d0%b', 'ru', 1),
(408747, 781904, 'Хвалынск', '%d0%a5%d0%b2%d0%b0%d0%bb%d1%8b%d0%bd%d1%81%d0%ba', 'ru', 1),
(408748, 781904, 'Аркадак', '%d0%90%d1%80%d0%ba%d0%b0%d0%b4%d0%b0%d0%ba', 'ru', 1),
(408749, 781904, 'Новоузенск', '%d0%9d%d0%be%d0%b2%d0%be%d1%83%d0%b7%d0%b5%d0%bd%d1%81%d0%ba', 'ru', 1),
(408750, 781904, 'Аткарск', '%d0%90%d1%82%d0%ba%d0%b0%d1%80%d1%81%d0%ba', 'ru', 1),
(408751, 781904, 'Маркс', '%d0%9c%d0%b0%d1%80%d0%ba%d1%81', 'ru', 1),
(408752, 781904, 'Саратов', '%d0%a1%d0%b0%d1%80%d0%b0%d1%82%d0%be%d0%b2', 'ru', 1),
(408753, 781905, 'Углегорск', '%d0%a3%d0%b3%d0%bb%d0%b5%d0%b3%d0%be%d1%80%d1%81%d0%ba', 'ru', 1),
(408754, 781905, 'Горнозаводск', '%d0%93%d0%be%d1%80%d0%bd%d0%be%d0%b7%d0%b0%d0%b2%d0%be%d0%b4', 'ru', 1),
(408755, 781905, 'Южно-Курильск', '%d0%ae%d0%b6%d0%bd%d0%be-%d0%9a%d1%83%d1%80%d0%b8%d0%bb%d1%8', 'ru', 1),
(408756, 781905, 'Макаров', '%d0%9c%d0%b0%d0%ba%d0%b0%d1%80%d0%be%d0%b2', 'ru', 1),
(408757, 781905, 'Смирных', '%d0%a1%d0%bc%d0%b8%d1%80%d0%bd%d1%8b%d1%85', 'ru', 1),
(408758, 781905, 'Анива', '%d0%90%d0%bd%d0%b8%d0%b2%d0%b0', 'ru', 1),
(408759, 781905, 'Тымовское', '%d0%a2%d1%8b%d0%bc%d0%be%d0%b2%d1%81%d0%ba%d0%be%d0%b5', 'ru', 1),
(408760, 781905, 'Ноглики', '%d0%9d%d0%be%d0%b3%d0%bb%d0%b8%d0%ba%d0%b8', 'ru', 1),
(408761, 781905, 'Шахтёрск', '%d0%a8%d0%b0%d1%85%d1%82%d1%91%d1%80%d1%81%d0%ba', 'ru', 1),
(408762, 781905, 'Долинск', '%d0%94%d0%be%d0%bb%d0%b8%d0%bd%d1%81%d0%ba', 'ru', 1),
(408763, 781905, 'Александровск-Сахалинский', '%d0%90%d0%bb%d0%b5%d0%ba%d1%81%d0%b0%d0%bd%d0%b4%d1%80%d0%be', 'ru', 1),
(408764, 781905, 'Поронайск', '%d0%9f%d0%be%d1%80%d0%be%d0%bd%d0%b0%d0%b9%d1%81%d0%ba', 'ru', 1),
(408765, 781905, 'Невельск', '%d0%9d%d0%b5%d0%b2%d0%b5%d0%bb%d1%8c%d1%81%d0%ba', 'ru', 1),
(408766, 781905, 'Оха', '%d0%9e%d1%85%d0%b0', 'ru', 1),
(408767, 781905, 'Холмск', '%d0%a5%d0%be%d0%bb%d0%bc%d1%81%d0%ba', 'ru', 1),
(408768, 781905, 'Корсаков', '%d0%9a%d0%be%d1%80%d1%81%d0%b0%d0%ba%d0%be%d0%b2', 'ru', 1),
(408769, 781905, 'Южно-Сахалинск', '%d0%ae%d0%b6%d0%bd%d0%be-%d0%a1%d0%b0%d1%85%d0%b0%d0%bb%d0%b', 'ru', 1),
(408770, 781906, 'Артёмовский', '%d0%90%d1%80%d1%82%d1%91%d0%bc%d0%be%d0%b2%d1%81%d0%ba%d0%b8', 'ru', 1),
(408771, 781906, 'Асбест', '%d0%90%d1%81%d0%b1%d0%b5%d1%81%d1%82', 'ru', 1),
(408772, 781906, 'Берёзовский', '%d0%91%d0%b5%d1%80%d1%91%d0%b7%d0%be%d0%b2%d1%81%d0%ba%d0%b8', 'ru', 1),
(408773, 781906, 'Заречный', '%d0%97%d0%b0%d1%80%d0%b5%d1%87%d0%bd%d1%8b%d0%b9', 'ru', 1),
(408774, 781906, 'Лесной', '%d0%9b%d0%b5%d1%81%d0%bd%d0%be%d0%b9', 'ru', 1),
(408775, 781906, 'Нижняя Тура', '%d0%9d%d0%b8%d0%b6%d0%bd%d1%8f%d1%8f-%d0%a2%d1%83%d1%80%d0%b', 'ru', 1),
(408776, 781906, 'Ревда', '%d0%a0%d0%b5%d0%b2%d0%b4%d0%b0', 'ru', 1),
(408777, 781906, 'Серов', '%d0%a1%d0%b5%d1%80%d0%be%d0%b2', 'ru', 1),
(408778, 781906, 'Сухой Лог', '%d0%a1%d1%83%d1%85%d0%be%d0%b9-%d0%9b%d0%be%d0%b3', 'ru', 1),
(408779, 781906, 'Талица', '%d0%a2%d0%b0%d0%bb%d0%b8%d1%86%d0%b0', 'ru', 1),
(408780, 781906, 'Дегтярск', '%d0%94%d0%b5%d0%b3%d1%82%d1%8f%d1%80%d1%81%d0%ba', 'ru', 1),
(408781, 781906, 'Нижняя Салда', '%d0%9d%d0%b8%d0%b6%d0%bd%d1%8f%d1%8f-%d0%a1%d0%b0%d0%bb%d0%b', 'ru', 1),
(408782, 781906, 'Рефтинский', '%d0%a0%d0%b5%d1%84%d1%82%d0%b8%d0%bd%d1%81%d0%ba%d0%b8%d0%b9', 'ru', 1),
(408783, 781906, 'Туринск', '%d0%a2%d1%83%d1%80%d0%b8%d0%bd%d1%81%d0%ba', 'ru', 1),
(408784, 781906, 'Ивдель', '%d0%98%d0%b2%d0%b4%d0%b5%d0%bb%d1%8c', 'ru', 1),
(408785, 781906, 'Среднеуральск', '%d0%a1%d1%80%d0%b5%d0%b4%d0%bd%d0%b5%d1%83%d1%80%d0%b0%d0%bb', 'ru', 1),
(408786, 781906, 'Сысерть', '%d0%a1%d1%8b%d1%81%d0%b5%d1%80%d1%82%d1%8c', 'ru', 1),
(408787, 781906, 'Кировград', '%d0%9a%d0%b8%d1%80%d0%be%d0%b2%d0%b3%d1%80%d0%b0%d0%b4', 'ru', 1),
(408788, 781906, 'Невьянск', '%d0%9d%d0%b5%d0%b2%d1%8c%d1%8f%d0%bd%d1%81%d0%ba', 'ru', 1),
(408789, 781906, 'Красноуральск', '%d0%9a%d1%80%d0%b0%d1%81%d0%bd%d0%be%d1%83%d1%80%d0%b0%d0%bb', 'ru', 1),
(408790, 781906, 'Камышлов', '%d0%9a%d0%b0%d0%bc%d1%8b%d1%88%d0%bb%d0%be%d0%b2', 'ru', 1),
(408791, 781906, 'Карпинск', '%d0%9a%d0%b0%d1%80%d0%bf%d0%b8%d0%bd%d1%81%d0%ba', 'ru', 1),
(408792, 781906, 'Богданович', '%d0%91%d0%be%d0%b3%d0%b4%d0%b0%d0%bd%d0%be%d0%b2%d0%b8%d1%87', 'ru', 1),
(408793, 781906, 'Североуральск', '%d0%a1%d0%b5%d0%b2%d0%b5%d1%80%d0%be%d1%83%d1%80%d0%b0%d0%bb', 'ru', 1),
(408794, 781906, 'Кушва', '%d0%9a%d1%83%d1%88%d0%b2%d0%b0', 'ru', 1),
(408795, 781906, 'Реж', '%d0%a0%d0%b5%d0%b6', 'ru', 1),
(408796, 781906, 'Тавда', '%d0%a2%d0%b0%d0%b2%d0%b4%d0%b0', 'ru', 1),
(408797, 781906, 'Ирбит', '%d0%98%d1%80%d0%b1%d0%b8%d1%82', 'ru', 1),
(408798, 781906, 'Красноуфимск', '%d0%9a%d1%80%d0%b0%d1%81%d0%bd%d0%be%d1%83%d1%84%d0%b8%d0%bc', 'ru', 1),
(408799, 781906, 'Качканар', '%d0%9a%d0%b0%d1%87%d0%ba%d0%b0%d0%bd%d0%b0%d1%80', 'ru', 1),
(408800, 781906, 'Алапаевск', '%d0%90%d0%bb%d0%b0%d0%bf%d0%b0%d0%b5%d0%b2%d1%81%d0%ba', 'ru', 1),
(408801, 781906, 'Верхняя Салда', '%d0%92%d0%b5%d1%80%d1%85%d0%bd%d1%8f%d1%8f-%d0%a1%d0%b0%d0%b', 'ru', 1),
(408802, 781906, 'Верхняя Пышма', '%d0%92%d0%b5%d1%80%d1%85%d0%bd%d1%8f%d1%8f-%d0%9f%d1%8b%d1%8', 'ru', 1),
(408803, 781906, 'Краснотурьинск', '%d0%9a%d1%80%d0%b0%d1%81%d0%bd%d0%be%d1%82%d1%83%d1%80%d1%8c', 'ru', 1),
(408804, 781906, 'Полевской', '%d0%9f%d0%be%d0%bb%d0%b5%d0%b2%d1%81%d0%ba%d0%be%d0%b9', 'ru', 1),
(408805, 781906, 'Новоуральск', '%d0%9d%d0%be%d0%b2%d0%be%d1%83%d1%80%d0%b0%d0%bb%d1%8c%d1%81', 'ru', 1),
(408806, 781906, 'Первоуральск', '%d0%9f%d0%b5%d1%80%d0%b2%d0%be%d1%83%d1%80%d0%b0%d0%bb%d1%8c', 'ru', 1),
(408807, 781906, 'Каменск-Уральский', '%d0%9a%d0%b0%d0%bc%d0%b5%d0%bd%d1%81%d0%ba-%d0%a3%d1%80%d0%b', 'ru', 1),
(408808, 781906, 'Нижний Тагил', '%d0%9d%d0%b8%d0%b6%d0%bd%d0%b8%d0%b9-%d0%a2%d0%b0%d0%b3%d0%b', 'ru', 1),
(408809, 781906, 'Екатеринбург', '%d0%95%d0%ba%d0%b0%d1%82%d0%b5%d1%80%d0%b8%d0%bd%d0%b1%d1%83', 'ru', 1),
(408810, 781907, 'Ярцево', '%d0%af%d1%80%d1%86%d0%b5%d0%b2%d0%be', 'ru', 1),
(408811, 781907, 'Сычёвка', '%d0%a1%d1%8b%d1%87%d1%91%d0%b2%d0%ba%d0%b0', 'ru', 1),
(408812, 781907, 'Смоленск', '%d0%a1%d0%bc%d0%be%d0%bb%d0%b5%d0%bd%d1%81%d0%ba', 'ru', 1),
(408813, 781907, 'Сафоново', '%d0%a1%d0%b0%d1%84%d0%be%d0%bd%d0%be%d0%b2%d0%be', 'ru', 1),
(408814, 781907, 'Рудня', '%d0%a0%d1%83%d0%b4%d0%bd%d1%8f', 'ru', 1),
(408815, 781907, 'Рославль', '%d0%a0%d0%be%d1%81%d0%bb%d0%b0%d0%b2%d0%bb%d1%8c', 'ru', 1),
(408816, 781907, 'Починок', '%d0%9f%d0%be%d1%87%d0%b8%d0%bd%d0%be%d0%ba', 'ru', 1),
(408817, 781907, 'Озёрный', '%d0%9e%d0%b7%d1%91%d1%80%d0%bd%d1%8b%d0%b9', 'ru', 1),
(408818, 781907, 'Ельня', '%d0%95%d0%bb%d1%8c%d0%bd%d1%8f', 'ru', 1),
(408819, 781907, 'Дорогобуж', '%d0%94%d0%be%d1%80%d0%be%d0%b3%d0%be%d0%b1%d1%83%d0%b6', 'ru', 1),
(408820, 781907, 'Десногорск', '%d0%94%d0%b5%d1%81%d0%bd%d0%be%d0%b3%d0%be%d1%80%d1%81%d0%ba', 'ru', 1),
(408821, 781907, 'Демидов', '%d0%94%d0%b5%d0%bc%d0%b8%d0%b4%d0%be%d0%b2', 'ru', 1),
(408822, 781907, 'Гагарин', '%d0%93%d0%b0%d0%b3%d0%b0%d1%80%d0%b8%d0%bd', 'ru', 1),
(408823, 781907, 'Вязьма', '%d0%92%d1%8f%d0%b7%d1%8c%d0%bc%d0%b0', 'ru', 1),
(408824, 781907, 'Верхнеднепровский', '%d0%92%d0%b5%d1%80%d1%85%d0%bd%d0%b5%d0%b4%d0%bd%d0%b5%d0%bf', 'ru', 1),
(408825, 781907, 'Велиж', '%d0%92%d0%b5%d0%bb%d0%b8%d0%b6', 'ru', 1),
(408826, 781908, 'Александровское', '%d0%90%d0%bb%d0%b5%d0%ba%d1%81%d0%b0%d0%bd%d0%b4%d1%80%d0%be', 'ru', 1),
(408827, 781908, 'Благодарный', '%d0%91%d0%bb%d0%b0%d0%b3%d0%be%d0%b4%d0%b0%d1%80%d0%bd%d1%8b', 'ru', 1),
(408828, 781908, 'Дивное', '%d0%94%d0%b8%d0%b2%d0%bd%d0%be%d0%b5', 'ru', 1),
(408829, 781908, 'Железноводск', '%d0%96%d0%b5%d0%bb%d0%b5%d0%b7%d0%bd%d0%be%d0%b2%d0%be%d0%b4', 'ru', 1),
(408830, 781908, 'Изобильный', '%d0%98%d0%b7%d0%be%d0%b1%d0%b8%d0%bb%d1%8c%d0%bd%d1%8b%d0%b9', 'ru', 1),
(408831, 781908, 'Иноземцево', '%d0%98%d0%bd%d0%be%d0%b7%d0%b5%d0%bc%d1%86%d0%b5%d0%b2%d0%be', 'ru', 1),
(408832, 781908, 'Ипатово', '%d0%98%d0%bf%d0%b0%d1%82%d0%be%d0%b2%d0%be', 'ru', 1),
(408833, 781908, 'Красногвардейское', '%d0%9a%d1%80%d0%b0%d1%81%d0%bd%d0%be%d0%b3%d0%b2%d0%b0%d1%80', 'ru', 1),
(408834, 781908, 'Михайловск', '%d0%9c%d0%b8%d1%85%d0%b0%d0%b9%d0%bb%d0%be%d0%b2%d1%81%d0%ba', 'ru', 1),
(408835, 781908, 'Нефтекумск', '%d0%9d%d0%b5%d1%84%d1%82%d0%b5%d0%ba%d1%83%d0%bc%d1%81%d0%ba', 'ru', 1),
(408836, 781908, 'Новоалександровск', '%d0%9d%d0%be%d0%b2%d0%be%d0%b0%d0%bb%d0%b5%d0%ba%d1%81%d0%b0', 'ru', 1),
(408837, 781908, 'Суворовская', '%d0%a1%d1%83%d0%b2%d0%be%d1%80%d0%be%d0%b2%d1%81%d0%ba%d0%b0', 'ru', 1),
(408838, 781908, 'Донское', '%d0%94%d0%be%d0%bd%d1%81%d0%ba%d0%be%d0%b5', 'ru', 1),
(408839, 781908, 'Арзгир', '%d0%90%d1%80%d0%b7%d0%b3%d0%b8%d1%80', 'ru', 1),
(408840, 781908, 'Свободы', '%d0%a1%d0%b2%d0%be%d0%b1%d0%be%d0%b4%d1%8b', 'ru', 1),
(408841, 781908, 'Незлобная', '%d0%9d%d0%b5%d0%b7%d0%bb%d0%be%d0%b1%d0%bd%d0%b0%d1%8f', 'ru', 1),
(408842, 781908, 'Ессентукская', '%d0%95%d1%81%d1%81%d0%b5%d0%bd%d1%82%d1%83%d0%ba%d1%81%d0%ba', 'ru', 1),
(408843, 781908, 'Лермонтов', '%d0%9b%d0%b5%d1%80%d0%bc%d0%be%d0%bd%d1%82%d0%be%d0%b2', 'ru', 1),
(408844, 781908, 'Новопавловск', '%d0%9d%d0%be%d0%b2%d0%be%d0%bf%d0%b0%d0%b2%d0%bb%d0%be%d0%b2', 'ru', 1),
(408845, 781908, 'Кочубеевское', '%d0%9a%d0%be%d1%87%d1%83%d0%b1%d0%b5%d0%b5%d0%b2%d1%81%d0%ba', 'ru', 1),
(408846, 781908, 'Горячеводский', '%d0%93%d0%be%d1%80%d1%8f%d1%87%d0%b5%d0%b2%d0%be%d0%b4%d1%81', 'ru', 1),
(408847, 781908, 'Светлоград', '%d0%a1%d0%b2%d0%b5%d1%82%d0%bb%d0%be%d0%b3%d1%80%d0%b0%d0%b4', 'ru', 1),
(408848, 781908, 'Зеленокумск', '%d0%97%d0%b5%d0%bb%d0%b5%d0%bd%d0%be%d0%ba%d1%83%d0%bc%d1%81', 'ru', 1),
(408849, 781908, 'Будённовск', '%d0%91%d1%83%d0%b4%d1%91%d0%bd%d0%bd%d0%be%d0%b2%d1%81%d0%ba', 'ru', 1),
(408850, 781908, 'Георгиевск', '%d0%93%d0%b5%d0%be%d1%80%d0%b3%d0%b8%d0%b5%d0%b2%d1%81%d0%ba', 'ru', 1),
(408851, 781908, 'Минеральные Воды', '%d0%9c%d0%b8%d0%bd%d0%b5%d1%80%d0%b0%d0%bb%d1%8c%d0%bd%d1%8b', 'ru', 1),
(408852, 781908, 'Ессентуки', '%d0%95%d1%81%d1%81%d0%b5%d0%bd%d1%82%d1%83%d0%ba%d0%b8', 'ru', 1),
(408853, 781908, 'Кисловодск', '%d0%9a%d0%b8%d1%81%d0%bb%d0%be%d0%b2%d0%be%d0%b4%d1%81%d0%ba', 'ru', 1),
(408854, 781908, 'Невинномысск', '%d0%9d%d0%b5%d0%b2%d0%b8%d0%bd%d0%bd%d0%be%d0%bc%d1%8b%d1%81', 'ru', 1),
(408855, 781908, 'Пятигорск', '%d0%9f%d1%8f%d1%82%d0%b8%d0%b3%d0%be%d1%80%d1%81%d0%ba', 'ru', 1),
(408856, 781908, 'Ставрополь', '%d0%a1%d1%82%d0%b0%d0%b2%d1%80%d0%be%d0%bf%d0%be%d0%bb%d1%8c', 'ru', 1),
(408857, 781909, 'Дмитриевка', '%d0%94%d0%bc%d0%b8%d1%82%d1%80%d0%b8%d0%b5%d0%b2%d0%ba%d0%b0', 'ru', 1),
(408858, 781909, 'Знаменка', '%d0%97%d0%bd%d0%b0%d0%bc%d0%b5%d0%bd%d0%ba%d0%b0', 'ru', 1),
(408859, 781909, 'Кирсанов', '%d0%9a%d0%b8%d1%80%d1%81%d0%b0%d0%bd%d0%be%d0%b2', 'ru', 1),
(408860, 781909, 'Мордово', '%d0%9c%d0%be%d1%80%d0%b4%d0%be%d0%b2%d0%be', 'ru', 1),
(408861, 781909, 'Первомайский', '%d0%9f%d0%b5%d1%80%d0%b2%d0%be%d0%bc%d0%b0%d0%b9%d1%81%d0%ba', 'ru', 1),
(408862, 781909, 'Петровское', '%d0%9f%d0%b5%d1%82%d1%80%d0%be%d0%b2%d1%81%d0%ba%d0%be%d0%b5', 'ru', 1),
(408863, 781909, 'Рассказово', '%d0%a0%d0%b0%d1%81%d1%81%d0%ba%d0%b0%d0%b7%d0%be%d0%b2%d0%be', 'ru', 1),
(408864, 781909, 'Сосновка', '%d0%a1%d0%be%d1%81%d0%bd%d0%be%d0%b2%d0%ba%d0%b0', 'ru', 1),
(408865, 781909, 'Строитель', '%d0%a1%d1%82%d1%80%d0%be%d0%b8%d1%82%d0%b5%d0%bb%d1%8c', 'ru', 1),
(408866, 781909, 'Токарёвка', '%d0%a2%d0%be%d0%ba%d0%b0%d1%80%d1%91%d0%b2%d0%ba%d0%b0', 'ru', 1),
(408867, 781909, 'Уварово', '%d0%a3%d0%b2%d0%b0%d1%80%d0%be%d0%b2%d0%be', 'ru', 1),
(408868, 781909, 'Новая Ляда', '%d0%9d%d0%be%d0%b2%d0%b0%d1%8f-%d0%9b%d1%8f%d0%b4%d0%b0', 'ru', 1),
(408869, 781909, 'Покрово-Пригородное', '%d0%9f%d0%be%d0%ba%d1%80%d0%be%d0%b2%d0%be-%d0%9f%d1%80%d0%b', 'ru', 1),
(408870, 781909, 'Заворонежское', '%d0%97%d0%b0%d0%b2%d0%be%d1%80%d0%be%d0%bd%d0%b5%d0%b6%d1%81', 'ru', 1),
(408871, 781909, 'Ржакса', '%d0%a0%d0%b6%d0%b0%d0%ba%d1%81%d0%b0', 'ru', 1),
(408872, 781909, 'Староюрьево', '%d0%a1%d1%82%d0%b0%d1%80%d0%be%d1%8e%d1%80%d1%8c%d0%b5%d0%b2', 'ru', 1),
(408873, 781909, 'Мучкапский', '%d0%9c%d1%83%d1%87%d0%ba%d0%b0%d0%bf%d1%81%d0%ba%d0%b8%d0%b9', 'ru', 1),
(408874, 781909, 'Инжавино', '%d0%98%d0%bd%d0%b6%d0%b0%d0%b2%d0%b8%d0%bd%d0%be', 'ru', 1),
(408875, 781909, 'Жердевка', '%d0%96%d0%b5%d1%80%d0%b4%d0%b5%d0%b2%d0%ba%d0%b0', 'ru', 1),
(408876, 781909, 'Котовск', '%d0%9a%d0%be%d1%82%d0%be%d0%b2%d1%81%d0%ba', 'ru', 1),
(408877, 781909, 'Моршанск', '%d0%9c%d0%be%d1%80%d1%88%d0%b0%d0%bd%d1%81%d0%ba', 'ru', 1),
(408878, 781909, 'Мичуринск', '%d0%9c%d0%b8%d1%87%d1%83%d1%80%d0%b8%d0%bd%d1%81%d0%ba', 'ru', 1),
(408879, 781909, 'Тамбов', '%d0%a2%d0%b0%d0%bc%d0%b1%d0%be%d0%b2', 'ru', 1),
(408880, 781910, 'Бологое', '%d0%91%d0%be%d0%bb%d0%be%d0%b3%d0%be%d0%b5', 'ru', 1),
(408881, 781910, 'Кашин', '%d0%9a%d0%b0%d1%88%d0%b8%d0%bd', 'ru', 1),
(408882, 781910, 'Конаково', '%d0%9a%d0%be%d0%bd%d0%b0%d0%ba%d0%be%d0%b2%d0%be', 'ru', 1),
(408883, 781910, 'Кувшиново', '%d0%9a%d1%83%d0%b2%d1%88%d0%b8%d0%bd%d0%be%d0%b2%d0%be', 'ru', 1),
(408884, 781910, 'Нелидово', '%d0%9d%d0%b5%d0%bb%d0%b8%d0%b4%d0%be%d0%b2%d0%be', 'ru', 1),
(408885, 781910, 'Озёрный', '%d0%9e%d0%b7%d1%91%d1%80%d0%bd%d1%8b%d0%b9', 'ru', 1),
(408886, 781910, 'Редкино', '%d0%a0%d0%b5%d0%b4%d0%ba%d0%b8%d0%bd%d0%be', 'ru', 1),
(408887, 781910, 'Лихославль', '%d0%9b%d0%b8%d1%85%d0%be%d1%81%d0%bb%d0%b0%d0%b2%d0%bb%d1%8c', 'ru', 1),
(408888, 781910, 'Торопец', '%d0%a2%d0%be%d1%80%d0%be%d0%bf%d0%b5%d1%86', 'ru', 1),
(408889, 781910, 'Калязин', '%d0%9a%d0%b0%d0%bb%d1%8f%d0%b7%d0%b8%d0%bd', 'ru', 1),
(408890, 781910, 'Осташков', '%d0%9e%d1%81%d1%82%d0%b0%d1%88%d0%ba%d0%be%d0%b2', 'ru', 1),
(408891, 781910, 'Бежецк', '%d0%91%d0%b5%d0%b6%d0%b5%d1%86%d0%ba', 'ru', 1),
(408892, 781910, 'Удомля', '%d0%a3%d0%b4%d0%be%d0%bc%d0%bb%d1%8f', 'ru', 1),
(408893, 781910, 'Торжок', '%d0%a2%d0%be%d1%80%d0%b6%d0%be%d0%ba', 'ru', 1),
(408894, 781910, 'Кимры', '%d0%9a%d0%b8%d0%bc%d1%80%d1%8b', 'ru', 1),
(408895, 781910, 'Вышний Волочёк', '%d0%92%d1%8b%d1%88%d0%bd%d0%b8%d0%b9-%d0%92%d0%be%d0%bb%d0%b', 'ru', 1),
(408896, 781910, 'Ржев', '%d0%a0%d0%b6%d0%b5%d0%b2', 'ru', 1),
(408897, 781910, 'Тверь', '%d0%a2%d0%b2%d0%b5%d1%80%d1%8c', 'ru', 1),
(408898, 781911, 'Александровское', '%d0%90%d0%bb%d0%b5%d0%ba%d1%81%d0%b0%d0%bd%d0%b4%d1%80%d0%be', 'ru', 1),
(408899, 781911, 'Белый Яр', '%d0%91%d0%b5%d0%bb%d1%8b%d0%b9-%d0%af%d1%80', 'ru', 1),
(408900, 781911, 'Зональная Станция', '%d0%97%d0%be%d0%bd%d0%b0%d0%bb%d1%8c%d0%bd%d0%b0%d1%8f-%d0%a', 'ru', 1),
(408901, 781911, 'Зырянское', '%d0%97%d1%8b%d1%80%d1%8f%d0%bd%d1%81%d0%ba%d0%be%d0%b5', 'ru', 1),
(408902, 781911, 'Кожевниково', '%d0%9a%d0%be%d0%b6%d0%b5%d0%b2%d0%bd%d0%b8%d0%ba%d0%be%d0%b2', 'ru', 1),
(408903, 781911, 'Мельниково', '%d0%9c%d0%b5%d0%bb%d1%8c%d0%bd%d0%b8%d0%ba%d0%be%d0%b2%d0%be', 'ru', 1),
(408904, 781911, 'Молчаново', '%d0%9c%d0%be%d0%bb%d1%87%d0%b0%d0%bd%d0%be%d0%b2%d0%be', 'ru', 1),
(408905, 781911, 'Первомайское', '%d0%9f%d0%b5%d1%80%d0%b2%d0%be%d0%bc%d0%b0%d0%b9%d1%81%d0%ba', 'ru', 1),
(408906, 781911, 'Подгорное', '%d0%9f%d0%be%d0%b4%d0%b3%d0%be%d1%80%d0%bd%d0%be%d0%b5', 'ru', 1),
(408907, 781911, 'Самусь', '%d0%a1%d0%b0%d0%bc%d1%83%d1%81%d1%8c', 'ru', 1),
(408908, 781911, 'Кривошеино', '%d0%9a%d1%80%d0%b8%d0%b2%d0%be%d1%88%d0%b5%d0%b8%d0%bd%d0%be', 'ru', 1),
(408909, 781911, 'Парабель', '%d0%9f%d0%b0%d1%80%d0%b0%d0%b1%d0%b5%d0%bb%d1%8c', 'ru', 1),
(408910, 781911, 'Бакчар', '%d0%91%d0%b0%d0%ba%d1%87%d0%b0%d1%80', 'ru', 1),
(408911, 781911, 'Тогур', '%d0%a2%d0%be%d0%b3%d1%83%d1%80', 'ru', 1),
(408912, 781911, 'Каргасок', '%d0%9a%d0%b0%d1%80%d0%b3%d0%b0%d1%81%d0%be%d0%ba', 'ru', 1),
(408913, 781911, 'Асино', '%d0%90%d1%81%d0%b8%d0%bd%d0%be', 'ru', 1),
(408914, 781911, 'Колпашево', '%d0%9a%d0%be%d0%bb%d0%bf%d0%b0%d1%88%d0%b5%d0%b2%d0%be', 'ru', 1),
(408915, 781911, 'Стрежевой', '%d0%a1%d1%82%d1%80%d0%b5%d0%b6%d0%b5%d0%b2%d0%be%d0%b9', 'ru', 1),
(408916, 781911, 'Северск', '%d0%a1%d0%b5%d0%b2%d0%b5%d1%80%d1%81%d0%ba', 'ru', 1),
(408917, 781911, 'Томск', '%d0%a2%d0%be%d0%bc%d1%81%d0%ba', 'ru', 1),
(408918, 781912, 'Донской', '%d0%94%d0%be%d0%bd%d1%81%d0%ba%d0%be%d0%b9', 'ru', 1),
(408919, 781912, 'Киреевск', '%d0%9a%d0%b8%d1%80%d0%b5%d0%b5%d0%b2%d1%81%d0%ba', 'ru', 1),
(408920, 781912, 'Первомайский', '%d0%9f%d0%b5%d1%80%d0%b2%d0%be%d0%bc%d0%b0%d0%b9%d1%81%d0%ba', 'ru', 1),
(408921, 781912, 'Сокольники', '%d0%a1%d0%be%d0%ba%d0%be%d0%bb%d1%8c%d0%bd%d0%b8%d0%ba%d0%b8', 'ru', 1),
(408922, 781912, 'Суворов', '%d0%a1%d1%83%d0%b2%d0%be%d1%80%d0%be%d0%b2', 'ru', 1),
(408923, 781912, 'Щёкино', '%d0%a9%d1%91%d0%ba%d0%b8%d0%bd%d0%be', 'ru', 1),
(408924, 781912, 'Болохово', '%d0%91%d0%be%d0%bb%d0%be%d1%85%d0%be%d0%b2%d0%be', 'ru', 1),
(408925, 781912, 'Белёв', '%d0%91%d0%b5%d0%bb%d1%91%d0%b2', 'ru', 1),
(408926, 781912, 'Венёв', '%d0%92%d0%b5%d0%bd%d1%91%d0%b2', 'ru', 1),
(408927, 781912, 'Плавск', '%d0%9f%d0%bb%d0%b0%d0%b2%d1%81%d0%ba', 'ru', 1),
(408928, 781912, 'Ясногорск', '%d0%af%d1%81%d0%bd%d0%be%d0%b3%d0%be%d1%80%d1%81%d0%ba', 'ru', 1),
(408929, 781912, 'Богородицк', '%d0%91%d0%be%d0%b3%d0%be%d1%80%d0%be%d0%b4%d0%b8%d1%86%d0%ba', 'ru', 1),
(408930, 781912, 'Кимовск', '%d0%9a%d0%b8%d0%bc%d0%be%d0%b2%d1%81%d0%ba', 'ru', 1),
(408931, 781912, 'Ефремов', '%d0%95%d1%84%d1%80%d0%b5%d0%bc%d0%be%d0%b2', 'ru', 1),
(408932, 781912, 'Узловая', '%d0%a3%d0%b7%d0%bb%d0%be%d0%b2%d0%b0%d1%8f', 'ru', 1),
(408933, 781912, 'Алексин', '%d0%90%d0%bb%d0%b5%d0%ba%d1%81%d0%b8%d0%bd', 'ru', 1),
(408934, 781912, 'Новомосковск', '%d0%9d%d0%be%d0%b2%d0%be%d0%bc%d0%be%d1%81%d0%ba%d0%be%d0%b2', 'ru', 1),
(408935, 781912, 'Тула', '%d0%a2%d1%83%d0%bb%d0%b0', 'ru', 1),
(408936, 781913, 'Антипино', '%d0%90%d0%bd%d1%82%d0%b8%d0%bf%d0%b8%d0%bd%d0%be', 'ru', 1),
(408937, 781913, 'Бердюжье', '%d0%91%d0%b5%d1%80%d0%b4%d1%8e%d0%b6%d1%8c%d0%b5', 'ru', 1),
(408938, 781913, 'Большое Сорокино', '%d0%91%d0%be%d0%bb%d1%8c%d1%88%d0%be%d0%b5-%d0%a1%d0%be%d1%8', 'ru', 1),
(408939, 781913, 'Боровский', '%d0%91%d0%be%d1%80%d0%be%d0%b2%d1%81%d0%ba%d0%b8%d0%b9', 'ru', 1),
(408940, 781913, 'Исетское', '%d0%98%d1%81%d0%b5%d1%82%d1%81%d0%ba%d0%be%d0%b5', 'ru', 1),
(408941, 781913, 'Казанское', '%d0%9a%d0%b0%d0%b7%d0%b0%d0%bd%d1%81%d0%ba%d0%be%d0%b5', 'ru', 1),
(408942, 781913, 'Каскара', '%d0%9a%d0%b0%d1%81%d0%ba%d0%b0%d1%80%d0%b0', 'ru', 1),
(408943, 781913, 'Тарманы', '%d0%a2%d0%b0%d1%80%d0%bc%d0%b0%d0%bd%d1%8b', 'ru', 1),
(408944, 781913, 'Тюмень', '%d0%a2%d1%8e%d0%bc%d0%b5%d0%bd%d1%8c', 'ru', 1);
INSERT INTO `oc_t_city` (`pk_i_id`, `fk_i_region_id`, `s_name`, `s_slug`, `fk_c_country_code`, `b_active`) VALUES
(408945, 781913, 'Ярково', '%d0%af%d1%80%d0%ba%d0%be%d0%b2%d0%be', 'ru', 1),
(408946, 781913, 'Туртас', '%d0%a2%d1%83%d1%80%d1%82%d0%b0%d1%81', 'ru', 1),
(408947, 781913, 'Упорово', '%d0%a3%d0%bf%d0%be%d1%80%d0%be%d0%b2%d0%be', 'ru', 1),
(408948, 781913, 'Аромашево', '%d0%90%d1%80%d0%be%d0%bc%d0%b0%d1%88%d0%b5%d0%b2%d0%be', 'ru', 1),
(408949, 781913, 'Нижняя Тавда', '%d0%9d%d0%b8%d0%b6%d0%bd%d1%8f%d1%8f-%d0%a2%d0%b0%d0%b2%d0%b', 'ru', 1),
(408950, 781913, 'Викулово', '%d0%92%d0%b8%d0%ba%d1%83%d0%bb%d0%be%d0%b2%d0%be', 'ru', 1),
(408951, 781913, 'Абатское', '%d0%90%d0%b1%d0%b0%d1%82%d1%81%d0%ba%d0%be%d0%b5', 'ru', 1),
(408952, 781913, 'Богандинский', '%d0%91%d0%be%d0%b3%d0%b0%d0%bd%d0%b4%d0%b8%d0%bd%d1%81%d0%ba', 'ru', 1),
(408953, 781913, 'Омутинское', '%d0%9e%d0%bc%d1%83%d1%82%d0%b8%d0%bd%d1%81%d0%ba%d0%be%d0%b5', 'ru', 1),
(408954, 781913, 'Винзили', '%d0%92%d0%b8%d0%bd%d0%b7%d0%b8%d0%bb%d0%b8', 'ru', 1),
(408955, 781913, 'Голышманово', '%d0%93%d0%be%d0%bb%d1%8b%d1%88%d0%bc%d0%b0%d0%bd%d0%be%d0%b2', 'ru', 1),
(408956, 781913, 'Заводоуковск', '%d0%97%d0%b0%d0%b2%d0%be%d0%b4%d0%be%d1%83%d0%ba%d0%be%d0%b2', 'ru', 1),
(408957, 781913, 'Ялуторовск', '%d0%af%d0%bb%d1%83%d1%82%d0%be%d1%80%d0%be%d0%b2%d1%81%d0%ba', 'ru', 1),
(408958, 781913, 'Ишим', '%d0%98%d1%88%d0%b8%d0%bc', 'ru', 1),
(408959, 781913, 'Тобольск', '%d0%a2%d0%be%d0%b1%d0%be%d0%bb%d1%8c%d1%81%d0%ba', 'ru', 1),
(408960, 781914, 'Глазов', '%d0%93%d0%bb%d0%b0%d0%b7%d0%be%d0%b2', 'ru', 1),
(408961, 781914, 'Завьялово', '%d0%97%d0%b0%d0%b2%d1%8c%d1%8f%d0%bb%d0%be%d0%b2%d0%be', 'ru', 1),
(408962, 781914, 'Можга', '%d0%9c%d0%be%d0%b6%d0%b3%d0%b0', 'ru', 1),
(408963, 781914, 'Новый', '%d0%9d%d0%be%d0%b2%d1%8b%d0%b9', 'ru', 1),
(408964, 781914, 'Якшур-Бодья', '%d0%af%d0%ba%d1%88%d1%83%d1%80-%d0%91%d0%be%d0%b4%d1%8c%d1%8', 'ru', 1),
(408965, 781914, 'Яр', '%d0%af%d1%80', 'ru', 1),
(408966, 781914, 'Каракулино', '%d0%9a%d0%b0%d1%80%d0%b0%d0%ba%d1%83%d0%bb%d0%b8%d0%bd%d0%be', 'ru', 1),
(408967, 781914, 'Селты', '%d0%a1%d0%b5%d0%bb%d1%82%d1%8b', 'ru', 1),
(408968, 781914, 'Вавож', '%d0%92%d0%b0%d0%b2%d0%be%d0%b6', 'ru', 1),
(408969, 781914, 'Сюмси', '%d0%a1%d1%8e%d0%bc%d1%81%d0%b8', 'ru', 1),
(408970, 781914, 'Сигаево', '%d0%a1%d0%b8%d0%b3%d0%b0%d0%b5%d0%b2%d0%be', 'ru', 1),
(408971, 781914, 'Дебёсы', '%d0%94%d0%b5%d0%b1%d1%91%d1%81%d1%8b', 'ru', 1),
(408972, 781914, 'Алнаши', '%d0%90%d0%bb%d0%bd%d0%b0%d1%88%d0%b8', 'ru', 1),
(408973, 781914, 'Шаркан', '%d0%a8%d0%b0%d1%80%d0%ba%d0%b0%d0%bd', 'ru', 1),
(408974, 781914, 'Малая Пурга', '%d0%9c%d0%b0%d0%bb%d0%b0%d1%8f-%d0%9f%d1%83%d1%80%d0%b3%d0%b', 'ru', 1),
(408975, 781914, 'Кизнер', '%d0%9a%d0%b8%d0%b7%d0%bd%d0%b5%d1%80', 'ru', 1),
(408976, 781914, 'Кез', '%d0%9a%d0%b5%d0%b7', 'ru', 1),
(408977, 781914, 'Камбарка', '%d0%9a%d0%b0%d0%bc%d0%b1%d0%b0%d1%80%d0%ba%d0%b0', 'ru', 1),
(408978, 781914, 'Балезино', '%d0%91%d0%b0%d0%bb%d0%b5%d0%b7%d0%b8%d0%bd%d0%be', 'ru', 1),
(408979, 781914, 'Ува', '%d0%a3%d0%b2%d0%b0', 'ru', 1),
(408980, 781914, 'Игра', '%d0%98%d0%b3%d1%80%d0%b0', 'ru', 1),
(408981, 781914, 'Воткинск', '%d0%92%d0%be%d1%82%d0%ba%d0%b8%d0%bd%d1%81%d0%ba', 'ru', 1),
(408982, 781914, 'Сарапул', '%d0%a1%d0%b0%d1%80%d0%b0%d0%bf%d1%83%d0%bb', 'ru', 1),
(408983, 781914, 'Ижевск', '%d0%98%d0%b6%d0%b5%d0%b2%d1%81%d0%ba', 'ru', 1),
(408984, 781915, 'Большое Нагаткино', '%d0%91%d0%be%d0%bb%d1%8c%d1%88%d0%be%d0%b5-%d0%9d%d0%b0%d0%b', 'ru', 1),
(408985, 781915, 'Ишеевка', '%d0%98%d1%88%d0%b5%d0%b5%d0%b2%d0%ba%d0%b0', 'ru', 1),
(408986, 781915, 'Кузоватово', '%d0%9a%d1%83%d0%b7%d0%be%d0%b2%d0%b0%d1%82%d0%be%d0%b2%d0%be', 'ru', 1),
(408987, 781915, 'Майна', '%d0%9c%d0%b0%d0%b9%d0%bd%d0%b0', 'ru', 1),
(408988, 781915, 'Мулловка', '%d0%9c%d1%83%d0%bb%d0%bb%d0%be%d0%b2%d0%ba%d0%b0', 'ru', 1),
(408989, 781915, 'Николаевка', '%d0%9d%d0%b8%d0%ba%d0%be%d0%bb%d0%b0%d0%b5%d0%b2%d0%ba%d0%b0', 'ru', 1),
(408990, 781915, 'Новоспасское', '%d0%9d%d0%be%d0%b2%d0%be%d1%81%d0%bf%d0%b0%d1%81%d1%81%d0%ba', 'ru', 1),
(408991, 781915, 'Октябрьский', '%d0%9e%d0%ba%d1%82%d1%8f%d0%b1%d1%80%d1%8c%d1%81%d0%ba%d0%b8', 'ru', 1),
(408992, 781915, 'Павловка', '%d0%9f%d0%b0%d0%b2%d0%bb%d0%be%d0%b2%d0%ba%d0%b0', 'ru', 1),
(408993, 781915, 'Сурское', '%d0%a1%d1%83%d1%80%d1%81%d0%ba%d0%be%d0%b5', 'ru', 1),
(408994, 781915, 'Тереньга', '%d0%a2%d0%b5%d1%80%d0%b5%d0%bd%d1%8c%d0%b3%d0%b0', 'ru', 1),
(408995, 781915, 'Старая Кулатка', '%d0%a1%d1%82%d0%b0%d1%80%d0%b0%d1%8f-%d0%9a%d1%83%d0%bb%d0%b', 'ru', 1),
(408996, 781915, 'Базарный Сызган', '%d0%91%d0%b0%d0%b7%d0%b0%d1%80%d0%bd%d1%8b%d0%b9-%d0%a1%d1%8', 'ru', 1),
(408997, 781915, 'Новая Майна', '%d0%9d%d0%be%d0%b2%d0%b0%d1%8f-%d0%9c%d0%b0%d0%b9%d0%bd%d0%b', 'ru', 1),
(408998, 781915, 'Старая Майна', '%d0%a1%d1%82%d0%b0%d1%80%d0%b0%d1%8f-%d0%9c%d0%b0%d0%b9%d0%b', 'ru', 1),
(408999, 781915, 'Вешкайма', '%d0%92%d0%b5%d1%88%d0%ba%d0%b0%d0%b9%d0%bc%d0%b0', 'ru', 1),
(409000, 781915, 'Сенгилей', '%d0%a1%d0%b5%d0%bd%d0%b3%d0%b8%d0%bb%d0%b5%d0%b9', 'ru', 1),
(409001, 781915, 'Карсун', '%d0%9a%d0%b0%d1%80%d1%81%d1%83%d0%bd', 'ru', 1),
(409002, 781915, 'Чердаклы', '%d0%a7%d0%b5%d1%80%d0%b4%d0%b0%d0%ba%d0%bb%d1%8b', 'ru', 1),
(409003, 781915, 'Новоульяновск', '%d0%9d%d0%be%d0%b2%d0%be%d1%83%d0%bb%d1%8c%d1%8f%d0%bd%d0%be', 'ru', 1),
(409004, 781915, 'Барыш', '%d0%91%d0%b0%d1%80%d1%8b%d1%88', 'ru', 1),
(409005, 781915, 'Инза', '%d0%98%d0%bd%d0%b7%d0%b0', 'ru', 1),
(409006, 781915, 'Димитровград', '%d0%94%d0%b8%d0%bc%d0%b8%d1%82%d1%80%d0%be%d0%b2%d0%b3%d1%80', 'ru', 1),
(409007, 781915, 'Ульяновск', '%d0%a3%d0%bb%d1%8c%d1%8f%d0%bd%d0%be%d0%b2%d1%81%d0%ba', 'ru', 1),
(409008, 781916, 'Усть-Орды́нский', '%d0%a3%d1%81%d1%82%d1%8c-%d0%9e%d1%80%d0%b4%d1%8b%cc%81%d0%b', 'ru', 1),
(409009, 781917, 'Берёзовый', '%d0%91%d0%b5%d1%80%d1%91%d0%b7%d0%be%d0%b2%d1%8b%d0%b9', 'ru', 1),
(409010, 781917, 'Ванино', '%d0%92%d0%b0%d0%bd%d0%b8%d0%bd%d0%be', 'ru', 1),
(409011, 781917, 'Заветы Ильича', '%d0%97%d0%b0%d0%b2%d0%b5%d1%82%d1%8b-%d0%98%d0%bb%d1%8c%d0%b', 'ru', 1),
(409012, 781917, 'Корфовский', '%d0%9a%d0%be%d1%80%d1%84%d0%be%d0%b2%d1%81%d0%ba%d0%b8%d0%b9', 'ru', 1),
(409013, 781917, 'Некрасовка', '%d0%9d%d0%b5%d0%ba%d1%80%d0%b0%d1%81%d0%be%d0%b2%d0%ba%d0%b0', 'ru', 1),
(409014, 781917, 'Октябрьский', '%d0%9e%d0%ba%d1%82%d1%8f%d0%b1%d1%80%d1%8c%d1%81%d0%ba%d0%b8', 'ru', 1),
(409015, 781917, 'Переяславка', '%d0%9f%d0%b5%d1%80%d0%b5%d1%8f%d1%81%d0%bb%d0%b0%d0%b2%d0%ba', 'ru', 1),
(409016, 781917, 'Солнечный', '%d0%a1%d0%be%d0%bb%d0%bd%d0%b5%d1%87%d0%bd%d1%8b%d0%b9', 'ru', 1),
(409017, 781917, 'Троицкое', '%d0%a2%d1%80%d0%be%d0%b8%d1%86%d0%ba%d0%be%d0%b5', 'ru', 1),
(409018, 781917, 'Эльбан', '%d0%ad%d0%bb%d1%8c%d0%b1%d0%b0%d0%bd', 'ru', 1),
(409019, 781917, 'Хурба', '%d0%a5%d1%83%d1%80%d0%b1%d0%b0', 'ru', 1),
(409020, 781917, 'Охотск', '%d0%9e%d1%85%d0%be%d1%82%d1%81%d0%ba', 'ru', 1),
(409021, 781917, 'Новый Ургал', '%d0%9d%d0%be%d0%b2%d1%8b%d0%b9-%d0%a3%d1%80%d0%b3%d0%b0%d0%b', 'ru', 1),
(409022, 781917, 'Князе-Волконское', '%d0%9a%d0%bd%d1%8f%d0%b7%d0%b5-%d0%92%d0%be%d0%bb%d0%ba%d0%b', 'ru', 1),
(409023, 781917, 'Хор', '%d0%a5%d0%be%d1%80', 'ru', 1),
(409024, 781917, 'Чегдомын', '%d0%a7%d0%b5%d0%b3%d0%b4%d0%be%d0%bc%d1%8b%d0%bd', 'ru', 1),
(409025, 781917, 'Вяземский', '%d0%92%d1%8f%d0%b7%d0%b5%d0%bc%d1%81%d0%ba%d0%b8%d0%b9', 'ru', 1),
(409026, 781917, 'Бикин', '%d0%91%d0%b8%d0%ba%d0%b8%d0%bd', 'ru', 1),
(409027, 781917, 'Николаевск-на-Амуре', '%d0%9d%d0%b8%d0%ba%d0%be%d0%bb%d0%b0%d0%b5%d0%b2%d1%81%d0%ba', 'ru', 1),
(409028, 781917, 'Советская Гавань', '%d0%a1%d0%be%d0%b2%d0%b5%d1%82%d1%81%d0%ba%d0%b0%d1%8f-%d0%9', 'ru', 1),
(409029, 781917, 'Амурск', '%d0%90%d0%bc%d1%83%d1%80%d1%81%d0%ba', 'ru', 1),
(409030, 781917, 'Комсомольск-на-Амуре', '%d0%9a%d0%be%d0%bc%d1%81%d0%be%d0%bc%d0%be%d0%bb%d1%8c%d1%81', 'ru', 1),
(409031, 781917, 'Хабаровск', '%d0%a5%d0%b0%d0%b1%d0%b0%d1%80%d0%be%d0%b2%d1%81%d0%ba', 'ru', 1),
(409032, 781918, 'Белый Яр', '%d0%91%d0%b5%d0%bb%d1%8b%d0%b9-%d0%af%d1%80', 'ru', 1),
(409033, 781918, 'Пойковский', '%d0%9f%d0%be%d0%b9%d0%ba%d0%be%d0%b2%d1%81%d0%ba%d0%b8%d0%b9', 'ru', 1),
(409034, 781918, 'Радужный', '%d0%a0%d0%b0%d0%b4%d1%83%d0%b6%d0%bd%d1%8b%d0%b9', 'ru', 1),
(409035, 781918, 'Советский', '%d0%a1%d0%be%d0%b2%d0%b5%d1%82%d1%81%d0%ba%d0%b8%d0%b9', 'ru', 1),
(409036, 781918, 'Урай', '%d0%a3%d1%80%d0%b0%d0%b9', 'ru', 1),
(409037, 781918, 'Фёдоровский', '%d0%a4%d1%91%d0%b4%d0%be%d1%80%d0%be%d0%b2%d1%81%d0%ba%d0%b8', 'ru', 1),
(409038, 781918, 'Новоаганск', '%d0%9d%d0%be%d0%b2%d0%be%d0%b0%d0%b3%d0%b0%d0%bd%d1%81%d0%ba', 'ru', 1),
(409039, 781918, 'Междуреченский', '%d0%9c%d0%b5%d0%b6%d0%b4%d1%83%d1%80%d0%b5%d1%87%d0%b5%d0%bd', 'ru', 1),
(409040, 781918, 'Белоярский', '%d0%91%d0%b5%d0%bb%d0%be%d1%8f%d1%80%d1%81%d0%ba%d0%b8%d0%b9', 'ru', 1),
(409041, 781918, 'Нижнесортымский', '%d0%9d%d0%b8%d0%b6%d0%bd%d0%b5%d1%81%d0%be%d1%80%d1%82%d1%8b', 'ru', 1),
(409042, 781918, 'Покачи', '%d0%9f%d0%be%d0%ba%d0%b0%d1%87%d0%b8', 'ru', 1),
(409043, 781918, 'Излучинск', '%d0%98%d0%b7%d0%bb%d1%83%d1%87%d0%b8%d0%bd%d1%81%d0%ba', 'ru', 1),
(409044, 781918, 'Югорск', '%d0%ae%d0%b3%d0%be%d1%80%d1%81%d0%ba', 'ru', 1),
(409045, 781918, 'Лянтор', '%d0%9b%d1%8f%d0%bd%d1%82%d0%be%d1%80', 'ru', 1),
(409046, 781918, 'Лангепас', '%d0%9b%d0%b0%d0%bd%d0%b3%d0%b5%d0%bf%d0%b0%d1%81', 'ru', 1),
(409047, 781918, 'Пыть-Ях', '%d0%9f%d1%8b%d1%82%d1%8c-%d0%af%d1%85', 'ru', 1),
(409048, 781918, 'Мегион', '%d0%9c%d0%b5%d0%b3%d0%b8%d0%be%d0%bd', 'ru', 1),
(409049, 781918, 'Нягань', '%d0%9d%d1%8f%d0%b3%d0%b0%d0%bd%d1%8c', 'ru', 1),
(409050, 781918, 'Когалым', '%d0%9a%d0%be%d0%b3%d0%b0%d0%bb%d1%8b%d0%bc', 'ru', 1),
(409051, 781918, 'Ханты-Мансийск', '%d0%a5%d0%b0%d0%bd%d1%82%d1%8b-%d0%9c%d0%b0%d0%bd%d1%81%d0%b', 'ru', 1),
(409052, 781918, 'Нефтеюганск', '%d0%9d%d0%b5%d1%84%d1%82%d0%b5%d1%8e%d0%b3%d0%b0%d0%bd%d1%81', 'ru', 1),
(409053, 781918, 'Нижневартовск', '%d0%9d%d0%b8%d0%b6%d0%bd%d0%b5%d0%b2%d0%b0%d1%80%d1%82%d0%be', 'ru', 1),
(409054, 781918, 'Сургут', '%d0%a1%d1%83%d1%80%d0%b3%d1%83%d1%82', 'ru', 1),
(409055, 781919, 'Аша', '%d0%90%d1%88%d0%b0', 'ru', 1),
(409056, 781919, 'Златоуст', '%d0%97%d0%bb%d0%b0%d1%82%d0%be%d1%83%d1%81%d1%82', 'ru', 1),
(409057, 781919, 'Коркино', '%d0%9a%d0%be%d1%80%d0%ba%d0%b8%d0%bd%d0%be', 'ru', 1),
(409058, 781919, 'Красногорский', '%d0%9a%d1%80%d0%b0%d1%81%d0%bd%d0%be%d0%b3%d0%be%d1%80%d1%81', 'ru', 1),
(409059, 781919, 'Миньяр', '%d0%9c%d0%b8%d0%bd%d1%8c%d1%8f%d1%80', 'ru', 1),
(409060, 781919, 'Озёрск', '%d0%9e%d0%b7%d1%91%d1%80%d1%81%d0%ba', 'ru', 1),
(409061, 781919, 'Первомайский', '%d0%9f%d0%b5%d1%80%d0%b2%d0%be%d0%bc%d0%b0%d0%b9%d1%81%d0%ba', 'ru', 1),
(409062, 781919, 'Роза', '%d0%a0%d0%be%d0%b7%d0%b0', 'ru', 1),
(409063, 781919, 'Троицк', '%d0%a2%d1%80%d0%be%d0%b8%d1%86%d0%ba', 'ru', 1),
(409064, 781919, 'Увельский', '%d0%a3%d0%b2%d0%b5%d0%bb%d1%8c%d1%81%d0%ba%d0%b8%d0%b9', 'ru', 1),
(409065, 781919, 'Еманжелинск', '%d0%95%d0%bc%d0%b0%d0%bd%d0%b6%d0%b5%d0%bb%d0%b8%d0%bd%d1%81', 'ru', 1),
(409066, 781919, 'Долгодеревенское', '%d0%94%d0%be%d0%bb%d0%b3%d0%be%d0%b4%d0%b5%d1%80%d0%b5%d0%b2', 'ru', 1),
(409067, 781919, 'Аргаяш', '%d0%90%d1%80%d0%b3%d0%b0%d1%8f%d1%88', 'ru', 1),
(409068, 781919, 'Верхнеуральск', '%d0%92%d0%b5%d1%80%d1%85%d0%bd%d0%b5%d1%83%d1%80%d0%b0%d0%bb', 'ru', 1),
(409069, 781919, 'Бреды', '%d0%91%d1%80%d0%b5%d0%b4%d1%8b', 'ru', 1),
(409070, 781919, 'Нязепетровск', '%d0%9d%d1%8f%d0%b7%d0%b5%d0%bf%d0%b5%d1%82%d1%80%d0%be%d0%b2', 'ru', 1),
(409071, 781919, 'Юрюзань', '%d0%ae%d1%80%d1%8e%d0%b7%d0%b0%d0%bd%d1%8c', 'ru', 1),
(409072, 781919, 'Карабаш', '%d0%9a%d0%b0%d1%80%d0%b0%d0%b1%d0%b0%d1%88', 'ru', 1),
(409073, 781919, 'Сим', '%d0%a1%d0%b8%d0%bc', 'ru', 1),
(409074, 781919, 'Пласт', '%d0%9f%d0%bb%d0%b0%d1%81%d1%82', 'ru', 1),
(409075, 781919, 'Касли', '%d0%9a%d0%b0%d1%81%d0%bb%d0%b8', 'ru', 1),
(409076, 781919, 'Катав-Ивановск', '%d0%9a%d0%b0%d1%82%d0%b0%d0%b2-%d0%98%d0%b2%d0%b0%d0%bd%d0%b', 'ru', 1),
(409077, 781919, 'Куса', '%d0%9a%d1%83%d1%81%d0%b0', 'ru', 1),
(409078, 781919, 'Бакал', '%d0%91%d0%b0%d0%ba%d0%b0%d0%bb', 'ru', 1),
(409079, 781919, 'Усть-Катав', '%d0%a3%d1%81%d1%82%d1%8c-%d0%9a%d0%b0%d1%82%d0%b0%d0%b2', 'ru', 1),
(409080, 781919, 'Карталы', '%d0%9a%d0%b0%d1%80%d1%82%d0%b0%d0%bb%d1%8b', 'ru', 1),
(409081, 781919, 'Верхний Уфалей', '%d0%92%d0%b5%d1%80%d1%85%d0%bd%d0%b8%d0%b9-%d0%a3%d1%84%d0%b', 'ru', 1),
(409082, 781919, 'Трёхгорный', '%d0%a2%d1%80%d1%91%d1%85%d0%b3%d0%be%d1%80%d0%bd%d1%8b%d0%b9', 'ru', 1),
(409083, 781919, 'Южноуральск', '%d0%ae%d0%b6%d0%bd%d0%be%d1%83%d1%80%d0%b0%d0%bb%d1%8c%d1%81', 'ru', 1),
(409084, 781919, 'Кыштым', '%d0%9a%d1%8b%d1%88%d1%82%d1%8b%d0%bc', 'ru', 1),
(409085, 781919, 'Чебаркуль', '%d0%a7%d0%b5%d0%b1%d0%b0%d1%80%d0%ba%d1%83%d0%bb%d1%8c', 'ru', 1),
(409086, 781919, 'Сатка', '%d0%a1%d0%b0%d1%82%d0%ba%d0%b0', 'ru', 1),
(409087, 781919, 'Снежинск', '%d0%a1%d0%bd%d0%b5%d0%b6%d0%b8%d0%bd%d1%81%d0%ba', 'ru', 1),
(409088, 781919, 'Копейск', '%d0%9a%d0%be%d0%bf%d0%b5%d0%b9%d1%81%d0%ba', 'ru', 1),
(409089, 781919, 'Миасс', '%d0%9c%d0%b8%d0%b0%d1%81%d1%81', 'ru', 1),
(409090, 781919, 'Магнитогорск', '%d0%9c%d0%b0%d0%b3%d0%bd%d0%b8%d1%82%d0%be%d0%b3%d0%be%d1%80', 'ru', 1),
(409091, 781919, 'Челябинск', '%d0%a7%d0%b5%d0%bb%d1%8f%d0%b1%d0%b8%d0%bd%d1%81%d0%ba', 'ru', 1),
(409092, 781920, 'Аллерой', '%d0%90%d0%bb%d0%bb%d0%b5%d1%80%d0%be%d0%b9', 'ru', 1),
(409093, 781920, 'Аргун', '%d0%90%d1%80%d0%b3%d1%83%d0%bd', 'ru', 1),
(409094, 781920, 'Гелдаган', '%d0%93%d0%b5%d0%bb%d0%b4%d0%b0%d0%b3%d0%b0%d0%bd', 'ru', 1),
(409095, 781920, 'Грозный', '%d0%93%d1%80%d0%be%d0%b7%d0%bd%d1%8b%d0%b9', 'ru', 1),
(409096, 781920, 'Старые Атаги', '%d0%a1%d1%82%d0%b0%d1%80%d1%8b%d0%b5-%d0%90%d1%82%d0%b0%d0%b', 'ru', 1),
(409097, 781920, 'Шали', '%d0%a8%d0%b0%d0%bb%d0%b8', 'ru', 1),
(409098, 781920, 'Алхан-Кала', '%d0%90%d0%bb%d1%85%d0%b0%d0%bd-%d0%9a%d0%b0%d0%bb%d0%b0', 'ru', 1),
(409099, 781920, 'Ассиновская', '%d0%90%d1%81%d1%81%d0%b8%d0%bd%d0%be%d0%b2%d1%81%d0%ba%d0%b0', 'ru', 1),
(409100, 781920, 'Майртуп', '%d0%9c%d0%b0%d0%b9%d1%80%d1%82%d1%83%d0%bf', 'ru', 1),
(409101, 781920, 'Самашки', '%d0%a1%d0%b0%d0%bc%d0%b0%d1%88%d0%ba%d0%b8', 'ru', 1),
(409102, 781920, 'Мескер-Юрт', '%d0%9c%d0%b5%d1%81%d0%ba%d0%b5%d1%80-%d0%ae%d1%80%d1%82', 'ru', 1),
(409103, 781920, 'Ойсхара', '%d0%9e%d0%b9%d1%81%d1%85%d0%b0%d1%80%d0%b0', 'ru', 1),
(409104, 781920, 'Гойты', '%d0%93%d0%be%d0%b9%d1%82%d1%8b', 'ru', 1),
(409105, 781920, 'Бачи-Юрт', '%d0%91%d0%b0%d1%87%d0%b8-%d0%ae%d1%80%d1%82', 'ru', 1),
(409106, 781920, 'Цоцин-Юрт', '%d0%a6%d0%be%d1%86%d0%b8%d0%bd-%d0%ae%d1%80%d1%82', 'ru', 1),
(409107, 781920, 'Ачхой-Мартан', '%d0%90%d1%87%d1%85%d0%be%d0%b9-%d0%9c%d0%b0%d1%80%d1%82%d0%b', 'ru', 1),
(409108, 781920, 'Автуры', '%d0%90%d0%b2%d1%82%d1%83%d1%80%d1%8b', 'ru', 1),
(409109, 781920, 'Курчалой', '%d0%9a%d1%83%d1%80%d1%87%d0%b0%d0%bb%d0%be%d0%b9', 'ru', 1),
(409110, 781920, 'Гудермес', '%d0%93%d1%83%d0%b4%d0%b5%d1%80%d0%bc%d0%b5%d1%81', 'ru', 1),
(409111, 781920, 'Урус-Мартан', '%d0%a3%d1%80%d1%83%d1%81-%d0%9c%d0%b0%d1%80%d1%82%d0%b0%d0%b', 'ru', 1),
(409112, 781921, 'Атамановка', '%d0%90%d1%82%d0%b0%d0%bc%d0%b0%d0%bd%d0%be%d0%b2%d0%ba%d0%b0', 'ru', 1),
(409113, 781921, 'Борзя', '%d0%91%d0%be%d1%80%d0%b7%d1%8f', 'ru', 1),
(409114, 781921, 'Горный', '%d0%93%d0%be%d1%80%d0%bd%d1%8b%d0%b9', 'ru', 1),
(409115, 781921, 'Карымское', '%d0%9a%d0%b0%d1%80%d1%8b%d0%bc%d1%81%d0%ba%d0%be%d0%b5', 'ru', 1),
(409116, 781921, 'Кокуй', '%d0%9a%d0%be%d0%ba%d1%83%d0%b9', 'ru', 1),
(409117, 781921, 'Могойтуй', '%d0%9c%d0%be%d0%b3%d0%be%d0%b9%d1%82%d1%83%d0%b9', 'ru', 1),
(409118, 781921, 'Оловянная', '%d0%9e%d0%bb%d0%be%d0%b2%d1%8f%d0%bd%d0%bd%d0%b0%d1%8f', 'ru', 1),
(409119, 781921, 'Первомайский', '%d0%9f%d0%b5%d1%80%d0%b2%d0%be%d0%bc%d0%b0%d0%b9%d1%81%d0%ba', 'ru', 1),
(409120, 781921, 'Шерловая Гора', '%d0%a8%d0%b5%d1%80%d0%bb%d0%be%d0%b2%d0%b0%d1%8f-%d0%93%d0%b', 'ru', 1),
(409121, 781921, 'Ясная', '%d0%af%d1%81%d0%bd%d0%b0%d1%8f', 'ru', 1),
(409122, 781921, 'Ясногорск', '%d0%af%d1%81%d0%bd%d0%be%d0%b3%d0%be%d1%80%d1%81%d0%ba', 'ru', 1),
(409123, 781921, 'Бада', '%d0%91%d0%b0%d0%b4%d0%b0', 'ru', 1),
(409124, 781921, 'Улеты', '%d0%a3%d0%bb%d0%b5%d1%82%d1%8b', 'ru', 1),
(409125, 781921, 'Агинское', '%d0%90%d0%b3%d0%b8%d0%bd%d1%81%d0%ba%d0%be%d0%b5', 'ru', 1),
(409126, 781921, 'Дульдурга', '%d0%94%d1%83%d0%bb%d1%8c%d0%b4%d1%83%d1%80%d0%b3%d0%b0', 'ru', 1),
(409127, 781921, 'Вершино-Дарасунский', '%d0%92%d0%b5%d1%80%d1%88%d0%b8%d0%bd%d0%be-%d0%94%d0%b0%d1%8', 'ru', 1),
(409128, 781921, 'Домна', '%d0%94%d0%be%d0%bc%d0%bd%d0%b0', 'ru', 1),
(409129, 781921, 'Красный Чикой', '%d0%9a%d1%80%d0%b0%d1%81%d0%bd%d1%8b%d0%b9-%d0%a7%d0%b8%d0%b', 'ru', 1),
(409130, 781921, 'Сретенск', '%d0%a1%d1%80%d0%b5%d1%82%d0%b5%d0%bd%d1%81%d0%ba', 'ru', 1),
(409131, 781921, 'Дарасун', '%d0%94%d0%b0%d1%80%d0%b0%d1%81%d1%83%d0%bd', 'ru', 1),
(409132, 781921, 'Приаргунск', '%d0%9f%d1%80%d0%b8%d0%b0%d1%80%d0%b3%d1%83%d0%bd%d1%81%d0%ba', 'ru', 1),
(409133, 781921, 'Новокручининский', '%d0%9d%d0%be%d0%b2%d0%be%d0%ba%d1%80%d1%83%d1%87%d0%b8%d0%bd', 'ru', 1),
(409134, 781921, 'Забайкальск', '%d0%97%d0%b0%d0%b1%d0%b0%d0%b9%d0%ba%d0%b0%d0%bb%d1%8c%d1%81', 'ru', 1),
(409135, 781921, 'Хилок', '%d0%a5%d0%b8%d0%bb%d0%be%d0%ba', 'ru', 1),
(409136, 781921, 'Чернышевск', '%d0%a7%d0%b5%d1%80%d0%bd%d1%8b%d1%88%d0%b5%d0%b2%d1%81%d0%ba', 'ru', 1),
(409137, 781921, 'Могоча', '%d0%9c%d0%be%d0%b3%d0%be%d1%87%d0%b0', 'ru', 1),
(409138, 781921, 'Балей', '%d0%91%d0%b0%d0%bb%d0%b5%d0%b9', 'ru', 1),
(409139, 781921, 'Шилка', '%d0%a8%d0%b8%d0%bb%d0%ba%d0%b0', 'ru', 1),
(409140, 781921, 'Нерчинск', '%d0%9d%d0%b5%d1%80%d1%87%d0%b8%d0%bd%d1%81%d0%ba', 'ru', 1),
(409141, 781921, 'Петровск-Забайкальский', '%d0%9f%d0%b5%d1%82%d1%80%d0%be%d0%b2%d1%81%d0%ba-%d0%97%d0%b', 'ru', 1),
(409142, 781921, 'Краснокаменск', '%d0%9a%d1%80%d0%b0%d1%81%d0%bd%d0%be%d0%ba%d0%b0%d0%bc%d0%b5', 'ru', 1),
(409143, 781921, 'Чита', '%d0%a7%d0%b8%d1%82%d0%b0', 'ru', 1),
(409144, 781922, 'Алатырь', '%d0%90%d0%bb%d0%b0%d1%82%d1%8b%d1%80%d1%8c', 'ru', 1),
(409145, 781922, 'Батырево', '%d0%91%d0%b0%d1%82%d1%8b%d1%80%d0%b5%d0%b2%d0%be', 'ru', 1),
(409146, 781922, 'Канаш', '%d0%9a%d0%b0%d0%bd%d0%b0%d1%88', 'ru', 1),
(409147, 781922, 'Козловка', '%d0%9a%d0%be%d0%b7%d0%bb%d0%be%d0%b2%d0%ba%d0%b0', 'ru', 1),
(409148, 781922, 'Порецкое', '%d0%9f%d0%be%d1%80%d0%b5%d1%86%d0%ba%d0%be%d0%b5', 'ru', 1),
(409149, 781922, 'Чебоксары', '%d0%a7%d0%b5%d0%b1%d0%be%d0%ba%d1%81%d0%b0%d1%80%d1%8b', 'ru', 1),
(409150, 781922, 'Шыгырдан', '%d0%a8%d1%8b%d0%b3%d1%8b%d1%80%d0%b4%d0%b0%d0%bd', 'ru', 1),
(409151, 781922, 'Урмары', '%d0%a3%d1%80%d0%bc%d0%b0%d1%80%d1%8b', 'ru', 1),
(409152, 781922, 'Новые Лапсары', '%d0%9d%d0%be%d0%b2%d1%8b%d0%b5-%d0%9b%d0%b0%d0%bf%d1%81%d0%b', 'ru', 1),
(409153, 781922, 'Ибреси', '%d0%98%d0%b1%d1%80%d0%b5%d1%81%d0%b8', 'ru', 1),
(409154, 781922, 'Мариинский Посад', '%d0%9c%d0%b0%d1%80%d0%b8%d0%b8%d0%bd%d1%81%d0%ba%d0%b8%d0%b9', 'ru', 1),
(409155, 781922, 'Ядрин', '%d0%af%d0%b4%d1%80%d0%b8%d0%bd', 'ru', 1),
(409156, 781922, 'Вурнары', '%d0%92%d1%83%d1%80%d0%bd%d0%b0%d1%80%d1%8b', 'ru', 1),
(409157, 781922, 'Кугеси', '%d0%9a%d1%83%d0%b3%d0%b5%d1%81%d0%b8', 'ru', 1),
(409158, 781922, 'Цивильск', '%d0%a6%d0%b8%d0%b2%d0%b8%d0%bb%d1%8c%d1%81%d0%ba', 'ru', 1),
(409159, 781922, 'Шумерля', '%d0%a8%d1%83%d0%bc%d0%b5%d1%80%d0%bb%d1%8f', 'ru', 1),
(409160, 781922, 'Новочебоксарск', '%d0%9d%d0%be%d0%b2%d0%be%d1%87%d0%b5%d0%b1%d0%be%d0%ba%d1%81', 'ru', 1),
(409161, 781923, 'Угольные Копи', '%d0%a3%d0%b3%d0%be%d0%bb%d1%8c%d0%bd%d1%8b%d0%b5-%d0%9a%d0%b', 'ru', 1),
(409162, 781923, 'Лаврентия', '%d0%9b%d0%b0%d0%b2%d1%80%d0%b5%d0%bd%d1%82%d0%b8%d1%8f', 'ru', 1),
(409163, 781923, 'Беринговский', '%d0%91%d0%b5%d1%80%d0%b8%d0%bd%d0%b3%d0%be%d0%b2%d1%81%d0%ba', 'ru', 1),
(409164, 781923, 'Эгвекинот', '%d0%ad%d0%b3%d0%b2%d0%b5%d0%ba%d0%b8%d0%bd%d0%be%d1%82', 'ru', 1),
(409165, 781923, 'Провидения', '%d0%9f%d1%80%d0%be%d0%b2%d0%b8%d0%b4%d0%b5%d0%bd%d0%b8%d1%8f', 'ru', 1),
(409166, 781923, 'Певек', '%d0%9f%d0%b5%d0%b2%d0%b5%d0%ba', 'ru', 1),
(409167, 781923, 'Билибино', '%d0%91%d0%b8%d0%bb%d0%b8%d0%b1%d0%b8%d0%bd%d0%be', 'ru', 1),
(409168, 781923, 'Анадырь', '%d0%90%d0%bd%d0%b0%d0%b4%d1%8b%d1%80%d1%8c', 'ru', 1),
(409169, 781924, 'Тазовский', '%d0%a2%d0%b0%d0%b7%d0%be%d0%b2%d1%81%d0%ba%d0%b8%d0%b9', 'ru', 1),
(409170, 781924, 'Харп', '%d0%a5%d0%b0%d1%80%d0%bf', 'ru', 1),
(409171, 781924, 'Пурпе', '%d0%9f%d1%83%d1%80%d0%bf%d0%b5', 'ru', 1),
(409172, 781924, 'Уренгой', '%d0%a3%d1%80%d0%b5%d0%bd%d0%b3%d0%be%d0%b9', 'ru', 1),
(409173, 781924, 'Пангоды', '%d0%9f%d0%b0%d0%bd%d0%b3%d0%be%d0%b4%d1%8b', 'ru', 1),
(409174, 781924, 'Тарко-Сале', '%d0%a2%d0%b0%d1%80%d0%ba%d0%be-%d0%a1%d0%b0%d0%bb%d0%b5', 'ru', 1),
(409175, 781924, 'Губкинский', '%d0%93%d1%83%d0%b1%d0%ba%d0%b8%d0%bd%d1%81%d0%ba%d0%b8%d0%b9', 'ru', 1),
(409176, 781924, 'Лабытнанги', '%d0%9b%d0%b0%d0%b1%d1%8b%d1%82%d0%bd%d0%b0%d0%bd%d0%b3%d0%b8', 'ru', 1),
(409177, 781924, 'Салехард', '%d0%a1%d0%b0%d0%bb%d0%b5%d1%85%d0%b0%d1%80%d0%b4', 'ru', 1),
(409178, 781924, 'Муравленко', '%d0%9c%d1%83%d1%80%d0%b0%d0%b2%d0%bb%d0%b5%d0%bd%d0%ba%d0%be', 'ru', 1),
(409179, 781924, 'Надым', '%d0%9d%d0%b0%d0%b4%d1%8b%d0%bc', 'ru', 1),
(409180, 781924, 'Новый Уренгой', '%d0%9d%d0%be%d0%b2%d1%8b%d0%b9-%d0%a3%d1%80%d0%b5%d0%bd%d0%b', 'ru', 1),
(409181, 781924, 'Ноябрьск', '%d0%9d%d0%be%d1%8f%d0%b1%d1%80%d1%8c%d1%81%d0%ba', 'ru', 1),
(409182, 781925, 'Борисоглебский', '%d0%91%d0%be%d1%80%d0%b8%d1%81%d0%be%d0%b3%d0%bb%d0%b5%d0%b1', 'ru', 1),
(409183, 781925, 'Данилов', '%d0%94%d0%b0%d0%bd%d0%b8%d0%bb%d0%be%d0%b2', 'ru', 1),
(409184, 781925, 'Константиновский', '%d0%9a%d0%be%d0%bd%d1%81%d1%82%d0%b0%d0%bd%d1%82%d0%b8%d0%bd', 'ru', 1),
(409185, 781925, 'Мышкин', '%d0%9c%d1%8b%d1%88%d0%ba%d0%b8%d0%bd', 'ru', 1),
(409186, 781925, 'Петровское', '%d0%9f%d0%b5%d1%82%d1%80%d0%be%d0%b2%d1%81%d0%ba%d0%be%d0%b5', 'ru', 1),
(409187, 781925, 'Рыбинск', '%d0%a0%d1%8b%d0%b1%d0%b8%d0%bd%d1%81%d0%ba', 'ru', 1),
(409188, 781925, 'Любим', '%d0%9b%d1%8e%d0%b1%d0%b8%d0%bc', 'ru', 1),
(409189, 781925, 'Некрасовское', '%d0%9d%d0%b5%d0%ba%d1%80%d0%b0%d1%81%d0%be%d0%b2%d1%81%d0%ba', 'ru', 1),
(409190, 781925, 'Пошехонье', '%d0%9f%d0%be%d1%88%d0%b5%d1%85%d0%be%d0%bd%d1%8c%d0%b5', 'ru', 1),
(409191, 781925, 'Семибратово', '%d0%a1%d0%b5%d0%bc%d0%b8%d0%b1%d1%80%d0%b0%d1%82%d0%be%d0%b2', 'ru', 1),
(409192, 781925, 'Гаврилов-Ям', '%d0%93%d0%b0%d0%b2%d1%80%d0%b8%d0%bb%d0%be%d0%b2-%d0%af%d0%b', 'ru', 1),
(409193, 781925, 'Ростов', '%d0%a0%d0%be%d1%81%d1%82%d0%be%d0%b2', 'ru', 1),
(409194, 781925, 'Углич', '%d0%a3%d0%b3%d0%bb%d0%b8%d1%87', 'ru', 1),
(409195, 781925, 'Переславль-Залесский', '%d0%9f%d0%b5%d1%80%d0%b5%d1%81%d0%bb%d0%b0%d0%b2%d0%bb%d1%8c', 'ru', 1),
(409196, 781925, 'Тутаев', '%d0%a2%d1%83%d1%82%d0%b0%d0%b5%d0%b2', 'ru', 1),
(409197, 781925, 'Ярославль', '%d0%af%d1%80%d0%be%d1%81%d0%bb%d0%b0%d0%b2%d0%bb%d1%8c', 'ru', 1);

-- --------------------------------------------------------

--
-- Структура таблицы `oc_t_city_area`
--

CREATE TABLE IF NOT EXISTS `oc_t_city_area` (
  `pk_i_id` int(10) unsigned NOT NULL,
  `fk_i_city_id` int(10) unsigned NOT NULL,
  `s_name` varchar(255) NOT NULL,
  PRIMARY KEY (`pk_i_id`),
  KEY `fk_i_city_id` (`fk_i_city_id`),
  KEY `idx_s_name` (`s_name`)
) ENGINE=InnoDB DEFAULT CHARSET=utf8;

-- --------------------------------------------------------

--
-- Структура таблицы `oc_t_city_stats`
--

CREATE TABLE IF NOT EXISTS `oc_t_city_stats` (
  `fk_i_city_id` int(10) unsigned NOT NULL,
  `i_num_items` int(10) unsigned NOT NULL DEFAULT '0',
  PRIMARY KEY (`fk_i_city_id`),
  KEY `idx_num_items` (`i_num_items`)
) ENGINE=InnoDB DEFAULT CHARSET=utf8;

--
-- Дамп данных таблицы `oc_t_city_stats`
--

INSERT INTO `oc_t_city_stats` (`fk_i_city_id`, `i_num_items`) VALUES
(408730, 0),
(408090, 1),
(408718, 1);

-- --------------------------------------------------------

--
-- Структура таблицы `oc_t_country`
--

CREATE TABLE IF NOT EXISTS `oc_t_country` (
  `pk_c_code` char(2) NOT NULL,
  `s_name` varchar(80) NOT NULL,
  `s_slug` varchar(80) NOT NULL DEFAULT '',
  PRIMARY KEY (`pk_c_code`),
  KEY `idx_s_slug` (`s_slug`),
  KEY `idx_s_name` (`s_name`)
) ENGINE=InnoDB DEFAULT CHARSET=utf8;

--
-- Дамп данных таблицы `oc_t_country`
--

INSERT INTO `oc_t_country` (`pk_c_code`, `s_name`, `s_slug`) VALUES
('RU', 'Russia', 'russia');

-- --------------------------------------------------------

--
-- Структура таблицы `oc_t_country_stats`
--

CREATE TABLE IF NOT EXISTS `oc_t_country_stats` (
  `fk_c_country_code` char(2) NOT NULL,
  `i_num_items` int(10) unsigned NOT NULL DEFAULT '0',
  PRIMARY KEY (`fk_c_country_code`),
  KEY `idx_num_items` (`i_num_items`)
) ENGINE=InnoDB DEFAULT CHARSET=utf8;

--
-- Дамп данных таблицы `oc_t_country_stats`
--

INSERT INTO `oc_t_country_stats` (`fk_c_country_code`, `i_num_items`) VALUES
('RU', 2);

-- --------------------------------------------------------

--
-- Структура таблицы `oc_t_cron`
--

CREATE TABLE IF NOT EXISTS `oc_t_cron` (
  `e_type` enum('INSTANT','HOURLY','DAILY','WEEKLY','CUSTOM') NOT NULL,
  `d_last_exec` datetime NOT NULL,
  `d_next_exec` datetime NOT NULL
) ENGINE=InnoDB DEFAULT CHARSET=utf8;

--
-- Дамп данных таблицы `oc_t_cron`
--

INSERT INTO `oc_t_cron` (`e_type`, `d_last_exec`, `d_next_exec`) VALUES
('HOURLY', '2015-08-14 15:07:56', '2015-08-14 16:07:56'),
('DAILY', '2015-08-14 15:07:56', '2015-08-15 15:07:56'),
('WEEKLY', '2015-08-14 15:07:56', '2015-08-21 15:07:56');

-- --------------------------------------------------------

--
-- Структура таблицы `oc_t_currency`
--

CREATE TABLE IF NOT EXISTS `oc_t_currency` (
  `pk_c_code` char(3) NOT NULL,
  `s_name` varchar(40) NOT NULL,
  `s_description` varchar(80) DEFAULT NULL,
  `b_enabled` tinyint(1) NOT NULL DEFAULT '1',
  PRIMARY KEY (`pk_c_code`),
  UNIQUE KEY `s_name` (`s_name`)
) ENGINE=InnoDB DEFAULT CHARSET=utf8;

--
-- Дамп данных таблицы `oc_t_currency`
--

INSERT INTO `oc_t_currency` (`pk_c_code`, `s_name`, `s_description`, `b_enabled`) VALUES
('EUR', 'European Union euro', 'Euro €', 1),
('GBP', 'United Kingdom pound', 'Pound £', 1),
('USD', 'United States dollar', 'Dollar US$', 1);

-- --------------------------------------------------------

--
-- Структура таблицы `oc_t_item`
--

CREATE TABLE IF NOT EXISTS `oc_t_item` (
  `pk_i_id` int(10) unsigned NOT NULL AUTO_INCREMENT,
  `fk_i_user_id` int(10) unsigned DEFAULT NULL,
  `fk_i_category_id` int(10) unsigned NOT NULL,
  `dt_pub_date` datetime NOT NULL,
  `dt_mod_date` datetime DEFAULT NULL,
  `f_price` float DEFAULT NULL,
  `i_price` bigint(20) DEFAULT NULL,
  `fk_c_currency_code` char(3) DEFAULT NULL,
  `s_contact_name` varchar(100) DEFAULT NULL,
  `s_contact_email` varchar(140) NOT NULL,
  `s_ip` varchar(64) NOT NULL DEFAULT '',
  `b_premium` tinyint(1) NOT NULL DEFAULT '0',
  `b_enabled` tinyint(1) NOT NULL DEFAULT '1',
  `b_active` tinyint(1) NOT NULL DEFAULT '0',
  `b_spam` tinyint(1) NOT NULL DEFAULT '0',
  `s_secret` varchar(40) DEFAULT NULL,
  `b_show_email` tinyint(1) DEFAULT NULL,
  `dt_expiration` datetime NOT NULL DEFAULT '9999-12-31 23:59:59',
  PRIMARY KEY (`pk_i_id`),
  KEY `fk_i_user_id` (`fk_i_user_id`),
  KEY `idx_b_premium` (`b_premium`),
  KEY `idx_s_contact_email` (`s_contact_email`(10)),
  KEY `fk_i_category_id` (`fk_i_category_id`),
  KEY `fk_c_currency_code` (`fk_c_currency_code`),
  KEY `idx_pub_date` (`dt_pub_date`),
  KEY `idx_price` (`i_price`)
) ENGINE=InnoDB  DEFAULT CHARSET=utf8 AUTO_INCREMENT=9 ;

--
-- Дамп данных таблицы `oc_t_item`
--

INSERT INTO `oc_t_item` (`pk_i_id`, `fk_i_user_id`, `fk_i_category_id`, `dt_pub_date`, `dt_mod_date`, `f_price`, `i_price`, `fk_c_currency_code`, `s_contact_name`, `s_contact_email`, `s_ip`, `b_premium`, `b_enabled`, `b_active`, `b_spam`, `s_secret`, `b_show_email`, `dt_expiration`) VALUES
(1, NULL, 9, '2015-08-14 16:06:19', NULL, NULL, NULL, NULL, 'Пример автора', 'osclass@example.com', '127.0.0.1', 0, 1, 1, 0, 'BcdG6lCN', 0, '9999-12-31 23:59:59'),
(2, 1, 14, '2015-08-14 15:10:56', NULL, NULL, 11000000, 'USD', 'Алексей', 'atklimited@gmail.com', '127.0.0.1', 0, 1, 1, 0, '8RuYmOXh', 0, '9999-12-31 23:59:59'),
(5, 1, 16, '2015-08-14 15:28:32', NULL, NULL, 154000000, 'USD', 'Алексей', 'atklimited@gmail.com', '127.0.0.1', 0, 1, 1, 0, 'h328odv7', 1, '9999-12-31 23:59:59'),
(7, 1, 16, '2015-08-14 15:32:54', NULL, NULL, 111000000, 'USD', 'Алексей', 'atklimited@gmail.com', '127.0.0.1', 0, 1, 1, 0, '6ZlRoXRG', 0, '9999-12-31 23:59:59'),
(8, NULL, 14, '2015-08-14 15:34:38', NULL, NULL, 55000000, 'USD', 'Леня', 'dsad@ddd.com', '127.0.0.1', 0, 1, 1, 0, 'ThpSpiGS', 0, '9999-12-31 23:59:59');

-- --------------------------------------------------------

--
-- Структура таблицы `oc_t_item_comment`
--

CREATE TABLE IF NOT EXISTS `oc_t_item_comment` (
  `pk_i_id` int(10) unsigned NOT NULL AUTO_INCREMENT,
  `fk_i_item_id` int(10) unsigned NOT NULL,
  `dt_pub_date` datetime NOT NULL,
  `s_title` varchar(200) NOT NULL,
  `s_author_name` varchar(100) NOT NULL,
  `s_author_email` varchar(100) NOT NULL,
  `s_body` text NOT NULL,
  `b_enabled` tinyint(1) NOT NULL DEFAULT '1',
  `b_active` tinyint(1) NOT NULL DEFAULT '0',
  `b_spam` tinyint(1) NOT NULL DEFAULT '0',
  `fk_i_user_id` int(10) unsigned DEFAULT NULL,
  PRIMARY KEY (`pk_i_id`),
  KEY `fk_i_item_id` (`fk_i_item_id`),
  KEY `fk_i_user_id` (`fk_i_user_id`)
) ENGINE=InnoDB DEFAULT CHARSET=utf8 AUTO_INCREMENT=1 ;

-- --------------------------------------------------------

--
-- Структура таблицы `oc_t_item_description`
--

CREATE TABLE IF NOT EXISTS `oc_t_item_description` (
  `fk_i_item_id` int(10) unsigned NOT NULL,
  `fk_c_locale_code` char(5) NOT NULL,
  `s_title` varchar(100) NOT NULL,
  `s_description` mediumtext NOT NULL,
  PRIMARY KEY (`fk_i_item_id`,`fk_c_locale_code`),
  FULLTEXT KEY `s_description` (`s_description`,`s_title`)
) ENGINE=MyISAM DEFAULT CHARSET=utf8;

--
-- Дамп данных таблицы `oc_t_item_description`
--

INSERT INTO `oc_t_item_description` (`fk_i_item_id`, `fk_c_locale_code`, `s_title`, `s_description`) VALUES
(1, 'ru_RU', 'Пример объявления', 'Описание примера объявления. Здесь должно быть описание вашего объявления, развернутое.'),
(2, 'ru_RU', 'dfg', 'dfgd'),
(8, 'ru_RU', 'ууу', 'ууу'),
(5, 'ru_RU', 'fgfdgdfg', 'dfgdfg'),
(7, 'ru_RU', 'йййй', 'йййй');

-- --------------------------------------------------------

--
-- Структура таблицы `oc_t_item_location`
--

CREATE TABLE IF NOT EXISTS `oc_t_item_location` (
  `fk_i_item_id` int(10) unsigned NOT NULL,
  `fk_c_country_code` char(2) DEFAULT NULL,
  `s_country` varchar(40) DEFAULT NULL,
  `s_address` varchar(100) DEFAULT NULL,
  `s_zip` varchar(15) DEFAULT NULL,
  `fk_i_region_id` int(10) unsigned DEFAULT NULL,
  `s_region` varchar(100) DEFAULT NULL,
  `fk_i_city_id` int(10) unsigned DEFAULT NULL,
  `s_city` varchar(100) DEFAULT NULL,
  `fk_i_city_area_id` int(10) unsigned DEFAULT NULL,
  `s_city_area` varchar(200) DEFAULT NULL,
  `d_coord_lat` decimal(10,6) DEFAULT NULL,
  `d_coord_long` decimal(10,6) DEFAULT NULL,
  PRIMARY KEY (`fk_i_item_id`),
  KEY `fk_c_country_code` (`fk_c_country_code`),
  KEY `fk_i_region_id` (`fk_i_region_id`),
  KEY `fk_i_city_id` (`fk_i_city_id`),
  KEY `fk_i_city_area_id` (`fk_i_city_area_id`)
) ENGINE=InnoDB DEFAULT CHARSET=utf8;

--
-- Дамп данных таблицы `oc_t_item_location`
--

INSERT INTO `oc_t_item_location` (`fk_i_item_id`, `fk_c_country_code`, `s_country`, `s_address`, `s_zip`, `fk_i_region_id`, `s_region`, `fk_i_city_id`, `s_city`, `fk_i_city_area_id`, `s_city_area`, `d_coord_lat`, `d_coord_long`) VALUES
(1, NULL, 'Пример страна', '', NULL, NULL, 'Пример регион', NULL, 'Пример город', NULL, '', NULL, NULL),
(2, 'RU', 'Russia', '', NULL, 781871, 'Московская область', 408090, 'Подольск', NULL, '', NULL, NULL),
(5, 'RU', 'Russia', '', NULL, 781903, 'Санкт-Петербург', 408730, 'Санкт-Петербург', NULL, '', NULL, NULL),
(7, 'RU', 'Russia', '', NULL, 781902, 'Самарская область', 408718, 'Похвистнево', NULL, '', NULL, NULL),
(8, 'RU', 'Russia', '', NULL, 781841, 'Амурская область', NULL, 'оне', NULL, '', NULL, NULL);

-- --------------------------------------------------------

--
-- Структура таблицы `oc_t_item_meta`
--

CREATE TABLE IF NOT EXISTS `oc_t_item_meta` (
  `fk_i_item_id` int(10) unsigned NOT NULL,
  `fk_i_field_id` int(10) unsigned NOT NULL,
  `s_value` text,
  `s_multi` varchar(20) NOT NULL DEFAULT '',
  PRIMARY KEY (`fk_i_item_id`,`fk_i_field_id`,`s_multi`),
  KEY `s_value` (`s_value`(255)),
  KEY `fk_i_field_id` (`fk_i_field_id`)
) ENGINE=InnoDB DEFAULT CHARSET=utf8;

-- --------------------------------------------------------

--
-- Структура таблицы `oc_t_item_resource`
--

CREATE TABLE IF NOT EXISTS `oc_t_item_resource` (
  `pk_i_id` int(10) unsigned NOT NULL AUTO_INCREMENT,
  `fk_i_item_id` int(10) unsigned NOT NULL,
  `s_name` varchar(60) DEFAULT NULL,
  `s_extension` varchar(10) DEFAULT NULL,
  `s_content_type` varchar(40) DEFAULT NULL,
  `s_path` varchar(250) DEFAULT NULL,
  PRIMARY KEY (`pk_i_id`),
  KEY `fk_i_item_id` (`fk_i_item_id`),
  KEY `idx_s_content_type` (`pk_i_id`,`s_content_type`(10))
) ENGINE=InnoDB  DEFAULT CHARSET=utf8 AUTO_INCREMENT=5 ;

--
-- Дамп данных таблицы `oc_t_item_resource`
--

INSERT INTO `oc_t_item_resource` (`pk_i_id`, `fk_i_item_id`, `s_name`, `s_extension`, `s_content_type`, `s_path`) VALUES
(1, 2, 'ZgeBMRbF', 'jpg', 'image/jpeg', 'oc-content/uploads/0/'),
(2, 5, 'ge1BktM5', 'jpg', 'image/jpeg', 'oc-content/uploads/0/'),
(3, 7, 'TRawVoma', 'jpg', 'image/jpeg', 'oc-content/uploads/0/'),
(4, 8, 'x2jTOPhJ', 'jpg', 'image/jpeg', 'oc-content/uploads/0/');

-- --------------------------------------------------------

--
-- Структура таблицы `oc_t_item_stats`
--

CREATE TABLE IF NOT EXISTS `oc_t_item_stats` (
  `fk_i_item_id` int(10) unsigned NOT NULL,
  `i_num_views` int(10) unsigned NOT NULL DEFAULT '0',
  `i_num_spam` int(10) unsigned NOT NULL DEFAULT '0',
  `i_num_repeated` int(10) unsigned NOT NULL DEFAULT '0',
  `i_num_bad_classified` int(10) unsigned NOT NULL DEFAULT '0',
  `i_num_offensive` int(10) unsigned NOT NULL DEFAULT '0',
  `i_num_expired` int(10) unsigned NOT NULL DEFAULT '0',
  `i_num_premium_views` int(10) unsigned NOT NULL DEFAULT '0',
  `dt_date` date NOT NULL,
  PRIMARY KEY (`fk_i_item_id`,`dt_date`),
  KEY `dt_date` (`dt_date`,`fk_i_item_id`)
) ENGINE=InnoDB DEFAULT CHARSET=utf8;

--
-- Дамп данных таблицы `oc_t_item_stats`
--

INSERT INTO `oc_t_item_stats` (`fk_i_item_id`, `i_num_views`, `i_num_spam`, `i_num_repeated`, `i_num_bad_classified`, `i_num_offensive`, `i_num_expired`, `i_num_premium_views`, `dt_date`) VALUES
(1, 0, 0, 0, 0, 0, 0, 0, '2015-08-14'),
(2, 0, 0, 0, 0, 0, 0, 0, '2015-08-14'),
(7, 0, 0, 0, 0, 0, 0, 0, '2015-08-14'),
(8, 0, 0, 0, 0, 0, 0, 0, '2015-08-14');

-- --------------------------------------------------------

--
-- Структура таблицы `oc_t_keywords`
--

CREATE TABLE IF NOT EXISTS `oc_t_keywords` (
  `s_md5` varchar(32) NOT NULL,
  `fk_c_locale_code` char(5) NOT NULL,
  `s_original_text` varchar(255) NOT NULL,
  `s_anchor_text` varchar(255) NOT NULL,
  `s_normalized_text` varchar(255) NOT NULL,
  `fk_i_category_id` int(10) unsigned DEFAULT NULL,
  `fk_i_city_id` int(10) unsigned DEFAULT NULL,
  PRIMARY KEY (`s_md5`,`fk_c_locale_code`),
  KEY `fk_i_category_id` (`fk_i_category_id`),
  KEY `fk_i_city_id` (`fk_i_city_id`),
  KEY `fk_c_locale_code` (`fk_c_locale_code`)
) ENGINE=InnoDB DEFAULT CHARSET=utf8;

-- --------------------------------------------------------

--
-- Структура таблицы `oc_t_latest_searches`
--

CREATE TABLE IF NOT EXISTS `oc_t_latest_searches` (
  `d_date` datetime NOT NULL,
  `s_search` varchar(255) NOT NULL
) ENGINE=InnoDB DEFAULT CHARSET=utf8;

-- --------------------------------------------------------

--
-- Структура таблицы `oc_t_locale`
--

CREATE TABLE IF NOT EXISTS `oc_t_locale` (
  `pk_c_code` char(5) NOT NULL,
  `s_name` varchar(100) NOT NULL,
  `s_short_name` varchar(40) NOT NULL,
  `s_description` varchar(100) NOT NULL,
  `s_version` varchar(20) NOT NULL,
  `s_author_name` varchar(100) NOT NULL,
  `s_author_url` varchar(100) NOT NULL,
  `s_currency_format` varchar(50) NOT NULL,
  `s_dec_point` varchar(2) DEFAULT '.',
  `s_thousands_sep` varchar(2) DEFAULT '',
  `i_num_dec` tinyint(4) DEFAULT '2',
  `s_date_format` varchar(20) NOT NULL,
  `s_stop_words` text,
  `b_enabled` tinyint(1) NOT NULL DEFAULT '1',
  `b_enabled_bo` tinyint(1) NOT NULL DEFAULT '1',
  PRIMARY KEY (`pk_c_code`),
  UNIQUE KEY `s_short_name` (`s_short_name`)
) ENGINE=InnoDB DEFAULT CHARSET=utf8;

--
-- Дамп данных таблицы `oc_t_locale`
--

INSERT INTO `oc_t_locale` (`pk_c_code`, `s_name`, `s_short_name`, `s_description`, `s_version`, `s_author_name`, `s_author_url`, `s_currency_format`, `s_dec_point`, `s_thousands_sep`, `i_num_dec`, `s_date_format`, `s_stop_words`, `b_enabled`, `b_enabled_bo`) VALUES
('ru_RU', 'Russian (RU)', 'Russian', 'Russian translation', '2.3', 'Osclass', 'http://os-class.ru/', '{NUMBER} {CURRENCY}', '.', '', 2, 'm/d/Y', 'я,около,являются,как,на,быть,в,потому что,с,как,это,на,или,что,то,тоже,когда,где,кто,будет,через', 1, 1);

-- --------------------------------------------------------

--
-- Структура таблицы `oc_t_locations_tmp`
--

CREATE TABLE IF NOT EXISTS `oc_t_locations_tmp` (
  `id_location` varchar(10) NOT NULL,
  `e_type` enum('COUNTRY','REGION','CITY') NOT NULL,
  PRIMARY KEY (`id_location`,`e_type`)
) ENGINE=InnoDB DEFAULT CHARSET=utf8;

-- --------------------------------------------------------

--
-- Структура таблицы `oc_t_log`
--

CREATE TABLE IF NOT EXISTS `oc_t_log` (
  `dt_date` datetime NOT NULL,
  `s_section` varchar(50) NOT NULL,
  `s_action` varchar(50) NOT NULL,
  `fk_i_id` int(10) unsigned NOT NULL,
  `s_data` varchar(250) NOT NULL,
  `s_ip` varchar(50) NOT NULL,
  `s_who` varchar(50) NOT NULL,
  `fk_i_who_id` int(10) unsigned NOT NULL
) ENGINE=InnoDB DEFAULT CHARSET=utf8;

--
-- Дамп данных таблицы `oc_t_log`
--

INSERT INTO `oc_t_log` (`dt_date`, `s_section`, `s_action`, `fk_i_id`, `s_data`, `s_ip`, `s_who`, `fk_i_who_id`) VALUES
('2015-08-14 16:06:19', 'item', 'add', 1, 'Пример объявления', '127.0.0.1', 'admin', 1),
('2015-08-14 15:10:56', 'item', 'add', 2, 'dfg', '127.0.0.1', 'user', 0),
('2015-08-14 15:27:07', 'item', 'add', 3, 'fgfdgdfg', '127.0.0.1', 'user', 0),
('2015-08-14 15:27:49', 'item', 'add', 4, 'fgfdgdfg', '127.0.0.1', 'user', 0),
('2015-08-14 15:28:32', 'item', 'add', 5, 'fgfdgdfg', '127.0.0.1', 'user', 0),
('2015-08-14 15:28:43', 'item', 'add', 6, 'fgfdgdfg', '127.0.0.1', 'user', 0),
('2015-08-14 15:30:19', 'itemActions', 'deleteResourcesFromHD', 3, '3', '127.0.0.1', 'admin', 1),
('2015-08-14 15:30:19', 'itemActions', 'deleteResourcesFromHD', 3, '0', '127.0.0.1', 'admin', 1),
('2015-08-14 15:30:19', 'item', 'delete', 3, 'fgfdgdfg', '127.0.0.1', 'admin', 1),
('2015-08-14 15:30:19', 'Item', 'deleteResourcesFromHD', 3, '3', '127.0.0.1', 'admin', 1),
('2015-08-14 15:30:19', 'Item', 'deleteResourcesFromHD', 3, '0', '127.0.0.1', 'admin', 1),
('2015-08-14 15:30:27', 'itemActions', 'deleteResourcesFromHD', 4, '4', '127.0.0.1', 'admin', 1),
('2015-08-14 15:30:27', 'itemActions', 'deleteResourcesFromHD', 4, '0', '127.0.0.1', 'admin', 1),
('2015-08-14 15:30:27', 'item', 'delete', 4, 'fgfdgdfg', '127.0.0.1', 'admin', 1),
('2015-08-14 15:30:27', 'Item', 'deleteResourcesFromHD', 4, '4', '127.0.0.1', 'admin', 1),
('2015-08-14 15:30:27', 'Item', 'deleteResourcesFromHD', 4, '0', '127.0.0.1', 'admin', 1),
('2015-08-14 15:30:45', 'itemActions', 'deleteResourcesFromHD', 6, '6', '127.0.0.1', 'admin', 1),
('2015-08-14 15:30:45', 'itemActions', 'deleteResourcesFromHD', 6, '0', '127.0.0.1', 'admin', 1),
('2015-08-14 15:30:45', 'item', 'delete', 6, 'fgfdgdfg', '127.0.0.1', 'admin', 1),
('2015-08-14 15:30:45', 'Item', 'deleteResourcesFromHD', 6, '6', '127.0.0.1', 'admin', 1),
('2015-08-14 15:30:45', 'Item', 'deleteResourcesFromHD', 6, '0', '127.0.0.1', 'admin', 1),
('2015-08-14 15:32:54', 'item', 'add', 7, 'йййй', '127.0.0.1', 'user', 0),
('2015-08-14 15:34:38', 'item', 'add', 8, 'ууу', '127.0.0.1', 'user', 0),
('2015-08-14 15:38:02', 'user', 'add', 1, 'atklimited@gmail.com', '127.0.0.1', 'user', 1);

-- --------------------------------------------------------

--
-- Структура таблицы `oc_t_meta_categories`
--

CREATE TABLE IF NOT EXISTS `oc_t_meta_categories` (
  `fk_i_category_id` int(10) unsigned NOT NULL,
  `fk_i_field_id` int(10) unsigned NOT NULL,
  PRIMARY KEY (`fk_i_category_id`,`fk_i_field_id`),
  KEY `fk_i_field_id` (`fk_i_field_id`)
) ENGINE=InnoDB DEFAULT CHARSET=utf8;

-- --------------------------------------------------------

--
-- Структура таблицы `oc_t_meta_fields`
--

CREATE TABLE IF NOT EXISTS `oc_t_meta_fields` (
  `pk_i_id` int(10) unsigned NOT NULL AUTO_INCREMENT,
  `s_name` varchar(255) NOT NULL,
  `s_slug` varchar(255) NOT NULL,
  `e_type` enum('TEXT','TEXTAREA','DROPDOWN','RADIO','CHECKBOX','URL','DATE','DATEINTERVAL') NOT NULL DEFAULT 'TEXT',
  `s_options` varchar(2048) DEFAULT NULL,
  `b_required` tinyint(1) NOT NULL DEFAULT '0',
  `b_searchable` tinyint(1) NOT NULL DEFAULT '0',
  PRIMARY KEY (`pk_i_id`)
) ENGINE=InnoDB DEFAULT CHARSET=utf8 AUTO_INCREMENT=1 ;

-- --------------------------------------------------------

--
-- Структура таблицы `oc_t_pages`
--

CREATE TABLE IF NOT EXISTS `oc_t_pages` (
  `pk_i_id` int(10) unsigned NOT NULL AUTO_INCREMENT,
  `s_internal_name` varchar(50) DEFAULT NULL,
  `b_indelible` tinyint(1) NOT NULL DEFAULT '0',
  `b_link` tinyint(1) NOT NULL DEFAULT '1',
  `dt_pub_date` datetime NOT NULL,
  `dt_mod_date` datetime DEFAULT NULL,
  `i_order` int(3) NOT NULL DEFAULT '0',
  `s_meta` text,
  PRIMARY KEY (`pk_i_id`)
) ENGINE=InnoDB  DEFAULT CHARSET=utf8 AUTO_INCREMENT=24 ;

--
-- Дамп данных таблицы `oc_t_pages`
--

INSERT INTO `oc_t_pages` (`pk_i_id`, `s_internal_name`, `b_indelible`, `b_link`, `dt_pub_date`, `dt_mod_date`, `i_order`, `s_meta`) VALUES
(1, 'email_item_inquiry', 1, 1, '2015-08-14 16:06:17', NULL, 0, NULL),
(2, 'email_user_validation', 1, 1, '2015-08-14 16:06:17', NULL, 0, NULL),
(3, 'email_user_registration', 1, 1, '2015-08-14 16:06:17', NULL, 0, NULL),
(4, 'email_send_friend', 1, 1, '2015-08-14 16:06:17', NULL, 0, NULL),
(5, 'alert_email_hourly', 1, 1, '2015-08-14 16:06:17', NULL, 0, NULL),
(6, 'alert_email_daily', 1, 1, '2015-08-14 16:06:17', NULL, 0, NULL),
(7, 'alert_email_weekly', 1, 1, '2015-08-14 16:06:17', NULL, 0, NULL),
(8, 'alert_email_instant', 1, 1, '2015-08-14 16:06:17', NULL, 0, NULL),
(9, 'email_new_comment_admin', 1, 1, '2015-08-14 16:06:17', NULL, 0, NULL),
(10, 'email_new_item_non_register_user', 1, 1, '2015-08-14 16:06:17', NULL, 0, NULL),
(11, 'email_item_validation', 1, 1, '2015-08-14 16:06:17', NULL, 0, NULL),
(12, 'email_admin_new_item', 1, 1, '2015-08-14 16:06:17', NULL, 0, NULL),
(13, 'email_user_forgot_password', 1, 1, '2015-08-14 16:06:17', NULL, 0, NULL),
(14, 'email_new_email', 1, 1, '2015-08-14 16:06:17', NULL, 0, NULL),
(15, 'email_alert_validation', 1, 1, '2015-08-14 16:06:17', NULL, 0, NULL),
(16, 'email_comment_validated', 1, 1, '2015-08-14 16:06:17', NULL, 0, NULL),
(17, 'email_item_validation_non_register_user', 1, 1, '2015-08-14 16:06:17', NULL, 0, NULL),
(18, 'email_admin_new_user', 1, 1, '2015-08-14 16:06:17', NULL, 0, NULL),
(19, 'email_contact_user', 1, 1, '2015-08-14 16:06:17', NULL, 0, NULL),
(20, 'email_new_comment_user', 1, 1, '2015-08-14 16:06:17', NULL, 0, NULL),
(21, 'email_new_admin', 1, 1, '2015-08-14 16:06:17', NULL, 0, NULL),
(22, 'email_warn_expiration', 1, 1, '2015-08-14 16:06:17', NULL, 0, NULL),
(23, 'example_page', 0, 0, '2015-08-14 16:06:20', '2015-08-14 16:06:20', 1, '""');

-- --------------------------------------------------------

--
-- Структура таблицы `oc_t_pages_description`
--

CREATE TABLE IF NOT EXISTS `oc_t_pages_description` (
  `fk_i_pages_id` int(10) unsigned NOT NULL,
  `fk_c_locale_code` char(5) NOT NULL,
  `s_title` varchar(255) NOT NULL,
  `s_text` text,
  PRIMARY KEY (`fk_i_pages_id`,`fk_c_locale_code`),
  KEY `fk_c_locale_code` (`fk_c_locale_code`)
) ENGINE=InnoDB DEFAULT CHARSET=utf8;

--
-- Дамп данных таблицы `oc_t_pages_description`
--

INSERT INTO `oc_t_pages_description` (`fk_i_pages_id`, `fk_c_locale_code`, `s_title`, `s_text`) VALUES
(1, 'ru_RU', '{WEB_TITLE} - У кого-то есть вопрос о вашем объявлении', '<p>Привет {CONTACT_NAME}!</p>\r\n<p>{USER_NAME} ({USER_EMAIL}, {USER_PHONE}) написал сообщение по поводу Вашего объявления <a href="{ITEM_URL}">{ITEM_TITLE}</a>:</p>\r\n<p>{COMMENT}</p>\r\n<p>С уважением,</p>\r\n<p>{WEB_LINK}</p>'),
(2, 'ru_RU', 'Подтверждение регистрации на сайте {WEB_TITLE}', '<p>Привет {USER_NAME},</p>\r\n<p>Просьба подтвердить Вашу регистрацию, нажав на следующую ссылку: {VALIDATION_LINK}</p>\r\n<p>Спасибо!</p>\r\n<p>С уважением,</p>\r\n<p>{WEB_LINK}</p>'),
(3, 'ru_RU', '{WEB_TITLE} - Успешная регистрация!', '<p>Привет {USER_NAME},</p>\r\n<p>Вы успешно зарегистрированы на {WEB_LINK}.</p>\r\n<p>Спасибо!</p>\r\n<p>С уважением,</p>\r\n<p>{WEB_LINK}</p>'),
(4, 'ru_RU', 'Посмотри, что я обнаружил на {WEB_TITLE}', '<p>Привет {FRIEND_NAME},</p>\r\n<p>Ваш друг {USER_NAME} хочет поделиться с Вами информацией <a href="{ITEM_URL}">{ITEM_TITLE}</a>.</p>\r\n<p>Сообщение:</p>\r\n<p>{COMMENT}</p>\r\n<p>С уважением,</p>\r\n<p>{WEB_TITLE}</p>'),
(5, 'ru_RU', '{WEB_TITLE} - Новое объявление in the last hour', '<p>Привет {USER_NAME},</p>\r\n<p>Новые объявления опубликованные за последний час. Взгляните на них:</p>\r\n<p>{ADS}</p>\r\n<p>-------------</p>\r\n<p>Чтобы отписаться от этой рассылки , перейдите по ссылке: {UNSUB_LINK}</p>\r\n<p>{WEB_LINK}</p>'),
(6, 'ru_RU', '{WEB_TITLE} - Новое объявление in the last day', '<p>Привет {USER_NAME},</p>\r\n<p>Новые объявления за прошедший день. Взгляните на них:</p>\r\n<p>{ADS}</p>\r\n<p>-------------</p>\r\n<p>Чтобы отписаться от этой рассылки, перейдите по ссылке: {UNSUB_LINK}</p>\r\n<p>{WEB_LINK}</p>'),
(7, 'ru_RU', '{WEB_TITLE} - Новое объявление in the last week', '<p>Привет {USER_NAME},</p>\r\n<p>Новые объявления опубликованные на прошлой неделе. Взгляните на них:</p>\r\n<p>{ADS}</p>\r\n<p>-------------</p>\r\n<p>Чтобы отписаться от этой рассылки, перейдите по ссылке: {UNSUB_LINK}</p>\r\n<p>{WEB_LINK}</p>'),
(8, 'ru_RU', '{WEB_TITLE} - Новое объявление', '<p>Привет {USER_NAME},</p>\r\n<p>Опубликовано новое объявление!</p>\r\n<p>{ADS}</p>\r\n<p>-------------</p>\r\n<p>Для того чтобы отписаться от этой рассылки, перейдите по ссылке: {UNSUB_LINK}</p>\r\n<p>{WEB_LINK}</p>'),
(9, 'ru_RU', '{WEB_TITLE} - Новый комментарий', '<p>Кто-то оставил новый комментарий в <a href="{ITEM_URL}">{ITEM_TITLE}</a>.</p>\r\n<p>Комментатор: {COMMENT_AUTHOR}<br />Email комментатора: {COMMENT_EMAIL}<br />Заголдовок: {COMMENT_TITLE}<br />Комментарий: {COMMENT_TEXT}</p>'),
(10, 'ru_RU', '{WEB_TITLE} - Возможности редактирования для объявления {ITEM_TITLE}', '<p>Привет {USER_NAME},</p>\r\n<p><span id="result_box" class="short_text" lang="ru"><span class="hps">Вы</span> <span class="hps">не зарегистрированы на</span></span> {WEB_LINK}, <span id="result_box" class="short_text" lang="ru"><span class="hps">но</span> <span class="hps alt-edited">вы все равно можете</span> <span class="hps">изменить или удалить</span> <span class="hps alt-edited">объявление </span></span><a href="{ITEM_URL}">{ITEM_TITLE}</a> <span id="result_box" class="short_text" lang="ru"><span class="hps">в течение короткого</span> <span class="hps">периода времени</span></span>.</p>\r\n<p><span id="result_box" lang="ru"><span class="hps">Вы</span> <span class="hps alt-edited">можете изменить</span> <span class="hps alt-edited">объявление</span><span class="alt-edited"> перейдя по этой</span> <span class="hps">ссылке</span></span>: {EDIT_LINK}</p>\r\n<p><span id="result_box" lang="ru"><span class="hps alt-edited">Вы можете удалить </span> <span class="hps alt-edited">объявление</span> <span class="hps">перейдя по этой ссылке</span></span>: {DELETE_LINK}</p>\r\n<p><span id="result_box" lang="ru"><span class="hps">Если</span> <span class="hps alt-edited">вы зарегистрируетесь в качестве</span> <span class="hps alt-edited">пользователя, </span> <span class="hps alt-edited">получите полный доступ</span> <span class="hps">к опциям</span> <span class="hps">редактирования.</span></span></p>\r\n<p>С уважением,</p>\r\n<p>{WEB_LINK}</p>'),
(11, 'ru_RU', '{WEB_TITLE} - Подтверждение объявления', '<p>Привет {USER_NAME},</p>\r\n<p><span id="result_box" lang="ru"><span class="hps">Вы получили</span> <span class="hps">это письмо</span><span>, потому что</span> опубликовано <span class="hps alt-edited">объявление </span><span class="hps alt-edited">на</span></span> {WEB_LINK}. <span id="result_box" lang="ru"><span class="hps">Пожалуйста,</span> <span class="hps">подтвердите</span> <span class="hps alt-edited">эту запись</span><span>, нажав</span> <span class="hps">на следующую ссылку</span></span>: {VALIDATION_LINK}. <span id="result_box" lang="ru"><span class="hps">Если вы не</span> <span class="hps alt-edited">публиковали</span> <span class="hps alt-edited">объявление</span><span>, не обращайте внимания</span> <span class="hps">на это сообщение.</span></span></p>\r\n<p>Детали объявлени:</p>\r\n<p>Имя: {USER_NAME}<br />E-mail: {USER_EMAIL}</p>\r\n<p>{ITEM_DESCRIPTION}</p>\r\n<p>Ссылка: {ITEM_URL}</p>\r\n<p>С уважением,</p>\r\n<p>{WEB_LINK}</p>'),
(12, 'ru_RU', '{WEB_TITLE} - Опубликовано новое объявление', '<p>Уважаемый {WEB_TITLE} admin,</p>\r\n<p>Вы получили сообщение о новом объявлении {WEB_LINK}.</p>\r\n<p>Детали объявления:</p>\r\n<p>Имя: {USER_NAME}<br />Email: {USER_EMAIL}</p>\r\n<p>{ITEM_DESCRIPTION}</p>\r\n<p>Url: {ITEM_URL}</p>\r\n<p><span id="result_box" lang="ru"><span class="hps">Вы можете оредактировать этот</span> <span class="hps alt-edited">объявление</span><span>, нажав</span> <span class="hps">на следующую ссылку</span></span>: {EDIT_LINK}</p>\r\n<p>С уважением,</p>\r\n<p>{WEB_LINK}</p>'),
(13, 'ru_RU', '{WEB_TITLE} - Восстановления пароля', '<p>Привет {USER_NAME},</p>\r\n<p><span id="result_box" lang="ru"><span class="hps">Мы отправили</span> <span class="hps">вам</span> <span class="hps">это письмо</span><span>, потому что</span> <span class="hps">вы запросили</span> <span class="hps">напоминание пароля</span><span>.</span> <span class="hps">Перейдите по этой ссылке</span><span>, чтобы</span> <span class="hps">восстановить его</span></span>: {PASSWORD_LINK}</p>\r\n<p><span id="result_box" class="short_text" lang="ru"><span>Ссылка будет</span> <span class="hps alt-edited">деактивируется</span> <span class="hps">в течение 24</span> <span class="hps">часов.</span></span></p>\r\n<p><span id="result_box" lang="ru"><span class="hps">Если</span> <span class="hps">вы не запрашивали</span> <span class="hps alt-edited">напоминание пароля</span><span>, пожалуйста</span> <span class="hps">игнорируйте это сообщение.</span> <span class="hps">Этот запрос</span> <span class="hps">был сделан из</span></span> IP {IP_ADDRESS} on {DATE_TIME}</p>\r\n<p>С уважением,</p>\r\n<p>{WEB_LINK}</p>'),
(14, 'ru_RU', '{WEB_TITLE} - Запрос на смену адреса почты', '<p>Здравствуйте {USER_NAME}</p>\r\n<p><span id="result_box" lang="ru"><span class="hps">Вы получили</span> <span class="hps">это письмо</span><span>, потому что вы</span> <span class="hps">запросили</span> и<span class="hps">зменение e-mail</span><span>.</span> <span class="hps">Пожалуйста, подтвердите</span> <span class="hps">новый</span> <span class="hps">адрес</span><span>, перейдя по</span> <span class="hps">следующей ссылке</span><span class="hps"></span></span>: {VALIDATION_LINK}</p>\r\n<p>С уважением,</p>\r\n<p>{WEB_LINK}</p>'),
(15, 'ru_RU', '{WEB_TITLE} - Пожалуйста, подтвердите подписку', '<p>Привет {USER_NAME},</p>\r\n<p>подтвердите регистрацию, нажав на следующую ссылку: {VALIDATION_LINK}</p>\r\n<p>Спасибо!</p>\r\n<p>С уважением,</p>\r\n<p>{WEB_LINK}</p>'),
(16, 'ru_RU', '{WEB_TITLE} - Ваш комментарий одобрен', '<p>Привет {COMMENT_AUTHOR},</p>\r\n<p>Ваш комментарий на <a href="{ITEM_URL}">{ITEM_TITLE}</a> успешно утвержден.</p>\r\n<p>С уважением,</p>\r\n<p>{WEB_LINK}</p>'),
(17, 'ru_RU', '{WEB_TITLE} - Подтверждение объявления', '<p>Здравствуйте {USER_NAME},</p>\r\n<p><span id="result_box" lang="ru"><span class="hps">Вы получили</span> <span class="hps">это письмо</span><span>, потому что</span> <span class="hps alt-edited">опубликовали</span> <span class="hps alt-edited">объявление на</span></span> {WEB_LINK}. <span id="result_box" lang="ru"><span class="hps">Пожалуйста,</span> <span class="hps">подтвердите</span> <span class="hps alt-edited">объявление</span><span>, нажав</span> <span class="hps">на ссылку</span></span>: {VALIDATION_LINK}. <span id="result_box" lang="ru"><span class="hps">Если вы не</span> <span class="hps alt-edited">публиковали</span> <span class="hps alt-edited">объявление</span><span>, пожалуйста,</span> <span class="hps alt-edited">проигнорируйте это письмо.</span></span></p>\r\n<p>Детали объявления:</p>\r\n<p>Имя: {USER_NAME}<br />E-mail: {USER_EMAIL}</p>\r\n<p>{ITEM_DESCRIPTION}</p>\r\n<p>Ссылка: {ITEM_URL}</p>\r\n<p><span id="result_box" class="short_text" lang="ru"><span class="hps">Даже если вы</span> <span class="hps">не зарегистрированы на сайте</span></span> {WEB_LINK}, <span id="result_box" lang="ru"><span class="hps alt-edited">вы все равно можете</span> <span class="hps">редактировать или</span> <span class="hps">удалить </span><span class="hps alt-edited">объявление</span></span>:</p>\r\n<p><span id="result_box" lang="ru"><span class="hps">Вы</span> <span class="hps alt-edited">можете изменить</span> <span class="hps alt-edited">объявление</span><span class="alt-edited"> перейдя по </span><span class="hps">ссылке</span></span>: {EDIT_LINK}</p>\r\n<p><span id="result_box" lang="ru"><span class="hps alt-edited">Вы можете удалить </span> <span class="hps alt-edited">объявление</span> <span class="hps">перейдя по ссылке</span></span>: {DELETE_LINK}</p>\r\n<p>С уважением,</p>\r\n<p>{WEB_LINK}</p>'),
(18, 'ru_RU', '{WEB_TITLE} - Регистрация нового пользователя', '<p>Dear {WEB_TITLE} admin,</p><p>You''re receiving this email because a new user has been created at {WEB_LINK}.</p><p>User details:</p><p>Name: {USER_NAME}<br />E-mail: {USER_EMAIL}</p><p>Regards,</p><p>{WEB_LINK}</p>'),
(19, 'ru_RU', '{WEB_TITLE} - У кого то есть вопрос к Вам', '<p>Привет {CONTACT_NAME}!</p>\r\n<p>{USER_NAME} ({USER_EMAIL}, {USER_PHONE}) оставил Вам сообщение:</p>\r\n<p>{COMMENT}</p>\r\n<p>С уважением,</p>\r\n<p>{WEB_LINK}</p>'),
(20, 'ru_RU', '{WEB_TITLE} - Кто то оставил комментарий на Ваше объявление', '<p>Новый комментарий к объявлению: <a href="{ITEM_URL}">{ITEM_TITLE}</a>.</p>\r\n<p>Автор: {COMMENT_AUTHOR}<br />Email Автора: {COMMENT_EMAIL}<br />Заголовок: {COMMENT_TITLE}<br />Текст комментария: {COMMENT_TEXT}</p>\r\n<p>{WEB_LINK}</p>'),
(21, 'ru_RU', '{WEB_TITLE} - Успешное создание учетной записи администратора!', '<p>Здравствуйте {ADMIN_NAME},</p>\r\n<p>Администратор {WEB_LINK} создал для Вас личный кабинет,</p>\r\n<ul>\r\n<li>Имя пользователя: {USERNAME}</li>\r\n<li>Пароль: {PASSWORD}</li>\r\n</ul>\r\n<p>Для управления вашим личным кабинетом перейдите по ссылке {WEB_ADMIN_LINK}.</p>\r\n<p>Благодарим Вас!</p>\r\n<p>С уважением,</p>'),
(22, 'ru_RU', '{WEB_TITLE} - Ваше объявление скоро станет не актуальным', '<p>Привет {USER_NAME},</p>\r\n<p>Ваше объявление <a href="{ITEM_URL}">{ITEM_TITLE}</a> - уже не актуально {WEB_LINK}.</p>'),
(23, 'ru_RU', 'Заголовок примера страницы', 'Это описание примера страницы. На данной странице вы можете написать об условиях предоставления услуг или любой другой справочной информации.');

-- --------------------------------------------------------

--
-- Структура таблицы `oc_t_plugin_category`
--

CREATE TABLE IF NOT EXISTS `oc_t_plugin_category` (
  `s_plugin_name` varchar(40) NOT NULL,
  `fk_i_category_id` int(10) unsigned NOT NULL,
  KEY `fk_i_category_id` (`fk_i_category_id`)
) ENGINE=InnoDB DEFAULT CHARSET=utf8;

-- --------------------------------------------------------

--
-- Структура таблицы `oc_t_preference`
--

CREATE TABLE IF NOT EXISTS `oc_t_preference` (
  `s_section` varchar(40) NOT NULL,
  `s_name` varchar(40) NOT NULL,
  `s_value` longtext NOT NULL,
  `e_type` enum('STRING','INTEGER','BOOLEAN') NOT NULL,
  UNIQUE KEY `s_section` (`s_section`,`s_name`)
) ENGINE=InnoDB DEFAULT CHARSET=utf8;

--
-- Дамп данных таблицы `oc_t_preference`
--

INSERT INTO `oc_t_preference` (`s_section`, `s_name`, `s_value`, `e_type`) VALUES
('bender_theme', 'defaultShowAs@all', 'list', 'STRING'),
('bender_theme', 'donation', '0', 'STRING'),
('bender_theme', 'footer_link', '1', 'STRING'),
('bender_theme', 'keyword_placeholder', 'например, программист PHP', 'STRING'),
('bender_theme', 'version', '1.0.1', 'STRING'),
('osclass', 'active_plugins', '', 'STRING'),
('osclass', 'admin_language', 'ru_RU', 'STRING'),
('osclass', 'admin_theme', 'modern', 'STRING'),
('osclass', 'akismetKey', '', 'STRING'),
('osclass', 'allowedExt', 'png,gif,jpg,jpeg', 'STRING'),
('osclass', 'allow_report_osclass', '1', 'BOOLEAN'),
('osclass', 'auto_cron', '1', 'BOOLEAN'),
('osclass', 'auto_update', 'disabled', 'STRING'),
('osclass', 'comments_per_page', '10', 'INTEGER'),
('osclass', 'contactEmail', 'bomvendador@yandex.ru', 'STRING'),
('osclass', 'contact_attachment', '0', 'BOOLEAN'),
('osclass', 'csrf_name', 'CSRF1668400536', 'STRING'),
('osclass', 'currency', 'USD', 'STRING'),
('osclass', 'dateFormat', 'F j, Y', 'STRING'),
('osclass', 'defaultOrderField@search', 'dt_pub_date', 'STRING'),
('osclass', 'defaultOrderType@search', '1', 'BOOLEAN'),
('osclass', 'defaultResultsPerPage@search', '12', 'INTEGER'),
('osclass', 'defaultShowAs@search', 'list', 'STRING'),
('osclass', 'description_character_length', '5000', 'INTEGER'),
('osclass', 'dimNormal', '640x480', 'STRING'),
('osclass', 'dimPreview', '480x340', 'STRING'),
('osclass', 'dimThumbnail', '240x200', 'STRING'),
('osclass', 'enabled_comments', '1', 'BOOLEAN'),
('osclass', 'enabled_recaptcha_items', '0', 'BOOLEAN'),
('osclass', 'enabled_users', '1', 'BOOLEAN'),
('osclass', 'enabled_user_registration', '1', 'BOOLEAN'),
('osclass', 'enabled_user_validation', '1', 'BOOLEAN'),
('osclass', 'enableField#f_price@items', '1', 'BOOLEAN'),
('osclass', 'enableField#images@items', '1', 'BOOLEAN'),
('osclass', 'force_aspect_image', '0', 'BOOLEAN'),
('osclass', 'installed_plugins', '', 'STRING'),
('osclass', 'items_wait_time', '0', 'INTEGER'),
('osclass', 'item_attachment', '0', 'BOOLEAN'),
('osclass', 'keep_original_image', '1', 'BOOLEAN'),
('osclass', 'language', 'ru_RU', 'STRING'),
('osclass', 'languages_downloaded', '["ru_RU"]', 'STRING'),
('osclass', 'languages_last_version_check', '1439557620', 'STRING'),
('osclass', 'languages_to_update', '["ru_RU"]', 'STRING'),
('osclass', 'languages_update_count', '1', 'STRING'),
('osclass', 'last_version_check', '1439557676', 'STRING'),
('osclass', 'location_todo', '0', 'STRING'),
('osclass', 'logged_user_item_validation', '1', 'BOOLEAN'),
('osclass', 'mailserver_auth', '', 'BOOLEAN'),
('osclass', 'mailserver_host', 'localhost', 'STRING'),
('osclass', 'mailserver_mail_from', '', 'STRING'),
('osclass', 'mailserver_name_from', '', 'STRING'),
('osclass', 'mailserver_password', '', 'STRING'),
('osclass', 'mailserver_pop', '', 'BOOLEAN'),
('osclass', 'mailserver_port', '', 'INTEGER'),
('osclass', 'mailserver_ssl', '', 'STRING'),
('osclass', 'mailserver_type', 'custom', 'STRING'),
('osclass', 'mailserver_username', '', 'STRING'),
('osclass', 'marketAllowExternalSources', '0', 'BOOLEAN'),
('osclass', 'marketAPIConnect', '', 'STRING'),
('osclass', 'marketCategories', '{"languages":{"value":"98","label":"Languages","categories":[]},"plugins":{"value":"97","label":"Plugins","categories":[{"value":"103","label":"Ad management","categories":[]},{"value":"132","label":"Appearance","categories":[]},{"value":"105","label":"Analytics","categories":[]},{"value":"130","label":"Attributes","categories":[]},{"value":"106","label":"Counters","categories":[]},{"value":"107","label":"Cloud tools","categories":[]},{"value":"110","label":"DB tools","categories":[]},{"value":"111","label":"Date \\/ Time","categories":[]},{"value":"112","label":"E-mail","categories":[]},{"value":"115","label":"Maps","categories":[]},{"value":"116","label":"Mobile","categories":[]},{"value":"117","label":"Messaging","categories":[]},{"value":"119","label":"Reviews &amp; Ratings","categories":[]},{"value":"134","label":"Search tools","categories":[]},{"value":"121","label":"User Management","categories":[]},{"value":"122","label":"Payments","categories":[]},{"value":"124","label":"Text processing \\/ WYSIWYG Editors","categories":[]},{"value":"125","label":"Video \\/ Audio","categories":[]},{"value":"126","label":"Social Networks","categories":[]},{"value":"127","label":"SEO","categories":[]},{"value":"133","label":"Security","categories":[]},{"value":"128","label":"Miscellaneous","categories":[]}]},"themes":{"value":"96","label":"Themes","categories":[{"value":"102","label":"General","categories":[]},{"value":"100","label":"Jobs","categories":[]},{"value":"101","label":"Real estate","categories":[]}]}}', 'STRING'),
('osclass', 'marketDataUpdate', '1439557629', 'STRING'),
('osclass', 'marketURL', 'http://market.osclass.org/api/v2/', 'STRING'),
('osclass', 'maxLatestItems@home', '12', 'INTEGER'),
('osclass', 'maxResultsPerPage@search', '50', 'INTEGER'),
('osclass', 'maxSizeKb', '2048', 'INTEGER'),
('osclass', 'moderate_comments', '0', 'INTEGER'),
('osclass', 'moderate_items', '-1', 'INTEGER'),
('osclass', 'mod_rewrite_loaded', '0', 'BOOLEAN'),
('osclass', 'notify_contact_friends', '1', 'BOOLEAN'),
('osclass', 'notify_contact_item', '1', 'BOOLEAN'),
('osclass', 'notify_new_comment', '1', 'BOOLEAN'),
('osclass', 'notify_new_comment_user', '0', 'BOOLEAN'),
('osclass', 'notify_new_item', '1', 'BOOLEAN'),
('osclass', 'notify_new_user', '1', 'BOOLEAN'),
('osclass', 'numImages@items', '4', 'INTEGER'),
('osclass', 'num_rss_items', '50', 'INTEGER'),
('osclass', 'osclass_installed', '1', 'BOOLEAN'),
('osclass', 'pageDesc', '', 'STRING'),
('osclass', 'pageTitle', '', 'STRING'),
('osclass', 'ping_search_engines', '1', 'BOOLEAN'),
('osclass', 'plugins_downloaded', '["http:\\/\\/www.osclass.org\\/files\\/plugins\\/google_analytics\\/update.php","http:\\/\\/www.osclass.org\\/files\\/plugins\\/google_maps\\/update.php"]', 'STRING'),
('osclass', 'plugins_last_version_check', '1439557620', 'STRING'),
('osclass', 'plugins_to_update', '[]', 'STRING'),
('osclass', 'plugins_update_count', '0', 'STRING'),
('osclass', 'purge_latest_searches', '1000', 'STRING'),
('osclass', 'recaptchaPrivKey', '', 'STRING'),
('osclass', 'recaptchaPubKey', '', 'STRING'),
('osclass', 'reg_user_can_contact', '0', 'BOOLEAN'),
('osclass', 'reg_user_post', '0', 'BOOLEAN'),
('osclass', 'reg_user_post_comments', '0', 'BOOLEAN'),
('osclass', 'rewriteEnabled', '0', 'BOOLEAN'),
('osclass', 'rewrite_cat_url', '{CATEGORIES}', 'STRING'),
('osclass', 'rewrite_contact', 'contact', 'STRING'),
('osclass', 'rewrite_feed', 'feed', 'STRING'),
('osclass', 'rewrite_item_activate', 'item/activate', 'STRING'),
('osclass', 'rewrite_item_contact', 'item/contact', 'STRING'),
('osclass', 'rewrite_item_delete', 'item/delete', 'STRING'),
('osclass', 'rewrite_item_edit', 'item/edit', 'STRING'),
('osclass', 'rewrite_item_mark', 'item/mark', 'STRING'),
('osclass', 'rewrite_item_new', 'item/new', 'STRING'),
('osclass', 'rewrite_item_resource_delete', 'resource/delete', 'STRING'),
('osclass', 'rewrite_item_send_friend', 'item/send-friend', 'STRING'),
('osclass', 'rewrite_item_url', '{CATEGORIES}/{ITEM_TITLE}_i{ITEM_ID}', 'STRING'),
('osclass', 'rewrite_language', 'language', 'STRING'),
('osclass', 'rewrite_page_url', '{PAGE_SLUG}-p{PAGE_ID}', 'STRING'),
('osclass', 'rewrite_rules', '', 'STRING'),
('osclass', 'rewrite_search_category', 'category', 'STRING'),
('osclass', 'rewrite_search_city', 'city', 'STRING'),
('osclass', 'rewrite_search_city_area', 'cityarea', 'STRING'),
('osclass', 'rewrite_search_country', 'country', 'STRING'),
('osclass', 'rewrite_search_pattern', 'pattern', 'STRING'),
('osclass', 'rewrite_search_region', 'region', 'STRING'),
('osclass', 'rewrite_search_url', 'search', 'STRING'),
('osclass', 'rewrite_search_user', 'user', 'STRING'),
('osclass', 'rewrite_user_activate', 'user/activate', 'STRING'),
('osclass', 'rewrite_user_activate_alert', 'alert/confirm', 'STRING'),
('osclass', 'rewrite_user_alerts', 'user/alerts', 'STRING'),
('osclass', 'rewrite_user_change_email', 'email/change', 'STRING'),
('osclass', 'rewrite_user_change_email_confirm', 'email/confirm', 'STRING'),
('osclass', 'rewrite_user_change_password', 'password/change', 'STRING'),
('osclass', 'rewrite_user_change_username', 'username/change', 'STRING'),
('osclass', 'rewrite_user_dashboard', 'user/dashboard', 'STRING'),
('osclass', 'rewrite_user_forgot', 'user/forgot', 'STRING'),
('osclass', 'rewrite_user_items', 'user/items', 'STRING'),
('osclass', 'rewrite_user_login', 'user/login', 'STRING'),
('osclass', 'rewrite_user_logout', 'user/logout', 'STRING'),
('osclass', 'rewrite_user_profile', 'user/profile', 'STRING'),
('osclass', 'rewrite_user_recover', 'user/recover', 'STRING'),
('osclass', 'rewrite_user_register', 'user/register', 'STRING'),
('osclass', 'save_latest_searches', '0', 'BOOLEAN'),
('osclass', 'selectable_parent_categories', '0', 'BOOLEAN'),
('osclass', 'seo_url_search_prefix', '', 'STRING'),
('osclass', 'subdomain_host', '', 'STRING'),
('osclass', 'subdomain_type', '', 'STRING'),
('osclass', 'theme', 'osclasswizards', 'STRING'),
('osclass', 'themes_downloaded', '["bender","osclasswizards-free-responsive-theme"]', 'STRING'),
('osclass', 'themes_last_version_check', '1439557651', 'STRING'),
('osclass', 'themes_to_update', '[]', 'STRING'),
('osclass', 'themes_update_count', '0', 'STRING'),
('osclass', 'timeFormat', 'g:i a', 'STRING'),
('osclass', 'timezone', 'Europe/Madrid', 'STRING'),
('osclass', 'title_character_length', '100', 'INTEGER'),
('osclass', 'update_core_json', '', 'STRING'),
('osclass', 'username_blacklist', 'admin,user', 'STRING'),
('osclass', 'use_imagick', '0', 'BOOLEAN'),
('osclass', 'version', '356', 'INTEGER'),
('osclass', 'warn_expiration', '0', 'INTEGER'),
('osclass', 'watermark_image', '', 'STRING'),
('osclass', 'watermark_place', 'centre', 'STRING'),
('osclass', 'watermark_text', '', 'STRING'),
('osclass', 'watermark_text_color', '', 'STRING'),
('osclass', 'weekStart', '0', 'STRING'),
('osclasswizards_theme', 'defaultShowAs@all', 'list', 'STRING'),
('osclasswizards_theme', 'description_minimum_length', '3', 'STRING'),
('osclasswizards_theme', 'facebook-height', '400', 'STRING'),
('osclasswizards_theme', 'facebook-url', 'https://www.facebook.com/osclasswizards', 'STRING'),
('osclasswizards_theme', 'facebook-width', '340', 'STRING'),
('osclasswizards_theme', 'google_fonts', 'Open Sans', 'STRING'),
('osclasswizards_theme', 'keyword_placeholder', 'например, программист PHP', 'STRING'),
('osclasswizards_theme', 'locations_input_as', 'text', 'STRING'),
('osclasswizards_theme', 'popular_cities_limit', '10', 'STRING'),
('osclasswizards_theme', 'popular_regions_limit', '10', 'STRING'),
('osclasswizards_theme', 'popular_searches_limit', '10', 'STRING'),
('osclasswizards_theme', 'premium_listings_shown', '6', 'STRING'),
('osclasswizards_theme', 'premium_listings_shown_home', '6', 'STRING'),
('osclasswizards_theme', 'search_select', 'region', 'STRING'),
('osclasswizards_theme', 'show_banner', '1', 'STRING'),
('osclasswizards_theme', 'show_popular', '1', 'STRING'),
('osclasswizards_theme', 'show_popular_cities', '1', 'STRING'),
('osclasswizards_theme', 'show_popular_regions', '1', 'STRING'),
('osclasswizards_theme', 'show_popular_searches', '1', 'STRING'),
('osclasswizards_theme', 'sub_cat_limit', '5', 'STRING'),
('osclasswizards_theme', 'theme_color', '#77c04b', 'STRING'),
('osclasswizards_theme', 'theme_color_mode', 'green', 'STRING'),
('osclasswizards_theme', 'title_minimum_length', '1', 'STRING'),
('osclasswizards_theme', 'version', '2.0.1', 'STRING'),
('osclasswizards_theme', 'welcome_message', 'Hello Guest, Welcome to OsclassWizards', 'STRING'),
('osclasswizards_theme_cat_icons', 'cat-icons-1', 'SHOPPING-CART', 'STRING'),
('osclasswizards_theme_cat_icons', 'cat-icons-2', 'CAR', 'STRING'),
('osclasswizards_theme_cat_icons', 'cat-icons-3', 'BULLHORN', 'STRING'),
('osclasswizards_theme_cat_icons', 'cat-icons-4', 'HOME', 'STRING'),
('osclasswizards_theme_cat_icons', 'cat-icons-5', 'WRENCH', 'STRING'),
('osclasswizards_theme_cat_icons', 'cat-icons-6', 'USERS', 'STRING'),
('osclasswizards_theme_cat_icons', 'cat-icons-7', 'HEART', 'STRING'),
('osclasswizards_theme_cat_icons', 'cat-icons-8', 'SUITCASE', 'STRING'),
('osclasswizards_theme_cat_icons', 'first_load_cat_icons', 'loaded', 'STRING');

-- --------------------------------------------------------

--
-- Структура таблицы `oc_t_region`
--

CREATE TABLE IF NOT EXISTS `oc_t_region` (
  `pk_i_id` int(10) unsigned NOT NULL AUTO_INCREMENT,
  `fk_c_country_code` char(2) NOT NULL,
  `s_name` varchar(60) NOT NULL,
  `s_slug` varchar(60) NOT NULL DEFAULT '',
  `b_active` tinyint(1) NOT NULL DEFAULT '1',
  PRIMARY KEY (`pk_i_id`),
  KEY `fk_c_country_code` (`fk_c_country_code`),
  KEY `idx_s_name` (`s_name`),
  KEY `idx_s_slug` (`s_slug`)
) ENGINE=InnoDB  DEFAULT CHARSET=utf8 AUTO_INCREMENT=781926 ;

--
-- Дамп данных таблицы `oc_t_region`
--

INSERT INTO `oc_t_region` (`pk_i_id`, `fk_c_country_code`, `s_name`, `s_slug`, `b_active`) VALUES
(781839, 'ru', 'Агинский Бурятский автономный округ', '%d0%90%d0%b3%d0%b8%d0%bd%d1%81%d0%ba%d0%b8%d0%b9-%d0%91%d1%8', 1),
(781840, 'ru', 'Алтайский край', '%d0%90%d0%bb%d1%82%d0%b0%d0%b9%d1%81%d0%ba%d0%b8%d0%b9-%d0%b', 1),
(781841, 'ru', 'Амурская область', '%d0%90%d0%bc%d1%83%d1%80%d1%81%d0%ba%d0%b0%d1%8f-%d0%be%d0%b', 1),
(781842, 'ru', 'Архангельская область', '%d0%90%d1%80%d1%85%d0%b0%d0%bd%d0%b3%d0%b5%d0%bb%d1%8c%d1%81', 1),
(781843, 'ru', 'Астраханская область', '%d0%90%d1%81%d1%82%d1%80%d0%b0%d1%85%d0%b0%d0%bd%d1%81%d0%ba', 1),
(781844, 'ru', 'Белгородская область', '%d0%91%d0%b5%d0%bb%d0%b3%d0%be%d1%80%d0%be%d0%b4%d1%81%d0%ba', 1),
(781845, 'ru', 'Брянская область', '%d0%91%d1%80%d1%8f%d0%bd%d1%81%d0%ba%d0%b0%d1%8f-%d0%be%d0%b', 1),
(781846, 'ru', 'Владимирская область', '%d0%92%d0%bb%d0%b0%d0%b4%d0%b8%d0%bc%d0%b8%d1%80%d1%81%d0%ba', 1),
(781847, 'ru', 'Волгоградская область', '%d0%92%d0%be%d0%bb%d0%b3%d0%be%d0%b3%d1%80%d0%b0%d0%b4%d1%81', 1),
(781848, 'ru', 'Вологодская область', '%d0%92%d0%be%d0%bb%d0%be%d0%b3%d0%be%d0%b4%d1%81%d0%ba%d0%b0', 1),
(781849, 'ru', 'Воронежская область', '%d0%92%d0%be%d1%80%d0%be%d0%bd%d0%b5%d0%b6%d1%81%d0%ba%d0%b0', 1),
(781850, 'ru', 'Еврейская автономная область', '%d0%95%d0%b2%d1%80%d0%b5%d0%b9%d1%81%d0%ba%d0%b0%d1%8f-%d0%b', 1),
(781851, 'ru', 'Ивановская область', '%d0%98%d0%b2%d0%b0%d0%bd%d0%be%d0%b2%d1%81%d0%ba%d0%b0%d1%8f', 1),
(781852, 'ru', 'Иркутская область', '%d0%98%d1%80%d0%ba%d1%83%d1%82%d1%81%d0%ba%d0%b0%d1%8f-%d0%b', 1),
(781853, 'ru', 'Кабардино-Балкарская Республика', '%d0%9a%d0%b0%d0%b1%d0%b0%d1%80%d0%b4%d0%b8%d0%bd%d0%be-%d0%9', 1),
(781854, 'ru', 'Калининградская область', '%d0%9a%d0%b0%d0%bb%d0%b8%d0%bd%d0%b8%d0%bd%d0%b3%d1%80%d0%b0', 1),
(781855, 'ru', 'Калужская область', '%d0%9a%d0%b0%d0%bb%d1%83%d0%b6%d1%81%d0%ba%d0%b0%d1%8f-%d0%b', 1),
(781856, 'ru', 'Камчатская область', '%d0%9a%d0%b0%d0%bc%d1%87%d0%b0%d1%82%d1%81%d0%ba%d0%b0%d1%8f', 1),
(781857, 'ru', 'Карачаево-Черкесская Республика', '%d0%9a%d0%b0%d1%80%d0%b0%d1%87%d0%b0%d0%b5%d0%b2%d0%be-%d0%a', 1),
(781858, 'ru', 'Кемеровская область', '%d0%9a%d0%b5%d0%bc%d0%b5%d1%80%d0%be%d0%b2%d1%81%d0%ba%d0%b0', 1),
(781859, 'ru', 'Кировская область', '%d0%9a%d0%b8%d1%80%d0%be%d0%b2%d1%81%d0%ba%d0%b0%d1%8f-%d0%b', 1),
(781860, 'ru', 'Коми-Пермяцкий автономный округ', '%d0%9a%d0%be%d0%bc%d0%b8-%d0%9f%d0%b5%d1%80%d0%bc%d1%8f%d1%8', 1),
(781861, 'ru', 'Корякский автономный округ', '%d0%9a%d0%be%d1%80%d1%8f%d0%ba%d1%81%d0%ba%d0%b8%d0%b9-%d0%b', 1),
(781862, 'ru', 'Костромская область', '%d0%9a%d0%be%d1%81%d1%82%d1%80%d0%be%d0%bc%d1%81%d0%ba%d0%b0', 1),
(781863, 'ru', 'Краснодарский край', '%d0%9a%d1%80%d0%b0%d1%81%d0%bd%d0%be%d0%b4%d0%b0%d1%80%d1%81', 1),
(781864, 'ru', 'Красноярский край', '%d0%9a%d1%80%d0%b0%d1%81%d0%bd%d0%be%d1%8f%d1%80%d1%81%d0%ba', 1),
(781865, 'ru', 'Курганская область', '%d0%9a%d1%83%d1%80%d0%b3%d0%b0%d0%bd%d1%81%d0%ba%d0%b0%d1%8f', 1),
(781866, 'ru', 'Курская область', '%d0%9a%d1%83%d1%80%d1%81%d0%ba%d0%b0%d1%8f-%d0%be%d0%b1%d0%b', 1),
(781867, 'ru', 'Ленинградская область', '%d0%9b%d0%b5%d0%bd%d0%b8%d0%bd%d0%b3%d1%80%d0%b0%d0%b4%d1%81', 1),
(781868, 'ru', 'Липецкая область', '%d0%9b%d0%b8%d0%bf%d0%b5%d1%86%d0%ba%d0%b0%d1%8f-%d0%be%d0%b', 1),
(781869, 'ru', 'Магаданская область', '%d0%9c%d0%b0%d0%b3%d0%b0%d0%b4%d0%b0%d0%bd%d1%81%d0%ba%d0%b0', 1),
(781870, 'ru', 'Москва', '%d0%9c%d0%be%d1%81%d0%ba%d0%b2%d0%b0', 1),
(781871, 'ru', 'Московская область', '%d0%9c%d0%be%d1%81%d0%ba%d0%be%d0%b2%d1%81%d0%ba%d0%b0%d1%8f', 1),
(781872, 'ru', 'Мурманская область', '%d0%9c%d1%83%d1%80%d0%bc%d0%b0%d0%bd%d1%81%d0%ba%d0%b0%d1%8f', 1),
(781873, 'ru', 'Ненецкий автономный округ', '%d0%9d%d0%b5%d0%bd%d0%b5%d1%86%d0%ba%d0%b8%d0%b9-%d0%b0%d0%b', 1),
(781874, 'ru', 'Нижегородская область', '%d0%9d%d0%b8%d0%b6%d0%b5%d0%b3%d0%be%d1%80%d0%be%d0%b4%d1%81', 1),
(781875, 'ru', 'Новгородская область', '%d0%9d%d0%be%d0%b2%d0%b3%d0%be%d1%80%d0%be%d0%b4%d1%81%d0%ba', 1),
(781876, 'ru', 'Новосибирская область', '%d0%9d%d0%be%d0%b2%d0%be%d1%81%d0%b8%d0%b1%d0%b8%d1%80%d1%81', 1),
(781877, 'ru', 'Омская область', '%d0%9e%d0%bc%d1%81%d0%ba%d0%b0%d1%8f-%d0%be%d0%b1%d0%bb%d0%b', 1),
(781878, 'ru', 'Оренбургская область', '%d0%9e%d1%80%d0%b5%d0%bd%d0%b1%d1%83%d1%80%d0%b3%d1%81%d0%ba', 1),
(781879, 'ru', 'Орловская область', '%d0%9e%d1%80%d0%bb%d0%be%d0%b2%d1%81%d0%ba%d0%b0%d1%8f-%d0%b', 1),
(781880, 'ru', 'Пензенская область', '%d0%9f%d0%b5%d0%bd%d0%b7%d0%b5%d0%bd%d1%81%d0%ba%d0%b0%d1%8f', 1),
(781881, 'ru', 'Пермская область', '%d0%9f%d0%b5%d1%80%d0%bc%d1%81%d0%ba%d0%b0%d1%8f-%d0%be%d0%b', 1),
(781882, 'ru', 'Приморский край', '%d0%9f%d1%80%d0%b8%d0%bc%d0%be%d1%80%d1%81%d0%ba%d0%b8%d0%b9', 1),
(781883, 'ru', 'Псковская область', '%d0%9f%d1%81%d0%ba%d0%be%d0%b2%d1%81%d0%ba%d0%b0%d1%8f-%d0%b', 1),
(781884, 'ru', 'Республика Адыгея', '%d0%a0%d0%b5%d1%81%d0%bf%d1%83%d0%b1%d0%bb%d0%b8%d0%ba%d0%b0', 1),
(781885, 'ru', 'Республика Алтай', '%d0%a0%d0%b5%d1%81%d0%bf%d1%83%d0%b1%d0%bb%d0%b8%d0%ba%d0%b0', 1),
(781886, 'ru', 'Республика Башкортостан', '%d0%a0%d0%b5%d1%81%d0%bf%d1%83%d0%b1%d0%bb%d0%b8%d0%ba%d0%b0', 1),
(781887, 'ru', 'Республика Бурятия', '%d0%a0%d0%b5%d1%81%d0%bf%d1%83%d0%b1%d0%bb%d0%b8%d0%ba%d0%b0', 1),
(781888, 'ru', 'Республика Дагестан', '%d0%a0%d0%b5%d1%81%d0%bf%d1%83%d0%b1%d0%bb%d0%b8%d0%ba%d0%b0', 1),
(781889, 'ru', 'Республика Ингушетия', '%d0%a0%d0%b5%d1%81%d0%bf%d1%83%d0%b1%d0%bb%d0%b8%d0%ba%d0%b0', 1),
(781890, 'ru', 'Республика Калмыкия', '%d0%a0%d0%b5%d1%81%d0%bf%d1%83%d0%b1%d0%bb%d0%b8%d0%ba%d0%b0', 1),
(781891, 'ru', 'Республика Карелия', '%d0%a0%d0%b5%d1%81%d0%bf%d1%83%d0%b1%d0%bb%d0%b8%d0%ba%d0%b0', 1),
(781892, 'ru', 'Республика Коми', '%d0%a0%d0%b5%d1%81%d0%bf%d1%83%d0%b1%d0%bb%d0%b8%d0%ba%d0%b0', 1),
(781893, 'ru', 'Республика Марий Эл', '%d0%a0%d0%b5%d1%81%d0%bf%d1%83%d0%b1%d0%bb%d0%b8%d0%ba%d0%b0', 1),
(781894, 'ru', 'Республика Мордовия', '%d0%a0%d0%b5%d1%81%d0%bf%d1%83%d0%b1%d0%bb%d0%b8%d0%ba%d0%b0', 1),
(781895, 'ru', 'Республика Саха (Якутия)', '%d0%a0%d0%b5%d1%81%d0%bf%d1%83%d0%b1%d0%bb%d0%b8%d0%ba%d0%b0', 1),
(781896, 'ru', 'Республика Северная Осетия - Алания', '%d0%a0%d0%b5%d1%81%d0%bf%d1%83%d0%b1%d0%bb%d0%b8%d0%ba%d0%b0', 1),
(781897, 'ru', 'Республика Татарстан', '%d0%a0%d0%b5%d1%81%d0%bf%d1%83%d0%b1%d0%bb%d0%b8%d0%ba%d0%b0', 1),
(781898, 'ru', 'Республика Тыва', '%d0%a0%d0%b5%d1%81%d0%bf%d1%83%d0%b1%d0%bb%d0%b8%d0%ba%d0%b0', 1),
(781899, 'ru', 'Республика Хакасия', '%d0%a0%d0%b5%d1%81%d0%bf%d1%83%d0%b1%d0%bb%d0%b8%d0%ba%d0%b0', 1),
(781900, 'ru', 'Ростовская область', '%d0%a0%d0%be%d1%81%d1%82%d0%be%d0%b2%d1%81%d0%ba%d0%b0%d1%8f', 1),
(781901, 'ru', 'Рязанская область', '%d0%a0%d1%8f%d0%b7%d0%b0%d0%bd%d1%81%d0%ba%d0%b0%d1%8f-%d0%b', 1),
(781902, 'ru', 'Самарская область', '%d0%a1%d0%b0%d0%bc%d0%b0%d1%80%d1%81%d0%ba%d0%b0%d1%8f-%d0%b', 1),
(781903, 'ru', 'Санкт-Петербург', '%d0%a1%d0%b0%d0%bd%d0%ba%d1%82-%d0%9f%d0%b5%d1%82%d0%b5%d1%8', 1),
(781904, 'ru', 'Саратовская область', '%d0%a1%d0%b0%d1%80%d0%b0%d1%82%d0%be%d0%b2%d1%81%d0%ba%d0%b0', 1),
(781905, 'ru', 'Сахалинская область', '%d0%a1%d0%b0%d1%85%d0%b0%d0%bb%d0%b8%d0%bd%d1%81%d0%ba%d0%b0', 1),
(781906, 'ru', 'Свердловская область', '%d0%a1%d0%b2%d0%b5%d1%80%d0%b4%d0%bb%d0%be%d0%b2%d1%81%d0%ba', 1),
(781907, 'ru', 'Смоленская область', '%d0%a1%d0%bc%d0%be%d0%bb%d0%b5%d0%bd%d1%81%d0%ba%d0%b0%d1%8f', 1),
(781908, 'ru', 'Ставропольский край', '%d0%a1%d1%82%d0%b0%d0%b2%d1%80%d0%be%d0%bf%d0%be%d0%bb%d1%8c', 1),
(781909, 'ru', 'Тамбовская область', '%d0%a2%d0%b0%d0%bc%d0%b1%d0%be%d0%b2%d1%81%d0%ba%d0%b0%d1%8f', 1),
(781910, 'ru', 'Тверская область', '%d0%a2%d0%b2%d0%b5%d1%80%d1%81%d0%ba%d0%b0%d1%8f-%d0%be%d0%b', 1),
(781911, 'ru', 'Томская область', '%d0%a2%d0%be%d0%bc%d1%81%d0%ba%d0%b0%d1%8f-%d0%be%d0%b1%d0%b', 1),
(781912, 'ru', 'Тульская область', '%d0%a2%d1%83%d0%bb%d1%8c%d1%81%d0%ba%d0%b0%d1%8f-%d0%be%d0%b', 1),
(781913, 'ru', 'Тюменская область', '%d0%a2%d1%8e%d0%bc%d0%b5%d0%bd%d1%81%d0%ba%d0%b0%d1%8f-%d0%b', 1),
(781914, 'ru', 'Удмуртская Республика', '%d0%a3%d0%b4%d0%bc%d1%83%d1%80%d1%82%d1%81%d0%ba%d0%b0%d1%8f', 1),
(781915, 'ru', 'Ульяновская область', '%d0%a3%d0%bb%d1%8c%d1%8f%d0%bd%d0%be%d0%b2%d1%81%d0%ba%d0%b0', 1),
(781916, 'ru', 'Усть-Ордынский Бурятский а. о.', '%d0%a3%d1%81%d1%82%d1%8c-%d0%9e%d1%80%d0%b4%d1%8b%d0%bd%d1%8', 1),
(781917, 'ru', 'Хабаровский край', '%d0%a5%d0%b0%d0%b1%d0%b0%d1%80%d0%be%d0%b2%d1%81%d0%ba%d0%b8', 1),
(781918, 'ru', 'Ханты-Мансийский автономный округ', '%d0%a5%d0%b0%d0%bd%d1%82%d1%8b-%d0%9c%d0%b0%d0%bd%d1%81%d0%b', 1),
(781919, 'ru', 'Челябинская область', '%d0%a7%d0%b5%d0%bb%d1%8f%d0%b1%d0%b8%d0%bd%d1%81%d0%ba%d0%b0', 1),
(781920, 'ru', 'Чеченская Республика', '%d0%a7%d0%b5%d1%87%d0%b5%d0%bd%d1%81%d0%ba%d0%b0%d1%8f-%d0%a', 1),
(781921, 'ru', 'Читинская область', '%d0%a7%d0%b8%d1%82%d0%b8%d0%bd%d1%81%d0%ba%d0%b0%d1%8f-%d0%b', 1),
(781922, 'ru', 'Чувашская Республика', '%d0%a7%d1%83%d0%b2%d0%b0%d1%88%d1%81%d0%ba%d0%b0%d1%8f-%d0%a', 1),
(781923, 'ru', 'Чукотский автономный округ', '%d0%a7%d1%83%d0%ba%d0%be%d1%82%d1%81%d0%ba%d0%b8%d0%b9-%d0%b', 1),
(781924, 'ru', 'Ямало-Ненецкий автономный округ', '%d0%af%d0%bc%d0%b0%d0%bb%d0%be-%d0%9d%d0%b5%d0%bd%d0%b5%d1%8', 1),
(781925, 'ru', 'Ярославская область', '%d0%af%d1%80%d0%be%d1%81%d0%bb%d0%b0%d0%b2%d1%81%d0%ba%d0%b0', 1);

-- --------------------------------------------------------

--
-- Структура таблицы `oc_t_region_stats`
--

CREATE TABLE IF NOT EXISTS `oc_t_region_stats` (
  `fk_i_region_id` int(10) unsigned NOT NULL,
  `i_num_items` int(10) unsigned NOT NULL DEFAULT '0',
  PRIMARY KEY (`fk_i_region_id`),
  KEY `idx_num_items` (`i_num_items`)
) ENGINE=InnoDB DEFAULT CHARSET=utf8;

--
-- Дамп данных таблицы `oc_t_region_stats`
--

INSERT INTO `oc_t_region_stats` (`fk_i_region_id`, `i_num_items`) VALUES
(781903, 0),
(781841, 1),
(781871, 1),
(781902, 1);

-- --------------------------------------------------------

--
-- Структура таблицы `oc_t_user`
--

CREATE TABLE IF NOT EXISTS `oc_t_user` (
  `pk_i_id` int(10) unsigned NOT NULL AUTO_INCREMENT,
  `dt_reg_date` datetime NOT NULL,
  `dt_mod_date` datetime DEFAULT NULL,
  `s_name` varchar(100) NOT NULL,
  `s_username` varchar(100) NOT NULL,
  `s_password` char(60) NOT NULL,
  `s_secret` varchar(40) DEFAULT NULL,
  `s_email` varchar(100) NOT NULL,
  `s_website` varchar(100) DEFAULT NULL,
  `s_phone_land` varchar(45) DEFAULT NULL,
  `s_phone_mobile` varchar(45) DEFAULT NULL,
  `b_enabled` tinyint(1) NOT NULL DEFAULT '1',
  `b_active` tinyint(1) NOT NULL DEFAULT '0',
  `s_pass_code` varchar(100) DEFAULT NULL,
  `s_pass_date` datetime DEFAULT NULL,
  `s_pass_ip` varchar(15) DEFAULT NULL,
  `fk_c_country_code` char(2) DEFAULT NULL,
  `s_country` varchar(40) DEFAULT NULL,
  `s_address` varchar(100) DEFAULT NULL,
  `s_zip` varchar(15) DEFAULT NULL,
  `fk_i_region_id` int(10) unsigned DEFAULT NULL,
  `s_region` varchar(100) DEFAULT NULL,
  `fk_i_city_id` int(10) unsigned DEFAULT NULL,
  `s_city` varchar(100) DEFAULT NULL,
  `fk_i_city_area_id` int(10) unsigned DEFAULT NULL,
  `s_city_area` varchar(200) DEFAULT NULL,
  `d_coord_lat` decimal(10,6) DEFAULT NULL,
  `d_coord_long` decimal(10,6) DEFAULT NULL,
  `b_company` tinyint(1) NOT NULL DEFAULT '0',
  `i_items` int(10) unsigned DEFAULT '0',
  `i_comments` int(10) unsigned DEFAULT '0',
  `dt_access_date` datetime NOT NULL DEFAULT '0000-00-00 00:00:00',
  `s_access_ip` varchar(15) NOT NULL DEFAULT '',
  PRIMARY KEY (`pk_i_id`),
  UNIQUE KEY `s_email` (`s_email`),
  KEY `idx_s_name` (`s_name`(6)),
  KEY `idx_s_username` (`s_username`),
  KEY `fk_c_country_code` (`fk_c_country_code`),
  KEY `fk_i_region_id` (`fk_i_region_id`),
  KEY `fk_i_city_id` (`fk_i_city_id`),
  KEY `fk_i_city_area_id` (`fk_i_city_area_id`)
) ENGINE=InnoDB  DEFAULT CHARSET=utf8 AUTO_INCREMENT=2 ;

--
-- Дамп данных таблицы `oc_t_user`
--

INSERT INTO `oc_t_user` (`pk_i_id`, `dt_reg_date`, `dt_mod_date`, `s_name`, `s_username`, `s_password`, `s_secret`, `s_email`, `s_website`, `s_phone_land`, `s_phone_mobile`, `b_enabled`, `b_active`, `s_pass_code`, `s_pass_date`, `s_pass_ip`, `fk_c_country_code`, `s_country`, `s_address`, `s_zip`, `fk_i_region_id`, `s_region`, `fk_i_city_id`, `s_city`, `fk_i_city_area_id`, `s_city_area`, `d_coord_lat`, `d_coord_long`, `b_company`, `i_items`, `i_comments`, `dt_access_date`, `s_access_ip`) VALUES
(1, '2015-08-14 15:37:58', NULL, 'Алексей', '1', '$2y$15$cT0zOmjtGgUceSKm7lOKPOSSFf1s6GDfPNGCBupp3EFaXA2rTFL7y', 'rpo3jHxj', 'atklimited@gmail.com', '', '', '', 1, 0, NULL, NULL, NULL, NULL, '', '', '', NULL, '', NULL, '', NULL, '', NULL, NULL, 0, 3, 0, '0000-00-00 00:00:00', '');

-- --------------------------------------------------------

--
-- Структура таблицы `oc_t_user_description`
--

CREATE TABLE IF NOT EXISTS `oc_t_user_description` (
  `fk_i_user_id` int(10) unsigned NOT NULL,
  `fk_c_locale_code` char(5) NOT NULL,
  `s_info` text,
  PRIMARY KEY (`fk_i_user_id`,`fk_c_locale_code`),
  KEY `fk_c_locale_code` (`fk_c_locale_code`)
) ENGINE=InnoDB DEFAULT CHARSET=utf8;

-- --------------------------------------------------------

--
-- Структура таблицы `oc_t_user_email_tmp`
--

CREATE TABLE IF NOT EXISTS `oc_t_user_email_tmp` (
  `fk_i_user_id` int(10) unsigned NOT NULL,
  `s_new_email` varchar(100) NOT NULL,
  `dt_date` datetime NOT NULL,
  PRIMARY KEY (`fk_i_user_id`)
) ENGINE=InnoDB DEFAULT CHARSET=utf8;

-- --------------------------------------------------------

--
-- Структура таблицы `oc_t_widget`
--

CREATE TABLE IF NOT EXISTS `oc_t_widget` (
  `pk_i_id` int(10) unsigned NOT NULL AUTO_INCREMENT,
  `s_description` varchar(40) NOT NULL,
  `s_location` varchar(40) NOT NULL,
  `e_kind` enum('TEXT','HTML') NOT NULL,
  `s_content` mediumtext NOT NULL,
  PRIMARY KEY (`pk_i_id`)
) ENGINE=InnoDB DEFAULT CHARSET=utf8 AUTO_INCREMENT=1 ;

--
-- Ограничения внешнего ключа сохраненных таблиц
--

--
-- Ограничения внешнего ключа таблицы `oc_t_category`
--
ALTER TABLE `oc_t_category`
  ADD CONSTRAINT `oc_t_category_ibfk_1` FOREIGN KEY (`fk_i_parent_id`) REFERENCES `oc_t_category` (`pk_i_id`);

--
-- Ограничения внешнего ключа таблицы `oc_t_category_description`
--
ALTER TABLE `oc_t_category_description`
  ADD CONSTRAINT `oc_t_category_description_ibfk_1` FOREIGN KEY (`fk_i_category_id`) REFERENCES `oc_t_category` (`pk_i_id`),
  ADD CONSTRAINT `oc_t_category_description_ibfk_2` FOREIGN KEY (`fk_c_locale_code`) REFERENCES `oc_t_locale` (`pk_c_code`);

--
-- Ограничения внешнего ключа таблицы `oc_t_category_stats`
--
ALTER TABLE `oc_t_category_stats`
  ADD CONSTRAINT `oc_t_category_stats_ibfk_1` FOREIGN KEY (`fk_i_category_id`) REFERENCES `oc_t_category` (`pk_i_id`);

--
-- Ограничения внешнего ключа таблицы `oc_t_city`
--
ALTER TABLE `oc_t_city`
  ADD CONSTRAINT `oc_t_city_ibfk_1` FOREIGN KEY (`fk_i_region_id`) REFERENCES `oc_t_region` (`pk_i_id`),
  ADD CONSTRAINT `oc_t_city_ibfk_2` FOREIGN KEY (`fk_c_country_code`) REFERENCES `oc_t_country` (`pk_c_code`);

--
-- Ограничения внешнего ключа таблицы `oc_t_city_area`
--
ALTER TABLE `oc_t_city_area`
  ADD CONSTRAINT `oc_t_city_area_ibfk_1` FOREIGN KEY (`fk_i_city_id`) REFERENCES `oc_t_city` (`pk_i_id`);

--
-- Ограничения внешнего ключа таблицы `oc_t_city_stats`
--
ALTER TABLE `oc_t_city_stats`
  ADD CONSTRAINT `oc_t_city_stats_ibfk_1` FOREIGN KEY (`fk_i_city_id`) REFERENCES `oc_t_city` (`pk_i_id`);

--
-- Ограничения внешнего ключа таблицы `oc_t_country_stats`
--
ALTER TABLE `oc_t_country_stats`
  ADD CONSTRAINT `oc_t_country_stats_ibfk_1` FOREIGN KEY (`fk_c_country_code`) REFERENCES `oc_t_country` (`pk_c_code`);

--
-- Ограничения внешнего ключа таблицы `oc_t_item`
--
ALTER TABLE `oc_t_item`
  ADD CONSTRAINT `oc_t_item_ibfk_1` FOREIGN KEY (`fk_i_user_id`) REFERENCES `oc_t_user` (`pk_i_id`),
  ADD CONSTRAINT `oc_t_item_ibfk_2` FOREIGN KEY (`fk_i_category_id`) REFERENCES `oc_t_category` (`pk_i_id`),
  ADD CONSTRAINT `oc_t_item_ibfk_3` FOREIGN KEY (`fk_c_currency_code`) REFERENCES `oc_t_currency` (`pk_c_code`);

--
-- Ограничения внешнего ключа таблицы `oc_t_item_comment`
--
ALTER TABLE `oc_t_item_comment`
  ADD CONSTRAINT `oc_t_item_comment_ibfk_1` FOREIGN KEY (`fk_i_item_id`) REFERENCES `oc_t_item` (`pk_i_id`),
  ADD CONSTRAINT `oc_t_item_comment_ibfk_2` FOREIGN KEY (`fk_i_user_id`) REFERENCES `oc_t_user` (`pk_i_id`);

--
-- Ограничения внешнего ключа таблицы `oc_t_item_location`
--
ALTER TABLE `oc_t_item_location`
  ADD CONSTRAINT `oc_t_item_location_ibfk_1` FOREIGN KEY (`fk_i_item_id`) REFERENCES `oc_t_item` (`pk_i_id`),
  ADD CONSTRAINT `oc_t_item_location_ibfk_2` FOREIGN KEY (`fk_c_country_code`) REFERENCES `oc_t_country` (`pk_c_code`),
  ADD CONSTRAINT `oc_t_item_location_ibfk_3` FOREIGN KEY (`fk_i_region_id`) REFERENCES `oc_t_region` (`pk_i_id`),
  ADD CONSTRAINT `oc_t_item_location_ibfk_4` FOREIGN KEY (`fk_i_city_id`) REFERENCES `oc_t_city` (`pk_i_id`),
  ADD CONSTRAINT `oc_t_item_location_ibfk_5` FOREIGN KEY (`fk_i_city_area_id`) REFERENCES `oc_t_city_area` (`pk_i_id`);

--
-- Ограничения внешнего ключа таблицы `oc_t_item_meta`
--
ALTER TABLE `oc_t_item_meta`
  ADD CONSTRAINT `oc_t_item_meta_ibfk_1` FOREIGN KEY (`fk_i_item_id`) REFERENCES `oc_t_item` (`pk_i_id`),
  ADD CONSTRAINT `oc_t_item_meta_ibfk_2` FOREIGN KEY (`fk_i_field_id`) REFERENCES `oc_t_meta_fields` (`pk_i_id`);

--
-- Ограничения внешнего ключа таблицы `oc_t_item_resource`
--
ALTER TABLE `oc_t_item_resource`
  ADD CONSTRAINT `oc_t_item_resource_ibfk_1` FOREIGN KEY (`fk_i_item_id`) REFERENCES `oc_t_item` (`pk_i_id`);

--
-- Ограничения внешнего ключа таблицы `oc_t_item_stats`
--
ALTER TABLE `oc_t_item_stats`
  ADD CONSTRAINT `oc_t_item_stats_ibfk_1` FOREIGN KEY (`fk_i_item_id`) REFERENCES `oc_t_item` (`pk_i_id`);

--
-- Ограничения внешнего ключа таблицы `oc_t_keywords`
--
ALTER TABLE `oc_t_keywords`
  ADD CONSTRAINT `oc_t_keywords_ibfk_1` FOREIGN KEY (`fk_i_category_id`) REFERENCES `oc_t_category` (`pk_i_id`),
  ADD CONSTRAINT `oc_t_keywords_ibfk_2` FOREIGN KEY (`fk_i_city_id`) REFERENCES `oc_t_city` (`pk_i_id`),
  ADD CONSTRAINT `oc_t_keywords_ibfk_3` FOREIGN KEY (`fk_c_locale_code`) REFERENCES `oc_t_locale` (`pk_c_code`);

--
-- Ограничения внешнего ключа таблицы `oc_t_meta_categories`
--
ALTER TABLE `oc_t_meta_categories`
  ADD CONSTRAINT `oc_t_meta_categories_ibfk_1` FOREIGN KEY (`fk_i_category_id`) REFERENCES `oc_t_category` (`pk_i_id`),
  ADD CONSTRAINT `oc_t_meta_categories_ibfk_2` FOREIGN KEY (`fk_i_field_id`) REFERENCES `oc_t_meta_fields` (`pk_i_id`);

--
-- Ограничения внешнего ключа таблицы `oc_t_pages_description`
--
ALTER TABLE `oc_t_pages_description`
  ADD CONSTRAINT `oc_t_pages_description_ibfk_1` FOREIGN KEY (`fk_i_pages_id`) REFERENCES `oc_t_pages` (`pk_i_id`),
  ADD CONSTRAINT `oc_t_pages_description_ibfk_2` FOREIGN KEY (`fk_c_locale_code`) REFERENCES `oc_t_locale` (`pk_c_code`);

--
-- Ограничения внешнего ключа таблицы `oc_t_plugin_category`
--
ALTER TABLE `oc_t_plugin_category`
  ADD CONSTRAINT `oc_t_plugin_category_ibfk_1` FOREIGN KEY (`fk_i_category_id`) REFERENCES `oc_t_category` (`pk_i_id`);

--
-- Ограничения внешнего ключа таблицы `oc_t_region`
--
ALTER TABLE `oc_t_region`
  ADD CONSTRAINT `oc_t_region_ibfk_1` FOREIGN KEY (`fk_c_country_code`) REFERENCES `oc_t_country` (`pk_c_code`);

--
-- Ограничения внешнего ключа таблицы `oc_t_region_stats`
--
ALTER TABLE `oc_t_region_stats`
  ADD CONSTRAINT `oc_t_region_stats_ibfk_1` FOREIGN KEY (`fk_i_region_id`) REFERENCES `oc_t_region` (`pk_i_id`);

--
-- Ограничения внешнего ключа таблицы `oc_t_user`
--
ALTER TABLE `oc_t_user`
  ADD CONSTRAINT `oc_t_user_ibfk_1` FOREIGN KEY (`fk_c_country_code`) REFERENCES `oc_t_country` (`pk_c_code`),
  ADD CONSTRAINT `oc_t_user_ibfk_2` FOREIGN KEY (`fk_i_region_id`) REFERENCES `oc_t_region` (`pk_i_id`),
  ADD CONSTRAINT `oc_t_user_ibfk_3` FOREIGN KEY (`fk_i_city_id`) REFERENCES `oc_t_city` (`pk_i_id`),
  ADD CONSTRAINT `oc_t_user_ibfk_4` FOREIGN KEY (`fk_i_city_area_id`) REFERENCES `oc_t_city_area` (`pk_i_id`);

--
-- Ограничения внешнего ключа таблицы `oc_t_user_description`
--
ALTER TABLE `oc_t_user_description`
  ADD CONSTRAINT `oc_t_user_description_ibfk_1` FOREIGN KEY (`fk_i_user_id`) REFERENCES `oc_t_user` (`pk_i_id`),
  ADD CONSTRAINT `oc_t_user_description_ibfk_2` FOREIGN KEY (`fk_c_locale_code`) REFERENCES `oc_t_locale` (`pk_c_code`);

--
-- Ограничения внешнего ключа таблицы `oc_t_user_email_tmp`
--
ALTER TABLE `oc_t_user_email_tmp`
  ADD CONSTRAINT `oc_t_user_email_tmp_ibfk_1` FOREIGN KEY (`fk_i_user_id`) REFERENCES `oc_t_user` (`pk_i_id`);

/*!40101 SET CHARACTER_SET_CLIENT=@OLD_CHARACTER_SET_CLIENT */;
/*!40101 SET CHARACTER_SET_RESULTS=@OLD_CHARACTER_SET_RESULTS */;
/*!40101 SET COLLATION_CONNECTION=@OLD_COLLATION_CONNECTION */;
